kabkota,kode_prov,provinsi,pulau,tipe,buah_b__alpokat,buah_b__apel,buah_b__buah_buahan_lainnya,buah_b__duku_langsat,buah_b__durian,buah_b__jambu_biji,buah_b__jeruk_jeruk_bali,buah_b__mangga,buah_b__pepaya,buah_b__pisang_ambon,buah_b__pisang_lainnya,buah_b__rambutan,buah_b__salak,buah_b__semangka,buah_b__tomat_buah,daging__daging_ayam_kampung,daging__daging_ayam_ras,daging__daging_babi,daging__daging_diawetkan_lainnya,daging__daging_kambing_domba_biri_biri,daging__daging_sapi,daging__daging_segar_lainnya,daging__lainnya_hati_jeroan_iga_kaki_buntut_kepa,daging__tetelan_sandung_lamur,ikan__bandeng,ikan__bandeng_diawetkan,ikan__baronang,ikan__bawal,ikan__cakalang_dencis,ikan__cumi_cumi_sotong_gurita,ikan__cumi_cumi_sotong_gurita_diawetkan,ikan__ekor_kuning,ikan__gabus,ikan__gabus_diawetkan,ikan__gurame,ikan__ikan_dalam_kaleng_sardencis_tuna_dalam_k,ikan__ikan_diawetkan_lainnya,ikan__ikan_segar_basah_lainnya,ikan__kakap,ikan__kembung_diawetkan_peda,ikan__kembung_lema_tatare_banyar_banyara,ikan__kerang_siput_bekicot_remis,ikan__ketam_kepiting_rajungan,ikan__lele,ikan__mas,ikan__mas_nila,ikan__mujair,ikan__nila,ikan__patin,ikan__selar,ikan__selar_diawetkan,ikan__sepat_diawetkan,ikan__tenggiri,ikan__tenggiri_diawetkan,ikan__teri,ikan__teri_diawetkan,ikan__tongkol,ikan__tongkol_tuna_cakalang_dencis_ikan_kayu,ikan__tongkol_tuna_cakalang_diawetkan,ikan__tuna,ikan__udang_dan_hewan_air_lainnya_yang_diawetk,ikan__udang_dan_hewan_air_lainnya_yang_segar_l,ikan__udang_diawetkan_ebi_rebon,ikan__udang_lobster,makana__air_kemasan,makana__air_kemasan_galon,makana__air_teh_kemasan_minuman_bersoda_mengandu,makana__ayam_daging_matang_ayam_goreng_rendang_d,makana__bubur_ayam,makana__bubur_kacang_hijau,makana__daging_olahan_matang_sosis_nugget_daging,makana__es_krim,makana__es_lainnya,makana__gado_gado_ketoprak_pecel,makana__ikan_matang,makana__kue_basah_kue_lapis_bika_ambon_lemper_ds,makana__kue_kering_biskuit_semprong,makana__lontong_ketupat_sayur,makana__makanan_gorengan,makana__makanan_gorengan_tahu_tempe_bakwan_pisan,makana__makanan_jadi_lainnya,makana__makanan_ringan_anak_anak_krupuk_kripik,makana__mie_bakso_mie_rebus_mie_goreng,makana__mie_instan,makana__minuman_jadi_kopi_kopi_susu_teh_susu_cok,makana__minuman_keras,makana__nasi_campur_rames,makana__nasi_goreng,makana__nasi_putih,makana__roti_manis_roti_lainnya,makana__roti_tawar,makana__sari_buah_kemasan_minuman_kesehatan_minu,makana__sate_tongseng,makana__sayur_matang_ditumis_disantan_dsb,makana__siomay_batagor,makana__soto_gule_sop_rawon_cincang,padi_p__beras_beras_lokal_kualitas_unggul_impor,padi_p__beras_ketan,padi_p__jagung_basah_dengan_kulit,padi_p__jagung_pipilan_beras_jagung_jagung_titil,padi_p__padi_padian_lainnya,padi_p__tepung_terigu,rokok___rokok_dan_tembakau_lainnya,rokok___rokok_kretek_filter,rokok___rokok_kretek_tanpa_filter,rokok___rokok_putih,rokok___tembakau,sayur___bahan_sayur_asam_lodeh_paket,sayur___bahan_sayur_sop_cap_cay_kimlo_paket,sayur___bawang_bombay,sayur___bawang_merah,sayur___bawang_putih,sayur___bayam,sayur___buncis,sayur___cabe_hijau,sayur___cabe_merah,sayur___cabe_rawit,sayur___daun_ketela_pohon_daun_singkong,sayur___jengkol,sayur___kacang_panjang,sayur___kangkung,sayur___kol_kubis,sayur___labu_labu_siam_labu_parang,sayur___mentimun,sayur___nangka_muda,sayur___pepaya_muda,sayur___sawi_hijau,sayur___sawi_putih_petsai,sayur___sayur_sayuran_lainnya,sayur___tauge,sayur___terong,sayur___tomat_sayur_tomat_ceri,sayur___wortel,telur___susu_bubuk,telur___susu_bubuk_bayi,telur___susu_cair_pabrik,telur___susu_kental_manis,telur___susu_lainnya_dan_hasil_lain_dari_susu,telur___telur_ayam_kampung,telur___telur_ayam_ras,telur___telur_itik_telur_itik_manila,telur___telur_lainnya_telur_puyuh_telur_asin_men
Simeulue,11,Aceh,Sumatera,Kabupaten,0.012,0.008,0.02,0.003,0.0,0.003,0.037,0.008,0.025,0.005,0.063,0.001,0.022,0.019,0.018,0.012,0.017,0.0,0.0,0.0,0.0,0.001,0.0,0.0,0.0,0.0,0.008,0.0,0.027,0.03,0.0,0.016,0.01,0.0,0.005,0.004,0.021,0.103,0.045,0.003,0.12,0.005,0.004,0.006,0.0,0.0,0.005,0.001,0.0,0.045,0.003,0.0,0.008,0.001,0.033,0.043,0.258,0.0,0.004,0.006,0.0,0.001,0.002,0.014,0.009,0.449,0.057,0.034,0.001,0.038,0.029,0.14,0.191,0.008,0.197,3.329,0.191,0.328,0.052,1.469,0.029,0.328,0.321,0.085,1.317,0.0,0.052,0.189,0.107,0.456,0.075,0.066,0.081,0.079,0.02,0.004,1.806,0.006,0.006,0.0,0.0,0.007,1.679,10.138,3.929,1.498,0.001,0.0,0.0,0.001,0.178,0.644,0.014,0.003,0.003,0.069,0.039,0.068,0.0,0.016,0.07,0.03,0.008,0.023,0.012,0.006,0.009,0.004,0.007,0.01,0.043,0.025,0.018,0.004,0.015,0.008,0.034,0.0,0.079,1.7,0.002,0.005
Aceh Singkil,11,Aceh,Sumatera,Kabupaten,0.008,0.014,0.016,0.015,0.008,0.0,0.207,0.007,0.017,0.006,0.023,0.002,0.114,0.101,0.003,0.019,0.093,0.001,0.005,0.0,0.002,0.0,0.002,0.0,0.0,0.001,0.0,0.0,0.084,0.011,0.0,0.004,0.034,0.008,0.001,0.002,0.043,0.077,0.004,0.031,0.032,0.002,0.005,0.032,0.011,0.0,0.007,0.095,0.006,0.024,0.002,0.003,0.0,0.001,0.005,0.086,0.213,0.0,0.008,0.005,0.001,0.002,0.008,0.023,0.054,0.223,0.091,0.034,0.022,0.098,0.893,0.334,0.477,0.101,0.129,1.593,0.111,0.156,0.072,2.268,0.049,0.832,0.384,0.097,0.705,0.004,0.113,0.114,0.138,1.139,0.263,0.04,0.116,0.091,0.108,0.05,1.787,0.004,0.019,0.004,0.0,0.028,0.031,13.897,3.944,1.13,0.011,0.002,0.001,0.007,0.304,0.779,0.071,0.024,0.016,0.099,0.025,0.053,0.009,0.061,0.11,0.052,0.019,0.044,0.005,0.002,0.044,0.039,0.006,0.012,0.074,0.129,0.043,0.021,0.036,0.045,0.042,0.026,0.058,2.122,0.006,0.055
Aceh Selatan,11,Aceh,Sumatera,Kabupaten,0.004,0.008,0.012,0.032,0.001,0.001,0.137,0.008,0.036,0.01,0.034,0.002,0.095,0.066,0.077,0.006,0.056,0.0,0.0,0.0,0.002,0.002,0.0,0.0,0.006,0.002,0.002,0.0,0.086,0.005,0.0,0.063,0.008,0.001,0.0,0.002,0.035,0.08,0.015,0.017,0.063,0.008,0.001,0.01,0.002,0.0,0.01,0.018,0.001,0.034,0.004,0.0,0.004,0.008,0.037,0.125,0.253,0.0,0.03,0.013,0.003,0.005,0.036,0.02,0.1,0.201,0.181,0.033,0.009,0.047,0.041,0.242,0.144,0.027,0.022,2.751,0.17,0.093,0.074,2.548,0.075,0.619,0.519,0.129,0.981,0.001,0.365,0.124,0.031,0.737,0.186,0.149,0.061,0.033,0.214,0.017,1.791,0.005,0.021,0.001,0.0,0.022,0.01,13.161,6.398,0.375,0.014,0.025,0.047,0.006,0.195,0.505,0.045,0.008,0.004,0.078,0.048,0.024,0.015,0.029,0.076,0.043,0.014,0.051,0.014,0.004,0.02,0.013,0.013,0.016,0.083,0.041,0.045,0.002,0.008,0.006,0.037,0.001,0.163,1.672,0.018,0.054
Aceh Tenggara,11,Aceh,Sumatera,Kabupaten,0.006,0.01,0.031,0.003,0.001,0.001,0.101,0.008,0.035,0.003,0.04,0.001,0.077,0.108,0.099,0.011,0.115,0.008,0.001,0.001,0.007,0.003,0.003,0.001,0.003,0.002,0.0,0.0,0.029,0.002,0.008,0.0,0.003,0.011,0.0,0.003,0.133,0.004,0.001,0.11,0.015,0.001,0.0,0.015,0.149,0.0,0.142,0.006,0.0,0.001,0.045,0.006,0.0,0.008,0.001,0.439,0.082,0.0,0.005,0.001,0.018,0.002,0.055,0.006,0.048,0.091,0.114,0.065,0.015,0.107,1.031,0.273,0.14,0.023,0.119,1.321,0.32,0.623,0.025,3.053,0.11,0.916,0.372,0.109,1.605,0.039,0.054,0.18,0.228,0.67,0.131,0.248,0.063,0.1,0.464,0.028,1.765,0.007,0.019,0.0,0.001,0.021,0.003,14.658,6.648,1.007,0.012,0.001,0.004,0.008,0.261,0.671,0.059,0.014,0.013,0.109,0.043,0.069,0.002,0.037,0.072,0.05,0.012,0.013,0.013,0.008,0.02,0.028,0.019,0.021,0.049,0.043,0.024,0.01,0.017,0.013,0.019,0.0,0.024,1.69,0.169,0.026
Aceh Timur,11,Aceh,Sumatera,Kabupaten,0.002,0.005,0.008,0.017,0.005,0.009,0.11,0.017,0.041,0.004,0.031,0.003,0.082,0.108,0.038,0.039,0.083,0.0,0.0,0.001,0.005,0.0,0.001,0.0,0.119,0.001,0.0,0.004,0.064,0.013,0.001,0.022,0.01,0.001,0.0,0.005,0.039,0.036,0.01,0.035,0.061,0.005,0.002,0.005,0.0,0.0,0.03,0.005,0.003,0.026,0.019,0.0,0.003,0.004,0.023,0.09,0.17,0.0,0.024,0.027,0.002,0.005,0.008,0.036,0.094,0.164,0.169,0.046,0.034,0.201,0.746,0.505,0.091,0.06,0.049,2.504,0.165,0.408,0.118,2.994,0.057,0.553,0.573,0.116,1.769,0.001,0.247,0.293,0.062,0.829,0.364,0.126,0.129,0.106,0.259,0.014,1.666,0.004,0.02,0.001,0.0,0.022,0.0,15.686,3.026,1.215,0.001,0.098,0.026,0.033,0.281,0.597,0.052,0.007,0.026,0.046,0.03,0.033,0.01,0.039,0.065,0.026,0.017,0.026,0.02,0.034,0.011,0.007,0.015,0.019,0.035,0.035,0.023,0.004,0.008,0.019,0.028,0.001,0.07,1.454,0.039,0.056
Aceh Tengah,11,Aceh,Sumatera,Kabupaten,0.026,0.021,0.012,0.027,0.363,0.023,0.131,0.016,0.043,0.009,0.083,0.008,0.05,0.054,0.056,0.018,0.073,0.001,0.001,0.0,0.004,0.0,0.0,0.0,0.168,0.003,0.0,0.003,0.035,0.001,0.0,0.004,0.007,0.0,0.0,0.041,0.091,0.004,0.0,0.027,0.047,0.0,0.0,0.01,0.004,0.0,0.065,0.045,0.0,0.001,0.007,0.004,0.0,0.004,0.001,0.072,0.07,0.0,0.014,0.007,0.0,0.001,0.002,0.022,0.076,0.091,0.043,0.029,0.028,0.056,0.354,0.224,0.037,0.088,0.048,2.534,0.623,0.218,0.173,3.193,0.047,1.081,0.716,0.048,0.614,0.0,0.405,0.12,0.06,1.056,0.124,0.146,0.091,0.05,0.543,0.031,1.756,0.005,0.01,0.0,0.0,0.042,0.0,14.471,8.128,0.415,0.025,0.02,0.015,0.049,0.277,0.674,0.055,0.052,0.031,0.084,0.058,0.049,0.006,0.045,0.088,0.055,0.095,0.018,0.005,0.002,0.043,0.03,0.082,0.023,0.064,0.079,0.016,0.005,0.011,0.027,0.047,0.0,0.043,2.372,0.009,0.06
Aceh Barat,11,Aceh,Sumatera,Kabupaten,0.008,0.009,0.09,0.016,0.006,0.011,0.127,0.008,0.068,0.006,0.087,0.003,0.101,0.13,0.104,0.035,0.076,0.0,0.0,0.0,0.001,0.003,0.0,0.002,0.032,0.006,0.0,0.005,0.121,0.01,0.002,0.009,0.028,0.007,0.0,0.02,0.029,0.077,0.015,0.064,0.058,0.017,0.002,0.029,0.004,0.0,0.004,0.028,0.001,0.009,0.011,0.002,0.002,0.005,0.015,0.068,0.145,0.0,0.017,0.08,0.0,0.004,0.056,0.051,0.06,0.308,0.13,0.1,0.007,0.108,0.176,0.236,0.219,0.03,0.035,3.34,0.319,0.149,0.197,4.015,0.107,0.646,0.763,0.19,2.105,0.001,0.752,0.302,0.119,1.601,0.174,0.185,0.052,0.126,0.178,0.046,1.586,0.019,0.038,0.003,0.001,0.017,0.058,12.054,3.794,3.121,0.011,0.014,0.032,0.04,0.174,0.53,0.058,0.005,0.007,0.054,0.052,0.061,0.011,0.05,0.065,0.021,0.023,0.034,0.008,0.002,0.026,0.002,0.045,0.023,0.036,0.031,0.033,0.003,0.007,0.048,0.038,0.001,0.14,1.565,0.108,0.234
Aceh Besar,11,Aceh,Sumatera,Kabupaten,0.006,0.01,0.026,0.003,0.004,0.008,0.107,0.008,0.061,0.014,0.06,0.009,0.061,0.051,0.0,0.024,0.098,0.0,0.002,0.0,0.004,0.001,0.001,0.0,0.032,0.0,0.0,0.0,0.095,0.015,0.007,0.023,0.005,0.001,0.0,0.012,0.004,0.009,0.004,0.012,0.04,0.003,0.004,0.008,0.0,0.0,0.017,0.007,0.0,0.007,0.002,0.002,0.002,0.004,0.029,0.123,0.26,0.0,0.043,0.058,0.0,0.003,0.019,0.037,0.112,0.4,0.118,0.14,0.027,0.073,0.199,0.314,0.117,0.023,0.293,3.85,0.451,0.231,0.204,2.942,0.094,0.529,0.485,0.126,1.998,0.001,0.233,0.3,0.369,0.966,0.234,0.161,0.062,0.223,0.484,0.012,1.566,0.004,0.028,0.001,0.001,0.019,0.042,7.59,4.062,0.844,0.022,0.018,0.016,0.013,0.195,0.507,0.058,0.01,0.022,0.062,0.028,0.025,0.0,0.027,0.05,0.029,0.009,0.027,0.019,0.025,0.015,0.003,0.02,0.025,0.036,0.112,0.042,0.007,0.011,0.031,0.02,0.015,0.067,2.175,0.058,0.084
Pidie,11,Aceh,Sumatera,Kabupaten,0.013,0.006,0.014,0.019,0.028,0.002,0.113,0.013,0.042,0.009,0.037,0.007,0.09,0.04,0.001,0.014,0.056,0.0,0.001,0.0,0.002,0.004,0.0,0.0,0.091,0.0,0.002,0.0,0.08,0.005,0.0,0.013,0.002,0.0,0.0,0.001,0.006,0.009,0.001,0.029,0.065,0.002,0.001,0.002,0.0,0.0,0.022,0.003,0.0,0.005,0.011,0.003,0.004,0.003,0.043,0.028,0.188,0.0,0.013,0.012,0.0,0.001,0.012,0.049,0.125,0.219,0.143,0.05,0.01,0.152,0.1,0.362,0.154,0.056,0.025,3.381,0.343,0.355,0.273,3.106,0.021,0.574,0.697,0.104,2.219,0.0,0.254,0.353,0.012,0.561,0.14,0.258,0.066,0.051,0.276,0.003,1.836,0.013,0.006,0.0,0.001,0.015,0.001,6.67,2.303,1.203,0.004,0.105,0.09,0.063,0.163,0.558,0.053,0.009,0.022,0.052,0.021,0.012,0.0,0.033,0.047,0.015,0.016,0.03,0.01,0.013,0.014,0.003,0.014,0.025,0.029,0.096,0.024,0.002,0.007,0.004,0.011,0.028,0.061,1.621,0.075,0.049
Bireuen,11,Aceh,Sumatera,Kabupaten,0.007,0.016,0.029,0.004,0.022,0.004,0.122,0.006,0.072,0.004,0.067,0.003,0.092,0.056,0.057,0.022,0.06,0.0,0.001,0.0,0.005,0.004,0.001,0.0,0.117,0.008,0.0,0.001,0.069,0.009,0.0,0.009,0.004,0.002,0.0,0.002,0.032,0.019,0.003,0.028,0.042,0.001,0.001,0.002,0.0,0.0,0.045,0.002,0.0,0.021,0.029,0.015,0.0,0.002,0.037,0.055,0.244,0.0,0.057,0.008,0.0,0.002,0.005,0.049,0.213,0.19,0.218,0.095,0.004,0.093,0.398,0.392,0.189,0.033,0.085,4.004,0.485,0.379,0.114,2.943,0.174,0.728,0.636,0.164,2.104,0.0,0.514,0.298,0.07,0.865,0.181,0.196,0.065,0.08,0.426,0.011,1.553,0.012,0.028,0.0,0.001,0.019,0.012,7.521,3.291,0.108,0.002,0.093,0.105,0.025,0.193,0.586,0.049,0.002,0.023,0.062,0.022,0.032,0.001,0.024,0.069,0.024,0.019,0.024,0.008,0.031,0.007,0.01,0.028,0.028,0.032,0.027,0.018,0.005,0.011,0.071,0.01,0.017,0.049,1.722,0.056,0.058
Aceh Utara,11,Aceh,Sumatera,Kabupaten,0.009,0.006,0.006,0.013,0.015,0.005,0.093,0.01,0.051,0.002,0.04,0.007,0.077,0.078,0.027,0.027,0.09,0.0,0.0,0.001,0.002,0.0,0.0,0.0,0.102,0.008,0.0,0.0,0.041,0.01,0.001,0.03,0.005,0.004,0.003,0.002,0.005,0.016,0.004,0.038,0.065,0.001,0.002,0.006,0.001,0.0,0.054,0.003,0.001,0.018,0.023,0.011,0.004,0.005,0.028,0.069,0.161,0.0,0.027,0.019,0.0,0.008,0.024,0.028,0.026,0.176,0.051,0.049,0.015,0.128,0.447,0.303,0.125,0.061,0.033,2.427,0.264,0.305,0.107,2.116,0.087,0.532,0.603,0.089,2.045,0.0,0.094,0.284,0.076,0.378,0.07,0.129,0.048,0.086,0.548,0.009,1.458,0.016,0.02,0.001,0.0,0.023,0.0,6.705,4.298,0.092,0.001,0.088,0.043,0.018,0.27,0.517,0.052,0.006,0.032,0.06,0.04,0.024,0.017,0.03,0.05,0.014,0.017,0.026,0.01,0.017,0.007,0.002,0.01,0.023,0.023,0.039,0.02,0.001,0.008,0.001,0.026,0.002,0.04,1.296,0.052,0.091
Aceh Barat Daya,11,Aceh,Sumatera,Kabupaten,0.008,0.015,0.012,0.008,0.0,0.005,0.1,0.009,0.031,0.004,0.059,0.001,0.104,0.066,0.125,0.023,0.06,0.0,0.0,0.0,0.002,0.003,0.0,0.0,0.002,0.0,0.0,0.0,0.104,0.006,0.0,0.013,0.012,0.0,0.001,0.001,0.034,0.045,0.009,0.018,0.044,0.008,0.001,0.008,0.001,0.0,0.009,0.024,0.001,0.036,0.018,0.004,0.006,0.003,0.061,0.164,0.203,0.0,0.023,0.113,0.004,0.0,0.038,0.023,0.247,0.198,0.281,0.028,0.003,0.077,0.232,0.263,0.19,0.012,0.081,2.774,0.663,0.108,0.152,3.257,0.194,0.811,0.766,0.168,1.04,0.0,0.594,0.249,0.115,0.77,0.152,0.249,0.068,0.086,0.167,0.036,1.75,0.005,0.013,0.0,0.0,0.021,0.006,15.951,7.835,0.483,0.01,0.008,0.015,0.0,0.162,0.596,0.059,0.006,0.002,0.077,0.047,0.022,0.004,0.025,0.067,0.014,0.014,0.046,0.009,0.009,0.023,0.014,0.02,0.014,0.059,0.009,0.024,0.003,0.009,0.036,0.025,0.016,0.035,1.691,0.037,0.025
Gayo Lues,11,Aceh,Sumatera,Kabupaten,0.035,0.019,0.027,0.035,0.071,0.016,0.111,0.016,0.071,0.025,0.095,0.016,0.125,0.075,0.026,0.048,0.153,0.001,0.001,0.001,0.016,0.012,0.0,0.001,0.016,0.008,0.0,0.0,0.024,0.004,0.013,0.001,0.001,0.002,0.0,0.055,0.142,0.014,0.0,0.165,0.01,0.001,0.0,0.015,0.123,0.0,0.089,0.009,0.008,0.001,0.008,0.011,0.0,0.009,0.005,0.57,0.055,0.0,0.03,0.008,0.008,0.003,0.05,0.016,0.024,0.185,0.05,0.058,0.027,0.107,0.932,0.427,0.055,0.058,0.082,2.217,0.806,0.802,0.085,4.479,0.13,0.665,0.511,0.107,0.669,0.001,0.561,0.117,0.059,1.345,0.464,0.089,0.245,0.052,0.185,0.014,2.407,0.044,0.042,0.017,0.0,0.013,0.139,18.301,8.583,0.791,0.025,0.002,0.005,0.01,0.252,0.803,0.059,0.022,0.018,0.124,0.051,0.039,0.014,0.064,0.066,0.058,0.053,0.013,0.055,0.014,0.049,0.019,0.04,0.016,0.132,0.137,0.024,0.008,0.005,0.0,0.078,0.0,0.087,1.978,0.296,0.088
Aceh Tamiang,11,Aceh,Sumatera,Kabupaten,0.012,0.013,0.029,0.009,0.002,0.007,0.166,0.014,0.042,0.001,0.063,0.001,0.053,0.086,0.073,0.014,0.112,0.0,0.0,0.0,0.004,0.001,0.0,0.0,0.071,0.0,0.005,0.004,0.087,0.006,0.001,0.004,0.018,0.005,0.001,0.011,0.114,0.085,0.007,0.035,0.047,0.001,0.002,0.02,0.001,0.0,0.031,0.024,0.0,0.012,0.001,0.001,0.001,0.003,0.001,0.093,0.118,0.0,0.007,0.03,0.003,0.002,0.001,0.024,0.04,0.395,0.088,0.261,0.006,0.096,0.829,0.241,0.165,0.044,0.245,1.399,0.334,0.434,0.06,2.152,0.193,0.677,0.454,0.02,0.846,0.0,0.325,0.193,0.012,0.964,0.174,0.089,0.161,0.259,0.498,0.04,1.435,0.005,0.015,0.003,0.0,0.03,0.0,10.223,2.369,1.282,0.0,0.113,0.04,0.021,0.315,0.621,0.057,0.008,0.034,0.063,0.038,0.044,0.005,0.036,0.078,0.021,0.015,0.026,0.004,0.004,0.027,0.016,0.017,0.018,0.045,0.005,0.039,0.01,0.008,0.021,0.051,0.001,0.083,2.095,0.016,0.045
Nagan Raya,11,Aceh,Sumatera,Kabupaten,0.01,0.018,0.027,0.057,0.008,0.006,0.224,0.036,0.072,0.01,0.04,0.013,0.173,0.181,0.114,0.094,0.183,0.0,0.009,0.003,0.01,0.013,0.01,0.002,0.039,0.004,0.002,0.01,0.195,0.008,0.011,0.007,0.053,0.04,0.0,0.074,0.027,0.021,0.008,0.06,0.055,0.028,0.002,0.055,0.011,0.0,0.005,0.083,0.001,0.005,0.017,0.0,0.015,0.021,0.041,0.275,0.253,0.0,0.047,0.068,0.001,0.005,0.107,0.027,0.133,0.382,0.23,0.116,0.033,0.479,0.26,0.457,0.162,0.26,0.069,3.762,0.415,0.31,0.128,4.916,0.025,0.735,0.82,0.261,2.644,0.0,0.886,0.541,0.396,1.33,0.663,0.207,0.255,0.204,0.455,0.067,1.543,0.017,0.06,0.004,0.002,0.077,0.346,9.755,5.46,3.558,0.022,0.014,0.027,0.038,0.334,0.71,0.215,0.024,0.014,0.09,0.061,0.102,0.038,0.14,0.224,0.088,0.048,0.095,0.027,0.03,0.09,0.017,0.012,0.089,0.216,0.129,0.067,0.004,0.013,0.023,0.096,0.005,0.293,1.898,0.197,0.179
Aceh Jaya,11,Aceh,Sumatera,Kabupaten,0.005,0.011,0.091,0.007,0.0,0.002,0.091,0.009,0.073,0.007,0.092,0.001,0.091,0.117,0.108,0.022,0.091,0.0,0.0,0.0,0.003,0.003,0.0,0.0,0.048,0.0,0.0,0.001,0.095,0.018,0.005,0.005,0.025,0.003,0.0,0.076,0.071,0.08,0.008,0.022,0.026,0.059,0.006,0.006,0.0,0.0,0.013,0.026,0.0,0.008,0.003,0.004,0.0,0.001,0.023,0.117,0.15,0.0,0.066,0.068,0.004,0.001,0.061,0.064,0.264,0.168,0.424,0.083,0.0,0.115,0.238,0.338,0.289,0.062,0.091,4.11,0.465,0.126,0.168,3.656,0.118,0.68,0.617,0.231,2.607,0.001,1.213,0.326,0.156,0.693,0.166,0.239,0.061,0.14,0.407,0.037,1.784,0.009,0.031,0.0,0.005,0.013,0.124,12.3,9.682,1.853,0.045,0.005,0.006,0.0,0.202,0.555,0.047,0.006,0.009,0.049,0.042,0.036,0.004,0.054,0.082,0.038,0.02,0.067,0.003,0.005,0.008,0.001,0.046,0.017,0.057,0.01,0.04,0.007,0.009,0.013,0.029,0.0,0.062,2.043,0.071,0.029
Bener Meriah,11,Aceh,Sumatera,Kabupaten,0.038,0.029,0.012,0.039,0.359,0.033,0.151,0.029,0.034,0.026,0.076,0.03,0.078,0.073,0.068,0.029,0.164,0.0,0.0,0.0,0.009,0.0,0.0,0.001,0.167,0.0,0.0,0.008,0.07,0.016,0.005,0.007,0.005,0.0,0.0,0.011,0.065,0.003,0.0,0.01,0.048,0.001,0.002,0.015,0.005,0.0,0.141,0.005,0.001,0.001,0.005,0.005,0.0,0.002,0.008,0.065,0.117,0.0,0.04,0.019,0.003,0.0,0.003,0.045,0.061,0.045,0.098,0.121,0.025,0.093,1.229,0.298,0.047,0.153,0.092,3.505,0.605,0.302,0.148,4.838,0.151,0.867,0.713,0.114,1.023,0.0,0.466,0.233,0.084,1.352,0.626,0.152,0.153,0.124,0.657,0.025,1.868,0.023,0.008,0.001,0.0,0.057,0.0,19.741,6.362,0.23,0.006,0.018,0.017,0.024,0.314,0.737,0.086,0.069,0.049,0.12,0.08,0.058,0.017,0.039,0.112,0.077,0.189,0.027,0.012,0.006,0.035,0.037,0.052,0.036,0.092,0.084,0.032,0.015,0.01,0.004,0.053,0.007,0.072,2.512,0.024,0.048
Pidie Jaya,11,Aceh,Sumatera,Kabupaten,0.013,0.009,0.008,0.009,0.047,0.005,0.151,0.02,0.065,0.02,0.026,0.029,0.1,0.068,0.005,0.025,0.065,0.0,0.0,0.002,0.001,0.002,0.0,0.0,0.098,0.0,0.0,0.0,0.087,0.015,0.0,0.026,0.005,0.0,0.0,0.0,0.0,0.004,0.008,0.049,0.053,0.006,0.006,0.003,0.0,0.0,0.072,0.003,0.001,0.01,0.014,0.006,0.004,0.01,0.071,0.116,0.201,0.0,0.004,0.011,0.0,0.021,0.001,0.04,0.066,0.213,0.058,0.061,0.01,0.312,0.062,0.543,0.058,0.106,0.043,4.91,0.347,0.43,0.193,4.172,0.284,0.483,0.871,0.219,2.456,0.0,0.109,0.444,0.074,0.682,0.355,0.067,0.071,0.047,0.374,0.006,1.807,0.008,0.012,0.001,0.0,0.025,0.0,10.376,3.162,0.155,0.002,0.06,0.033,0.041,0.207,0.625,0.092,0.011,0.023,0.089,0.027,0.008,0.003,0.073,0.076,0.029,0.013,0.029,0.009,0.006,0.023,0.006,0.006,0.05,0.067,0.1,0.038,0.004,0.005,0.008,0.018,0.0,0.042,1.7,0.055,0.048
Kota Banda Aceh,11,Aceh,Sumatera,Kota,0.018,0.024,0.056,0.003,0.013,0.009,0.109,0.016,0.086,0.001,0.085,0.005,0.043,0.105,0.066,0.02,0.142,0.0,0.006,0.0,0.016,0.005,0.002,0.0,0.025,0.0,0.0,0.0,0.083,0.024,0.003,0.002,0.003,0.0,0.0,0.025,0.015,0.023,0.008,0.011,0.05,0.0,0.003,0.006,0.001,0.0,0.025,0.011,0.001,0.002,0.003,0.004,0.001,0.001,0.018,0.08,0.132,0.0,0.009,0.052,0.0,0.001,0.007,0.077,0.216,0.588,0.292,0.303,0.066,0.083,0.606,0.339,0.571,0.051,0.238,4.09,0.463,0.376,0.576,3.024,0.403,0.528,0.673,0.062,2.324,0.002,1.39,0.323,0.163,0.546,0.796,0.313,0.19,0.147,0.357,0.069,1.122,0.001,0.039,0.0,0.002,0.022,0.07,11.328,1.266,0.022,0.003,0.042,0.039,0.048,0.235,0.585,0.036,0.007,0.015,0.063,0.024,0.015,0.002,0.016,0.044,0.021,0.016,0.033,0.002,0.006,0.021,0.011,0.026,0.02,0.024,0.015,0.049,0.017,0.007,0.262,0.035,0.007,0.098,2.624,0.025,0.083
Kota Sabang,11,Aceh,Sumatera,Kota,0.011,0.021,0.031,0.01,0.006,0.002,0.14,0.01,0.112,0.002,0.098,0.012,0.041,0.084,0.002,0.008,0.125,0.0,0.0,0.0,0.006,0.0,0.001,0.0,0.005,0.0,0.001,0.0,0.032,0.02,0.009,0.03,0.0,0.0,0.003,0.012,0.014,0.043,0.015,0.034,0.058,0.0,0.001,0.002,0.001,0.0,0.018,0.005,0.001,0.0,0.002,0.0,0.004,0.004,0.027,0.085,0.23,0.0,0.007,0.021,0.0,0.0,0.018,0.039,0.138,0.549,0.087,0.186,0.04,0.173,0.751,0.37,0.179,0.068,0.401,5.367,0.637,0.415,0.16,3.153,0.108,0.779,0.687,0.13,2.371,0.0,0.582,0.438,0.111,0.68,0.35,0.238,0.107,0.358,0.598,0.055,1.491,0.006,0.01,0.0,0.0,0.023,0.008,12.071,2.518,0.209,0.004,0.043,0.019,0.028,0.291,0.55,0.066,0.017,0.03,0.067,0.033,0.033,0.007,0.024,0.072,0.023,0.01,0.017,0.006,0.009,0.024,0.007,0.019,0.025,0.035,0.084,0.042,0.008,0.017,0.023,0.037,0.004,0.068,2.424,0.037,0.081
Kota Langsa,11,Aceh,Sumatera,Kota,0.008,0.008,0.023,0.01,0.005,0.003,0.187,0.012,0.055,0.003,0.055,0.0,0.039,0.068,0.061,0.007,0.13,0.0,0.003,0.0,0.003,0.0,0.001,0.0,0.06,0.0,0.001,0.002,0.062,0.015,0.003,0.004,0.003,0.005,0.0,0.014,0.057,0.039,0.005,0.01,0.037,0.001,0.002,0.008,0.0,0.0,0.029,0.003,0.0,0.017,0.007,0.001,0.0,0.002,0.01,0.056,0.118,0.0,0.011,0.027,0.0,0.002,0.003,0.055,0.092,0.511,0.132,0.181,0.059,0.081,1.208,0.237,0.144,0.057,0.618,1.8,0.301,0.637,0.13,2.56,0.109,0.51,0.533,0.072,1.299,0.001,0.468,0.256,0.039,0.74,0.193,0.124,0.196,0.414,0.351,0.031,1.285,0.0,0.019,0.0,0.0,0.014,0.0,10.386,0.938,0.206,0.003,0.103,0.065,0.009,0.285,0.518,0.047,0.009,0.022,0.063,0.03,0.041,0.005,0.014,0.063,0.022,0.011,0.032,0.001,0.003,0.02,0.011,0.007,0.015,0.027,0.012,0.036,0.021,0.01,0.037,0.028,0.002,0.029,2.194,0.003,0.103
Kota Lhokseumawe,11,Aceh,Sumatera,Kota,0.007,0.021,0.034,0.001,0.021,0.008,0.116,0.023,0.073,0.0,0.07,0.0,0.074,0.104,0.065,0.016,0.108,0.0,0.003,0.0,0.005,0.005,0.001,0.0,0.109,0.003,0.0,0.001,0.083,0.017,0.001,0.008,0.003,0.0,0.0,0.004,0.018,0.016,0.013,0.031,0.043,0.008,0.004,0.003,0.0,0.0,0.04,0.006,0.0,0.016,0.004,0.0,0.0,0.0,0.028,0.053,0.246,0.0,0.013,0.035,0.0,0.001,0.011,0.077,0.117,0.489,0.151,0.229,0.042,0.162,0.465,0.315,0.377,0.086,0.139,3.272,0.406,0.54,0.19,3.06,0.127,0.659,0.637,0.134,1.686,0.002,0.414,0.407,0.176,0.912,0.209,0.114,0.116,0.242,0.601,0.029,1.379,0.003,0.015,0.0,0.0,0.016,0.0,7.987,1.845,0.516,0.0,0.105,0.091,0.023,0.27,0.654,0.052,0.008,0.039,0.075,0.028,0.02,0.003,0.019,0.059,0.029,0.014,0.018,0.006,0.011,0.015,0.01,0.022,0.025,0.032,0.041,0.039,0.013,0.009,0.089,0.025,0.001,0.032,2.267,0.005,0.04
Kota Subulussalam,11,Aceh,Sumatera,Kota,0.005,0.007,0.021,0.023,0.0,0.0,0.205,0.006,0.025,0.006,0.029,0.002,0.103,0.107,0.083,0.012,0.069,0.003,0.001,0.0,0.001,0.0,0.002,0.0,0.003,0.001,0.0,0.0,0.115,0.006,0.0,0.006,0.032,0.01,0.001,0.01,0.113,0.016,0.0,0.017,0.011,0.0,0.0,0.019,0.017,0.0,0.01,0.079,0.008,0.002,0.003,0.003,0.0,0.003,0.007,0.298,0.108,0.0,0.013,0.009,0.001,0.0,0.014,0.016,0.07,0.071,0.08,0.075,0.012,0.073,0.682,0.295,0.261,0.038,0.054,0.78,0.262,0.228,0.051,2.376,0.037,0.876,0.405,0.121,0.771,0.007,0.142,0.094,0.084,0.645,0.175,0.19,0.103,0.059,0.105,0.02,1.67,0.002,0.02,0.0,0.0,0.021,0.038,12.856,5.294,1.653,0.015,0.007,0.002,0.0,0.216,0.642,0.057,0.022,0.005,0.075,0.012,0.046,0.007,0.037,0.076,0.068,0.016,0.061,0.014,0.004,0.031,0.025,0.017,0.009,0.092,0.068,0.031,0.003,0.004,0.004,0.026,0.03,0.069,1.793,0.001,0.042
Nias,12,Sumatera Utara,Sumatera,Kabupaten,0.001,0.003,0.002,0.005,0.009,0.0,0.012,0.0,0.033,0.031,0.551,0.0,0.002,0.01,0.002,0.035,0.103,0.055,0.0,0.0,0.0,0.001,0.0,0.0,0.0,0.0,0.0,0.005,0.016,0.0,0.0,0.006,0.005,0.002,0.001,0.008,0.376,0.015,0.005,0.173,0.006,0.0,0.0,0.014,0.0,0.0,0.0,0.001,0.0,0.005,0.034,0.029,0.004,0.034,0.0,0.252,0.158,0.0,0.194,0.002,0.0,0.001,0.0,0.0,0.033,0.105,0.071,0.01,0.007,0.027,0.0,0.089,0.16,0.004,0.014,1.433,0.095,0.002,0.018,1.694,0.023,0.396,0.179,0.073,0.382,0.017,0.0,0.015,0.012,0.18,0.057,0.135,0.001,0.017,0.001,0.005,2.296,0.001,0.002,0.0,0.002,0.007,1.206,6.486,2.388,0.822,0.009,0.0,0.0,0.005,0.197,0.471,0.038,0.003,0.002,0.026,0.047,0.186,0.0,0.033,0.149,0.038,0.005,0.022,0.03,0.01,0.001,0.006,0.033,0.003,0.076,0.002,0.009,0.004,0.018,0.0,0.02,0.002,0.141,1.355,0.002,0.0
Mandailing Natal,12,Sumatera Utara,Sumatera,Kabupaten,0.003,0.006,0.011,0.038,0.0,0.001,0.066,0.004,0.029,0.012,0.056,0.004,0.087,0.009,0.008,0.012,0.095,0.0,0.0,0.0,0.003,0.0,0.003,0.0,0.0,0.0,0.0,0.0,0.055,0.006,0.001,0.004,0.004,0.018,0.0,0.041,0.06,0.009,0.001,0.025,0.04,0.0,0.005,0.013,0.076,0.0,0.02,0.02,0.0,0.002,0.032,0.008,0.007,0.025,0.002,0.222,0.066,0.0,0.05,0.002,0.006,0.002,0.05,0.006,0.029,0.07,0.095,0.015,0.02,0.15,0.711,0.267,0.267,0.293,0.027,1.497,0.37,0.837,0.063,3.752,0.161,1.063,0.349,0.108,1.657,0.001,0.104,0.147,0.019,1.959,0.47,0.27,0.247,0.055,0.196,0.189,2.097,0.001,0.002,0.0,0.0,0.008,0.0,14.004,2.902,4.827,0.023,0.002,0.004,0.003,0.134,0.605,0.051,0.017,0.004,0.109,0.025,0.077,0.007,0.048,0.069,0.035,0.025,0.024,0.004,0.003,0.024,0.017,0.014,0.01,0.061,0.068,0.021,0.007,0.004,0.001,0.019,0.0,0.08,1.707,0.053,0.045
Tapanuli Selatan,12,Sumatera Utara,Sumatera,Kabupaten,0.01,0.01,0.007,0.028,0.012,0.0,0.099,0.001,0.066,0.008,0.071,0.012,0.129,0.043,0.028,0.004,0.083,0.001,0.001,0.0,0.001,0.0,0.001,0.0,0.0,0.006,0.0,0.0,0.104,0.002,0.001,0.004,0.01,0.008,0.0,0.043,0.101,0.007,0.0,0.034,0.018,0.0,0.0,0.023,0.058,0.0,0.011,0.025,0.0,0.004,0.015,0.003,0.0,0.004,0.0,0.263,0.068,0.0,0.077,0.002,0.021,0.001,0.083,0.006,0.027,0.02,0.057,0.086,0.002,0.14,0.511,0.226,0.176,0.158,0.011,1.539,0.291,0.458,0.082,3.534,0.136,0.992,0.242,0.059,1.775,0.0,0.067,0.08,0.113,1.586,0.384,0.092,0.154,0.076,0.111,0.078,2.007,0.001,0.004,0.0,0.0,0.012,0.006,14.812,7.764,1.219,0.004,0.0,0.01,0.005,0.221,0.588,0.042,0.025,0.004,0.123,0.019,0.108,0.012,0.036,0.07,0.036,0.031,0.016,0.004,0.014,0.025,0.016,0.023,0.01,0.06,0.098,0.015,0.004,0.002,0.003,0.03,0.001,0.091,1.641,0.027,0.088
Tapanuli Tengah,12,Sumatera Utara,Sumatera,Kabupaten,0.005,0.007,0.025,0.086,0.003,0.004,0.089,0.003,0.037,0.029,0.114,0.0,0.065,0.016,0.095,0.009,0.061,0.005,0.0,0.0,0.0,0.002,0.0,0.0,0.001,0.001,0.004,0.001,0.067,0.01,0.001,0.03,0.008,0.001,0.0,0.001,0.197,0.085,0.002,0.056,0.132,0.007,0.005,0.008,0.006,0.0,0.001,0.01,0.0,0.022,0.054,0.01,0.004,0.008,0.014,0.199,0.122,0.0,0.093,0.02,0.013,0.001,0.008,0.008,0.111,0.108,0.065,0.104,0.001,0.064,0.533,0.186,0.144,0.067,0.249,1.268,0.277,0.415,0.033,2.328,0.123,0.404,0.305,0.033,0.767,0.036,0.203,0.084,0.266,1.109,0.165,0.238,0.102,0.189,0.04,0.015,1.92,0.008,0.004,0.01,0.0,0.008,0.012,12.236,4.468,1.045,0.005,0.0,0.004,0.005,0.196,0.509,0.036,0.01,0.002,0.086,0.013,0.09,0.003,0.013,0.062,0.034,0.021,0.025,0.002,0.002,0.039,0.036,0.012,0.004,0.04,0.015,0.025,0.009,0.011,0.018,0.044,0.005,0.082,1.475,0.014,0.044
Tapanuli Utara,12,Sumatera Utara,Sumatera,Kabupaten,0.015,0.017,0.021,0.051,0.031,0.004,0.14,0.004,0.044,0.02,0.103,0.003,0.063,0.014,0.169,0.018,0.086,0.055,0.001,0.0,0.0,0.008,0.0,0.0,0.0,0.003,0.0,0.002,0.071,0.002,0.0,0.001,0.001,0.019,0.0,0.005,0.621,0.002,0.002,0.124,0.018,0.0,0.0,0.037,0.04,0.0,0.129,0.011,0.0,0.001,0.036,0.005,0.0,0.015,0.003,0.684,0.07,0.0,0.055,0.007,0.055,0.0,0.024,0.001,0.018,0.009,0.023,0.009,0.015,0.045,0.165,0.102,0.046,0.066,0.018,0.71,0.297,0.218,0.074,1.843,0.173,0.708,0.28,0.021,0.722,0.311,0.242,0.059,0.01,0.775,0.218,0.114,0.115,0.014,0.043,0.023,1.997,0.004,0.007,0.0,0.0,0.014,0.001,15.489,5.09,2.476,0.006,0.0,0.002,0.006,0.356,0.656,0.045,0.022,0.006,0.122,0.034,0.091,0.003,0.016,0.034,0.054,0.055,0.023,0.001,0.001,0.054,0.064,0.009,0.007,0.036,0.028,0.076,0.025,0.009,0.006,0.026,0.012,0.179,1.956,0.054,0.058
Toba Samosir,12,Sumatera Utara,Sumatera,Kabupaten,0.012,0.027,0.051,0.058,0.019,0.005,0.227,0.008,0.05,0.008,0.16,0.004,0.066,0.014,0.186,0.028,0.103,0.046,0.001,0.0,0.0,0.008,0.0,0.0,0.0,0.002,0.0,0.0,0.073,0.005,0.0,0.0,0.002,0.01,0.0,0.006,0.512,0.007,0.0,0.078,0.011,0.0,0.0,0.054,0.04,0.0,0.228,0.012,0.0,0.001,0.013,0.005,0.0,0.003,0.0,0.545,0.054,0.0,0.02,0.004,0.034,0.0,0.018,0.005,0.039,0.039,0.077,0.237,0.02,0.077,0.226,0.131,0.032,0.048,0.137,0.649,0.453,0.156,0.123,2.568,0.297,0.486,0.854,0.037,0.842,0.403,0.24,0.073,0.301,0.786,0.134,0.104,0.134,0.124,0.075,0.031,1.956,0.0,0.011,0.001,0.0,0.012,0.001,12.501,4.681,1.393,0.031,0.0,0.007,0.02,0.375,0.625,0.087,0.026,0.002,0.134,0.061,0.071,0.001,0.009,0.052,0.026,0.041,0.021,0.003,0.002,0.079,0.12,0.011,0.017,0.029,0.022,0.087,0.034,0.006,0.004,0.03,0.02,0.26,1.723,0.142,0.001
Labuhan Batu,12,Sumatera Utara,Sumatera,Kabupaten,0.009,0.012,0.011,0.02,0.002,0.001,0.122,0.004,0.039,0.011,0.037,0.008,0.073,0.075,0.041,0.012,0.119,0.003,0.003,0.0,0.002,0.0,0.01,0.0,0.004,0.001,0.001,0.004,0.045,0.005,0.004,0.001,0.06,0.002,0.0,0.034,0.039,0.041,0.0,0.046,0.109,0.045,0.002,0.058,0.01,0.0,0.052,0.052,0.027,0.02,0.052,0.009,0.002,0.0,0.002,0.288,0.066,0.0,0.008,0.0,0.006,0.011,0.157,0.012,0.06,0.296,0.095,0.053,0.013,0.062,0.635,0.279,0.585,0.065,0.134,1.9,0.439,0.274,0.191,3.335,0.113,1.132,0.59,0.092,0.612,0.024,0.247,0.192,0.168,1.088,0.259,0.238,0.084,0.116,0.24,0.047,1.771,0.0,0.014,0.0,0.002,0.018,0.002,15.822,4.419,0.881,0.028,0.001,0.004,0.005,0.327,0.633,0.1,0.034,0.012,0.086,0.029,0.067,0.013,0.029,0.092,0.045,0.014,0.024,0.017,0.035,0.029,0.04,0.01,0.013,0.065,0.055,0.024,0.017,0.01,0.013,0.031,0.002,0.121,2.141,0.024,0.313
Asahan,12,Sumatera Utara,Sumatera,Kabupaten,0.004,0.009,0.029,0.012,0.001,0.004,0.21,0.005,0.057,0.005,0.113,0.003,0.046,0.069,0.041,0.034,0.106,0.002,0.002,0.001,0.003,0.001,0.002,0.0,0.0,0.0,0.0,0.008,0.059,0.009,0.004,0.006,0.033,0.0,0.0,0.005,0.075,0.057,0.001,0.044,0.124,0.063,0.005,0.048,0.004,0.0,0.016,0.034,0.008,0.011,0.113,0.009,0.001,0.001,0.001,0.246,0.097,0.0,0.019,0.001,0.004,0.003,0.137,0.023,0.034,0.24,0.056,0.122,0.004,0.042,0.567,0.222,0.365,0.064,0.119,1.405,0.373,0.257,0.185,3.279,0.71,0.568,0.462,0.069,0.458,0.005,0.507,0.148,0.066,1.263,0.337,0.108,0.054,0.116,0.127,0.068,1.467,0.002,0.016,0.001,0.003,0.038,0.02,15.612,1.694,0.424,0.025,0.002,0.002,0.007,0.359,0.672,0.063,0.017,0.027,0.074,0.041,0.079,0.004,0.031,0.071,0.046,0.012,0.021,0.032,0.035,0.023,0.035,0.02,0.016,0.072,0.042,0.034,0.007,0.01,0.007,0.065,0.057,0.127,2.077,0.044,0.153
Simalungun,12,Sumatera Utara,Sumatera,Kabupaten,0.017,0.015,0.038,0.009,0.003,0.008,0.202,0.008,0.067,0.007,0.075,0.004,0.046,0.042,0.071,0.02,0.092,0.017,0.002,0.0,0.001,0.001,0.007,0.001,0.0,0.0,0.0,0.001,0.073,0.002,0.001,0.002,0.004,0.003,0.0,0.018,0.137,0.009,0.001,0.144,0.051,0.027,0.001,0.074,0.014,0.0,0.044,0.056,0.002,0.009,0.05,0.004,0.001,0.009,0.0,0.35,0.041,0.0,0.01,0.002,0.008,0.0,0.111,0.01,0.034,0.025,0.152,0.115,0.009,0.091,0.618,0.244,0.228,0.064,0.068,1.136,0.28,0.432,0.04,2.788,0.249,0.562,0.479,0.038,1.09,0.098,0.33,0.09,0.077,1.461,0.354,0.217,0.056,0.108,0.194,0.043,1.581,0.003,0.027,0.008,0.0,0.027,0.061,12.524,4.178,0.839,0.04,0.002,0.02,0.018,0.382,0.674,0.071,0.023,0.029,0.083,0.051,0.067,0.008,0.037,0.077,0.046,0.025,0.016,0.022,0.023,0.03,0.046,0.015,0.012,0.06,0.04,0.039,0.011,0.016,0.007,0.057,0.016,0.149,1.756,0.082,0.059
Dairi,12,Sumatera Utara,Sumatera,Kabupaten,0.024,0.013,0.022,0.006,0.022,0.011,0.137,0.007,0.053,0.025,0.163,0.003,0.061,0.03,0.022,0.025,0.057,0.035,0.001,0.0,0.002,0.004,0.002,0.0,0.001,0.0,0.0,0.001,0.065,0.003,0.006,0.001,0.001,0.004,0.0,0.002,0.525,0.005,0.002,0.122,0.017,0.0,0.001,0.04,0.03,0.0,0.121,0.047,0.0,0.001,0.041,0.006,0.0,0.018,0.0,0.52,0.037,0.0,0.127,0.004,0.017,0.0,0.032,0.006,0.099,0.016,0.091,0.022,0.012,0.091,0.127,0.208,0.132,0.064,0.02,0.628,0.235,0.091,0.088,1.831,0.27,0.536,0.492,0.047,0.689,0.175,0.354,0.075,0.027,0.876,0.285,0.172,0.103,0.049,0.187,0.021,1.951,0.003,0.009,0.002,0.0,0.009,0.074,15.531,5.56,0.298,0.092,0.002,0.008,0.007,0.372,0.64,0.074,0.027,0.004,0.068,0.043,0.12,0.005,0.026,0.044,0.052,0.089,0.023,0.002,0.001,0.053,0.074,0.011,0.011,0.06,0.144,0.049,0.016,0.013,0.003,0.046,0.002,0.219,1.521,0.001,0.104
Karo,12,Sumatera Utara,Sumatera,Kabupaten,0.021,0.03,0.04,0.043,0.014,0.007,0.133,0.025,0.06,0.021,0.073,0.004,0.053,0.05,0.016,0.033,0.123,0.053,0.001,0.001,0.004,0.001,0.005,0.001,0.0,0.0,0.0,0.002,0.06,0.004,0.005,0.004,0.001,0.005,0.0,0.066,0.102,0.006,0.0,0.203,0.025,0.002,0.005,0.086,0.05,0.0,0.014,0.164,0.001,0.001,0.01,0.001,0.0,0.009,0.001,0.373,0.046,0.0,0.007,0.001,0.009,0.0,0.116,0.012,0.056,0.056,0.111,0.08,0.038,0.263,0.76,0.27,0.095,0.061,0.111,1.425,0.306,0.307,0.064,3.25,0.051,0.48,0.435,0.065,3.193,0.059,0.395,0.126,0.081,2.077,0.46,0.173,0.066,0.061,0.388,0.037,1.998,0.0,0.01,0.0,0.0,0.01,0.275,18.158,2.969,1.936,0.185,0.002,0.019,0.008,0.428,0.722,0.083,0.043,0.009,0.091,0.07,0.069,0.002,0.037,0.09,0.076,0.119,0.013,0.004,0.002,0.049,0.082,0.048,0.024,0.085,0.198,0.026,0.02,0.016,0.004,0.024,0.003,0.172,2.156,0.097,0.107
Deli Serdang,12,Sumatera Utara,Sumatera,Kabupaten,0.011,0.016,0.044,0.006,0.009,0.009,0.196,0.008,0.074,0.003,0.1,0.001,0.047,0.051,0.002,0.01,0.149,0.007,0.003,0.0,0.003,0.001,0.011,0.0,0.001,0.001,0.0,0.002,0.101,0.007,0.001,0.002,0.008,0.001,0.002,0.01,0.041,0.029,0.002,0.027,0.065,0.01,0.001,0.071,0.014,0.0,0.007,0.064,0.002,0.012,0.01,0.003,0.001,0.006,0.0,0.215,0.069,0.0,0.012,0.001,0.0,0.004,0.031,0.025,0.077,0.432,0.133,0.117,0.021,0.1,0.937,0.222,0.557,0.061,0.127,1.042,0.319,0.337,0.122,2.441,0.388,0.616,0.449,0.04,0.68,0.004,0.512,0.157,0.044,1.106,0.239,0.094,0.075,0.161,0.13,0.045,1.528,0.003,0.018,0.003,0.0,0.028,0.037,11.938,1.292,0.649,0.007,0.009,0.018,0.007,0.365,0.713,0.091,0.011,0.018,0.09,0.057,0.068,0.003,0.046,0.101,0.037,0.027,0.029,0.008,0.01,0.035,0.038,0.013,0.027,0.058,0.086,0.034,0.015,0.014,0.011,0.06,0.01,0.06,2.467,0.028,0.241
Langkat,12,Sumatera Utara,Sumatera,Kabupaten,0.004,0.009,0.025,0.014,0.009,0.004,0.185,0.01,0.052,0.004,0.083,0.002,0.042,0.073,0.004,0.017,0.111,0.0,0.001,0.001,0.007,0.002,0.006,0.001,0.004,0.001,0.0,0.001,0.09,0.006,0.001,0.004,0.026,0.0,0.002,0.015,0.058,0.05,0.003,0.063,0.05,0.002,0.002,0.052,0.008,0.0,0.005,0.059,0.001,0.005,0.009,0.002,0.0,0.002,0.003,0.222,0.069,0.0,0.007,0.002,0.002,0.005,0.009,0.017,0.087,0.284,0.083,0.101,0.005,0.086,0.901,0.277,0.501,0.07,0.083,1.057,0.315,0.339,0.119,2.685,0.244,0.505,0.455,0.06,0.625,0.007,0.407,0.161,0.052,1.091,0.251,0.14,0.067,0.133,0.448,0.037,1.554,0.006,0.016,0.006,0.0,0.037,0.008,15.905,2.991,0.548,0.002,0.016,0.016,0.008,0.328,0.662,0.058,0.011,0.02,0.073,0.05,0.074,0.003,0.055,0.093,0.034,0.019,0.026,0.021,0.022,0.035,0.027,0.016,0.019,0.073,0.072,0.029,0.008,0.031,0.008,0.049,0.005,0.142,1.887,0.085,0.053
Nias Selatan,12,Sumatera Utara,Sumatera,Kabupaten,0.002,0.001,0.0,0.007,0.002,0.0,0.005,0.0,0.051,0.059,0.248,0.0,0.005,0.012,0.007,0.025,0.12,0.036,0.0,0.0,0.001,0.001,0.001,0.0,0.0,0.0,0.002,0.003,0.049,0.011,0.0,0.004,0.001,0.0,0.0,0.003,0.171,0.035,0.002,0.023,0.027,0.0,0.003,0.008,0.001,0.0,0.004,0.003,0.0,0.002,0.014,0.005,0.008,0.008,0.005,0.302,0.148,0.0,0.199,0.006,0.021,0.001,0.0,0.001,0.079,0.104,0.099,0.017,0.002,0.016,0.007,0.096,0.192,0.002,0.109,1.964,0.161,0.018,0.013,1.367,0.012,0.347,0.234,0.212,0.292,0.013,0.002,0.054,0.206,0.598,0.1,0.121,0.001,0.067,0.004,0.002,2.331,0.002,0.0,0.0,0.0,0.008,0.062,2.121,2.396,1.629,0.013,0.001,0.0,0.007,0.215,0.534,0.033,0.003,0.002,0.048,0.036,0.18,0.0,0.032,0.08,0.053,0.004,0.007,0.028,0.021,0.003,0.01,0.003,0.001,0.111,0.005,0.019,0.007,0.019,0.004,0.013,0.001,0.087,1.516,0.013,0.006
Humbang Hasundutan,12,Sumatera Utara,Sumatera,Kabupaten,0.008,0.019,0.029,0.044,0.002,0.011,0.167,0.01,0.035,0.017,0.134,0.0,0.089,0.014,0.181,0.026,0.064,0.044,0.001,0.0,0.003,0.008,0.001,0.0,0.0,0.003,0.0,0.0,0.069,0.002,0.0,0.001,0.003,0.058,0.0,0.005,1.059,0.004,0.003,0.191,0.023,0.0,0.001,0.025,0.017,0.0,0.129,0.03,0.0,0.005,0.056,0.023,0.001,0.006,0.0,0.592,0.048,0.0,0.066,0.01,0.02,0.0,0.017,0.002,0.011,0.008,0.029,0.032,0.007,0.029,0.114,0.118,0.027,0.086,0.036,0.652,0.295,0.095,0.033,1.934,0.149,1.046,0.321,0.027,0.774,0.27,0.196,0.033,0.036,1.018,0.255,0.112,0.063,0.009,0.011,0.02,2.161,0.0,0.011,0.001,0.0,0.016,0.015,12.932,5.174,3.273,0.016,0.0,0.001,0.042,0.345,0.674,0.065,0.018,0.003,0.113,0.046,0.104,0.006,0.01,0.053,0.076,0.11,0.031,0.003,0.002,0.065,0.112,0.017,0.005,0.041,0.019,0.07,0.021,0.009,0.036,0.045,0.006,0.175,1.896,0.054,0.019
Pakpak Bharat,12,Sumatera Utara,Sumatera,Kabupaten,0.01,0.013,0.055,0.01,0.034,0.01,0.085,0.005,0.048,0.04,0.112,0.001,0.077,0.024,0.13,0.026,0.072,0.03,0.0,0.0,0.001,0.014,0.0,0.0,0.0,0.002,0.0,0.001,0.06,0.002,0.007,0.0,0.002,0.005,0.0,0.009,0.957,0.004,0.001,0.088,0.005,0.0,0.0,0.023,0.016,0.0,0.109,0.025,0.0,0.0,0.04,0.004,0.0,0.007,0.001,0.28,0.028,0.0,0.023,0.012,0.015,0.001,0.032,0.003,0.065,0.012,0.025,0.037,0.001,0.028,0.044,0.157,0.097,0.016,0.016,0.737,0.475,0.065,0.028,1.956,0.146,0.957,0.329,0.032,0.865,0.261,0.33,0.04,0.009,0.596,0.359,0.231,0.102,0.029,0.113,0.006,2.046,0.004,0.006,0.001,0.0,0.013,0.02,13.278,6.373,0.6,0.027,0.0,0.006,0.009,0.302,0.592,0.066,0.024,0.006,0.056,0.033,0.153,0.01,0.02,0.025,0.069,0.094,0.045,0.007,0.006,0.055,0.055,0.024,0.015,0.07,0.025,0.037,0.013,0.015,0.027,0.071,0.005,0.205,2.095,0.014,0.129
Samosir,12,Sumatera Utara,Sumatera,Kabupaten,0.031,0.028,0.036,0.015,0.009,0.01,0.179,0.003,0.075,0.061,0.217,0.0,0.064,0.012,0.018,0.046,0.086,0.063,0.002,0.001,0.001,0.024,0.0,0.0,0.0,0.01,0.0,0.001,0.05,0.001,0.002,0.001,0.002,0.031,0.0,0.003,0.682,0.004,0.0,0.105,0.004,0.0,0.0,0.017,0.028,0.0,0.301,0.065,0.0,0.001,0.186,0.005,0.0,0.001,0.004,0.828,0.043,0.0,0.056,0.0,0.028,0.0,0.002,0.006,0.1,0.098,0.117,0.124,0.007,0.096,0.399,0.168,0.054,0.012,0.052,0.623,0.533,0.055,0.111,2.643,0.294,1.134,0.571,0.061,0.827,0.385,0.321,0.06,0.129,1.016,0.203,0.131,0.048,0.068,0.045,0.008,2.082,0.003,0.012,0.0,0.0,0.011,0.343,15.769,5.638,0.663,0.014,0.0,0.011,0.02,0.552,0.824,0.049,0.016,0.002,0.061,0.048,0.101,0.006,0.012,0.047,0.077,0.044,0.023,0.001,0.001,0.077,0.138,0.026,0.006,0.043,0.201,0.094,0.029,0.015,0.017,0.055,0.01,0.337,2.181,0.055,0.043
Serdang Bedagai,12,Sumatera Utara,Sumatera,Kabupaten,0.003,0.011,0.03,0.005,0.006,0.003,0.2,0.004,0.036,0.01,0.066,0.001,0.035,0.036,0.048,0.022,0.084,0.004,0.002,0.0,0.006,0.009,0.002,0.002,0.001,0.0,0.0,0.001,0.048,0.002,0.0,0.006,0.013,0.0,0.001,0.008,0.152,0.093,0.002,0.05,0.102,0.013,0.0,0.051,0.005,0.0,0.002,0.033,0.001,0.017,0.011,0.009,0.002,0.001,0.002,0.217,0.076,0.0,0.005,0.0,0.005,0.002,0.039,0.016,0.04,0.198,0.09,0.165,0.005,0.057,0.91,0.252,0.546,0.083,0.094,0.916,0.247,0.487,0.056,2.708,0.912,0.628,0.476,0.031,0.574,0.034,0.316,0.105,0.105,1.194,0.139,0.067,0.07,0.273,0.15,0.031,1.532,0.004,0.011,0.001,0.002,0.018,0.0,12.95,2.034,0.232,0.003,0.001,0.008,0.006,0.332,0.649,0.074,0.01,0.024,0.08,0.049,0.088,0.002,0.036,0.101,0.03,0.009,0.014,0.007,0.023,0.041,0.033,0.018,0.011,0.063,0.028,0.031,0.011,0.015,0.009,0.054,0.021,0.03,1.904,0.104,0.07
Batu Bara,12,Sumatera Utara,Sumatera,Kabupaten,0.008,0.012,0.029,0.006,0.001,0.003,0.205,0.006,0.028,0.003,0.078,0.0,0.03,0.044,0.079,0.007,0.087,0.001,0.001,0.0,0.002,0.006,0.003,0.001,0.002,0.002,0.0,0.004,0.026,0.013,0.0,0.006,0.02,0.0,0.001,0.008,0.098,0.112,0.001,0.022,0.131,0.016,0.003,0.019,0.005,0.0,0.004,0.047,0.002,0.017,0.017,0.003,0.001,0.0,0.0,0.192,0.078,0.0,0.003,0.001,0.0,0.004,0.045,0.019,0.077,0.227,0.086,0.076,0.007,0.05,0.798,0.214,0.677,0.052,0.075,0.922,0.23,0.402,0.175,2.818,0.536,0.568,0.464,0.064,0.508,0.007,0.223,0.144,0.027,1.123,0.143,0.102,0.062,0.145,0.157,0.015,1.495,0.007,0.022,0.003,0.001,0.027,0.002,15.564,1.75,0.479,0.009,0.001,0.016,0.009,0.28,0.565,0.06,0.014,0.038,0.096,0.041,0.061,0.001,0.022,0.082,0.027,0.011,0.015,0.021,0.025,0.023,0.032,0.011,0.012,0.054,0.012,0.027,0.005,0.017,0.004,0.037,0.014,0.038,1.759,0.124,0.033
Padang Lawas Utara,12,Sumatera Utara,Sumatera,Kabupaten,0.002,0.005,0.002,0.009,0.004,0.0,0.113,0.004,0.013,0.006,0.033,0.004,0.159,0.043,0.047,0.006,0.092,0.0,0.0,0.0,0.003,0.001,0.001,0.0,0.0,0.0,0.0,0.0,0.043,0.008,0.003,0.002,0.008,0.004,0.0,0.099,0.127,0.02,0.0,0.041,0.014,0.004,0.0,0.078,0.074,0.0,0.005,0.038,0.011,0.001,0.003,0.0,0.0,0.02,0.0,0.351,0.045,0.0,0.113,0.003,0.016,0.003,0.138,0.008,0.035,0.132,0.077,0.005,0.004,0.019,0.301,0.318,0.472,0.269,0.017,1.013,0.314,0.26,0.08,4.034,0.328,1.138,0.329,0.102,2.051,0.001,0.155,0.062,0.022,1.288,0.23,0.287,0.257,0.008,0.078,0.037,2.169,0.0,0.01,0.002,0.0,0.016,0.056,16.418,4.816,6.378,0.044,0.001,0.002,0.008,0.294,0.657,0.062,0.034,0.004,0.081,0.017,0.112,0.022,0.031,0.09,0.056,0.021,0.033,0.003,0.016,0.014,0.011,0.013,0.021,0.101,0.08,0.022,0.004,0.003,0.0,0.051,0.0,0.157,1.605,0.039,0.12
Padang Lawas,12,Sumatera Utara,Sumatera,Kabupaten,0.006,0.015,0.014,0.02,0.001,0.001,0.087,0.002,0.035,0.007,0.062,0.003,0.101,0.1,0.037,0.013,0.096,0.0,0.0,0.0,0.004,0.0,0.003,0.0,0.0,0.0,0.0,0.001,0.039,0.002,0.001,0.002,0.007,0.012,0.001,0.179,0.042,0.023,0.0,0.034,0.011,0.002,0.0,0.093,0.076,0.0,0.005,0.03,0.01,0.0,0.003,0.0,0.0,0.012,0.0,0.245,0.052,0.0,0.105,0.002,0.003,0.001,0.076,0.005,0.036,0.195,0.067,0.057,0.006,0.089,1.03,0.194,0.773,0.379,0.052,1.238,0.278,0.424,0.079,4.838,0.052,1.116,0.52,0.087,2.531,0.002,0.077,0.127,0.048,1.379,0.121,0.323,0.336,0.096,0.148,0.061,2.0,0.003,0.006,0.0,0.0,0.012,0.0,24.182,3.301,2.901,0.01,0.001,0.002,0.0,0.134,0.553,0.052,0.014,0.003,0.084,0.019,0.087,0.02,0.054,0.079,0.058,0.027,0.035,0.003,0.002,0.018,0.026,0.043,0.01,0.079,0.058,0.02,0.008,0.007,0.004,0.021,0.01,0.134,1.74,0.03,0.174
Labuhan Batu Selatan,12,Sumatera Utara,Sumatera,Kabupaten,0.004,0.014,0.013,0.027,0.001,0.001,0.152,0.001,0.024,0.011,0.033,0.002,0.078,0.092,0.023,0.019,0.123,0.002,0.001,0.002,0.005,0.0,0.005,0.001,0.001,0.0,0.001,0.0,0.047,0.006,0.001,0.001,0.064,0.006,0.001,0.022,0.032,0.044,0.001,0.055,0.081,0.015,0.001,0.066,0.026,0.0,0.004,0.083,0.017,0.001,0.024,0.002,0.0,0.001,0.002,0.351,0.044,0.0,0.001,0.0,0.007,0.001,0.187,0.008,0.059,0.23,0.115,0.052,0.011,0.076,0.897,0.283,0.442,0.076,0.024,1.188,0.204,0.293,0.04,3.053,0.148,0.957,0.484,0.094,0.587,0.004,0.292,0.164,0.046,0.913,0.295,0.266,0.079,0.126,0.105,0.033,1.78,0.0,0.003,0.002,0.0,0.03,0.019,17.219,5.185,0.662,0.01,0.001,0.003,0.004,0.313,0.673,0.052,0.026,0.013,0.068,0.045,0.082,0.006,0.042,0.083,0.061,0.01,0.021,0.026,0.023,0.019,0.032,0.011,0.015,0.073,0.054,0.028,0.01,0.019,0.006,0.071,0.006,0.07,1.931,0.006,0.042
Labuhan Batu Utara,12,Sumatera Utara,Sumatera,Kabupaten,0.005,0.008,0.033,0.017,0.003,0.002,0.153,0.002,0.021,0.003,0.052,0.006,0.084,0.06,0.067,0.012,0.094,0.002,0.002,0.0,0.001,0.001,0.005,0.0,0.001,0.0,0.0,0.004,0.054,0.008,0.001,0.001,0.06,0.001,0.0,0.032,0.045,0.051,0.001,0.052,0.102,0.038,0.004,0.052,0.013,0.0,0.002,0.08,0.014,0.003,0.084,0.003,0.0,0.0,0.001,0.334,0.064,0.0,0.026,0.0,0.004,0.001,0.235,0.007,0.056,0.223,0.088,0.075,0.002,0.059,1.361,0.213,0.524,0.067,0.016,1.417,0.379,0.255,0.084,3.441,0.08,0.851,0.526,0.079,0.701,0.025,0.425,0.163,0.037,0.984,0.212,0.221,0.021,0.059,0.075,0.043,1.711,0.001,0.002,0.002,0.0,0.023,0.0,12.841,7.776,0.508,0.011,0.001,0.005,0.007,0.314,0.702,0.078,0.02,0.025,0.069,0.05,0.104,0.007,0.036,0.092,0.056,0.014,0.018,0.022,0.022,0.027,0.025,0.011,0.019,0.059,0.039,0.029,0.008,0.007,0.009,0.041,0.0,0.077,1.886,0.018,0.065
Nias Utara,12,Sumatera Utara,Sumatera,Kabupaten,0.004,0.002,0.002,0.0,0.019,0.001,0.012,0.0,0.065,0.071,0.244,0.0,0.01,0.012,0.001,0.012,0.076,0.037,0.0,0.0,0.0,0.0,0.003,0.0,0.0,0.0,0.0,0.0,0.04,0.008,0.0,0.014,0.0,0.0,0.0,0.002,0.468,0.003,0.008,0.127,0.028,0.001,0.0,0.011,0.0,0.0,0.0,0.002,0.0,0.016,0.013,0.0,0.004,0.023,0.005,0.155,0.179,0.0,0.036,0.011,0.009,0.001,0.0,0.0,0.039,0.31,0.075,0.004,0.001,0.039,0.0,0.142,0.057,0.0,0.017,1.728,0.08,0.027,0.012,0.995,0.012,0.384,0.131,0.093,0.202,0.014,0.007,0.021,0.013,0.211,0.048,0.129,0.003,0.041,0.001,0.006,2.368,0.005,0.004,0.0,0.0,0.015,0.67,7.381,1.689,0.319,0.021,0.0,0.0,0.001,0.185,0.438,0.03,0.004,0.008,0.033,0.072,0.138,0.0,0.037,0.092,0.025,0.01,0.011,0.009,0.019,0.003,0.017,0.026,0.003,0.088,0.004,0.01,0.001,0.018,0.0,0.035,0.001,0.151,1.19,0.0,0.001
Nias Barat,12,Sumatera Utara,Sumatera,Kabupaten,0.0,0.006,0.0,0.0,0.0,0.0,0.022,0.002,0.025,0.017,0.3,0.0,0.001,0.002,0.001,0.027,0.055,0.055,0.0,0.001,0.0,0.0,0.0,0.0,0.0,0.0,0.0,0.002,0.015,0.0,0.0,0.002,0.0,0.006,0.001,0.017,0.937,0.001,0.003,0.014,0.015,0.0,0.0,0.005,0.0,0.0,0.0,0.0,0.001,0.015,0.03,0.0,0.003,0.0,0.0,0.163,0.102,0.0,0.054,0.002,0.005,0.001,0.006,0.001,0.013,0.118,0.047,0.059,0.002,0.006,0.014,0.06,0.061,0.0,0.017,0.821,0.198,0.007,0.085,1.091,0.011,0.385,0.087,0.101,0.479,0.002,0.001,0.024,0.086,0.514,0.056,0.277,0.0,0.004,0.0,0.002,2.288,0.002,0.0,0.0,0.0,0.009,0.293,4.997,3.847,0.032,0.0,0.0,0.0,0.005,0.162,0.417,0.019,0.003,0.005,0.036,0.01,0.179,0.0,0.012,0.081,0.023,0.0,0.005,0.006,0.019,0.001,0.005,0.03,0.003,0.051,0.002,0.007,0.013,0.014,0.0,0.014,0.001,0.121,1.019,0.0,0.0
Kota Sibolga,12,Sumatera Utara,Sumatera,Kota,0.009,0.016,0.025,0.065,0.0,0.002,0.092,0.008,0.066,0.028,0.081,0.0,0.035,0.039,0.13,0.006,0.085,0.007,0.002,0.0,0.001,0.0,0.0,0.0,0.0,0.001,0.014,0.008,0.098,0.036,0.002,0.014,0.001,0.001,0.002,0.001,0.06,0.109,0.009,0.013,0.106,0.0,0.0,0.011,0.002,0.0,0.006,0.01,0.0,0.02,0.002,0.0,0.002,0.005,0.012,0.147,0.142,0.0,0.01,0.065,0.001,0.0,0.006,0.02,0.057,0.11,0.108,0.107,0.02,0.158,1.404,0.241,0.218,0.045,0.314,1.128,0.257,1.139,0.124,2.558,0.062,0.355,0.655,0.019,0.918,0.013,1.298,0.278,0.054,1.486,0.242,0.225,0.331,0.102,0.153,0.033,1.468,0.0,0.005,0.0,0.0,0.005,0.009,12.248,3.982,1.033,0.002,0.002,0.021,0.007,0.181,0.486,0.037,0.013,0.002,0.092,0.004,0.04,0.002,0.007,0.07,0.018,0.019,0.025,0.0,0.0,0.04,0.031,0.017,0.009,0.025,0.005,0.027,0.011,0.013,0.023,0.042,0.034,0.09,1.614,0.012,0.091
Kota Tanjung Balai,12,Sumatera Utara,Sumatera,Kota,0.008,0.015,0.031,0.03,0.013,0.006,0.149,0.016,0.086,0.009,0.135,0.011,0.082,0.093,0.111,0.007,0.11,0.001,0.0,0.001,0.003,0.0,0.021,0.0,0.0,0.0,0.001,0.025,0.053,0.015,0.009,0.008,0.007,0.0,0.002,0.012,0.06,0.184,0.001,0.012,0.137,0.065,0.009,0.014,0.004,0.0,0.006,0.017,0.001,0.048,0.096,0.005,0.005,0.003,0.005,0.234,0.138,0.0,0.0,0.0,0.002,0.018,0.087,0.049,0.082,0.527,0.128,0.102,0.065,0.214,0.896,0.27,0.584,0.099,0.168,1.454,0.431,0.557,0.284,2.571,0.206,0.663,0.313,0.213,0.918,0.001,0.968,0.366,0.015,1.552,0.255,0.15,0.128,0.173,0.167,0.057,1.457,0.002,0.029,0.004,0.0,0.027,0.013,17.038,1.146,0.0,0.002,0.003,0.011,0.02,0.211,0.584,0.063,0.026,0.015,0.08,0.011,0.06,0.009,0.022,0.063,0.04,0.037,0.029,0.012,0.006,0.027,0.032,0.022,0.021,0.065,0.02,0.034,0.008,0.012,0.012,0.045,0.007,0.134,1.806,0.066,0.278
Kota Pematang Siantar,12,Sumatera Utara,Sumatera,Kota,0.018,0.018,0.039,0.017,0.005,0.007,0.184,0.014,0.138,0.03,0.126,0.002,0.03,0.042,0.121,0.013,0.119,0.021,0.005,0.0,0.003,0.002,0.003,0.001,0.0,0.001,0.0,0.005,0.099,0.005,0.002,0.002,0.002,0.0,0.0,0.005,0.056,0.014,0.002,0.111,0.068,0.012,0.001,0.074,0.009,0.0,0.024,0.105,0.003,0.008,0.004,0.002,0.001,0.004,0.0,0.327,0.079,0.0,0.013,0.003,0.001,0.001,0.05,0.013,0.032,0.032,0.07,0.128,0.024,0.269,0.363,0.282,0.118,0.071,0.191,0.999,0.483,0.598,0.096,1.859,0.257,0.432,0.605,0.039,0.633,0.052,0.572,0.134,0.037,1.263,0.477,0.113,0.06,0.128,0.154,0.053,1.491,0.001,0.038,0.001,0.001,0.016,0.052,10.744,1.516,0.926,0.0,0.002,0.021,0.025,0.347,0.644,0.073,0.019,0.017,0.103,0.021,0.044,0.002,0.02,0.074,0.03,0.034,0.028,0.004,0.001,0.038,0.051,0.011,0.018,0.028,0.023,0.054,0.033,0.009,0.043,0.048,0.022,0.291,2.102,0.04,0.185
Kota Tebing Tinggi,12,Sumatera Utara,Sumatera,Kota,0.01,0.024,0.038,0.004,0.01,0.006,0.211,0.009,0.089,0.006,0.148,0.003,0.037,0.046,0.02,0.016,0.164,0.005,0.004,0.0,0.005,0.0,0.005,0.0,0.0,0.0,0.0,0.004,0.061,0.008,0.014,0.007,0.005,0.002,0.001,0.023,0.043,0.075,0.006,0.081,0.111,0.018,0.001,0.067,0.01,0.0,0.002,0.06,0.003,0.035,0.005,0.002,0.001,0.001,0.001,0.177,0.091,0.0,0.018,0.016,0.001,0.002,0.071,0.034,0.102,0.381,0.092,0.262,0.053,0.163,1.185,0.28,0.343,0.125,0.705,1.5,0.358,0.975,0.107,2.46,0.089,0.691,0.472,0.038,0.657,0.003,0.537,0.316,0.097,1.298,0.352,0.409,0.188,0.47,0.52,0.085,1.417,0.003,0.032,0.004,0.004,0.026,0.002,10.103,1.417,0.705,0.0,0.003,0.008,0.027,0.349,0.655,0.083,0.01,0.018,0.079,0.031,0.073,0.009,0.034,0.083,0.04,0.026,0.032,0.015,0.008,0.023,0.026,0.011,0.014,0.048,0.068,0.047,0.018,0.017,0.057,0.052,0.021,0.055,2.447,0.054,0.435
Kota Medan,12,Sumatera Utara,Sumatera,Kota,0.017,0.021,0.037,0.01,0.007,0.018,0.165,0.016,0.11,0.011,0.119,0.0,0.038,0.059,0.005,0.005,0.175,0.004,0.011,0.0,0.006,0.001,0.007,0.002,0.001,0.0,0.0,0.006,0.114,0.014,0.003,0.008,0.003,0.0,0.004,0.022,0.035,0.019,0.008,0.022,0.051,0.006,0.001,0.083,0.006,0.0,0.025,0.066,0.009,0.031,0.006,0.001,0.001,0.002,0.001,0.225,0.093,0.0,0.004,0.005,0.0,0.004,0.032,0.037,0.086,0.509,0.187,0.266,0.109,0.232,0.989,0.289,0.399,0.107,0.236,1.384,0.467,0.728,0.265,2.234,0.254,0.635,0.573,0.074,0.666,0.008,0.526,0.269,0.084,1.258,0.765,0.207,0.156,0.181,0.151,0.108,1.312,0.005,0.033,0.001,0.0,0.021,0.003,7.456,1.127,0.862,0.0,0.034,0.048,0.042,0.332,0.572,0.075,0.02,0.023,0.093,0.031,0.034,0.005,0.03,0.063,0.039,0.022,0.032,0.003,0.004,0.036,0.046,0.015,0.024,0.049,0.105,0.045,0.028,0.009,0.058,0.045,0.008,0.089,2.506,0.021,0.602
Kota Binjai,12,Sumatera Utara,Sumatera,Kota,0.017,0.031,0.048,0.008,0.005,0.009,0.183,0.011,0.087,0.002,0.134,0.0,0.043,0.064,0.001,0.018,0.153,0.004,0.009,0.001,0.012,0.0,0.011,0.002,0.0,0.0,0.0,0.005,0.132,0.008,0.003,0.011,0.006,0.001,0.002,0.008,0.025,0.015,0.001,0.049,0.07,0.004,0.002,0.068,0.006,0.0,0.001,0.057,0.004,0.005,0.006,0.009,0.002,0.007,0.002,0.227,0.056,0.0,0.007,0.004,0.001,0.001,0.009,0.034,0.057,0.467,0.074,0.17,0.046,0.112,1.118,0.312,0.341,0.061,0.166,1.159,0.308,0.742,0.064,2.185,0.085,0.638,0.693,0.055,0.746,0.0,0.347,0.322,0.054,1.367,0.367,0.076,0.161,0.177,0.161,0.074,1.383,0.003,0.023,0.001,0.0,0.04,0.0,9.689,1.466,0.0,0.0,0.012,0.021,0.025,0.409,0.686,0.078,0.014,0.02,0.082,0.042,0.052,0.003,0.037,0.088,0.028,0.014,0.025,0.004,0.005,0.047,0.045,0.015,0.027,0.057,0.092,0.058,0.026,0.02,0.024,0.058,0.038,0.108,2.852,0.046,0.237
Kota Padangsidimpuan,12,Sumatera Utara,Sumatera,Kota,0.01,0.012,0.032,0.03,0.001,0.003,0.097,0.002,0.104,0.008,0.086,0.001,0.055,0.043,0.085,0.009,0.097,0.0,0.005,0.0,0.005,0.001,0.003,0.0,0.0,0.0,0.0,0.0,0.104,0.007,0.013,0.001,0.0,0.002,0.0,0.106,0.125,0.031,0.0,0.014,0.01,0.0,0.0,0.036,0.047,0.0,0.038,0.022,0.0,0.006,0.003,0.0,0.001,0.001,0.004,0.199,0.06,0.0,0.022,0.002,0.022,0.001,0.092,0.015,0.077,0.13,0.138,0.262,0.019,0.328,1.312,0.213,0.194,0.198,0.155,1.628,0.326,0.649,0.382,4.187,0.366,0.881,0.388,0.049,1.592,0.003,0.201,0.158,0.274,1.106,0.181,0.189,0.178,0.217,0.351,0.096,1.673,0.003,0.008,0.0,0.001,0.005,0.002,13.508,1.704,0.647,0.006,0.004,0.021,0.003,0.258,0.612,0.052,0.017,0.007,0.095,0.013,0.085,0.01,0.036,0.07,0.026,0.039,0.017,0.001,0.003,0.039,0.03,0.081,0.013,0.042,0.045,0.046,0.013,0.011,0.008,0.013,0.044,0.067,2.087,0.046,0.496
Kota Gunungsitoli,12,Sumatera Utara,Sumatera,Kota,0.003,0.001,0.004,0.002,0.003,0.0,0.025,0.001,0.058,0.053,0.151,0.001,0.008,0.029,0.002,0.028,0.102,0.049,0.0,0.003,0.001,0.001,0.001,0.0,0.002,0.001,0.001,0.018,0.057,0.007,0.0,0.023,0.0,0.0,0.004,0.015,0.076,0.012,0.016,0.02,0.05,0.002,0.0,0.016,0.0,0.0,0.001,0.004,0.0,0.01,0.056,0.0,0.006,0.011,0.01,0.258,0.208,0.0,0.112,0.024,0.003,0.003,0.0,0.002,0.08,0.367,0.193,0.015,0.015,0.047,0.019,0.167,0.121,0.022,0.033,1.677,0.124,0.15,0.042,1.409,0.036,0.406,0.208,0.143,0.327,0.01,0.063,0.086,0.03,0.373,0.082,0.285,0.019,0.034,0.028,0.011,1.802,0.0,0.002,0.0,0.0,0.012,0.071,8.732,1.874,0.323,0.003,0.004,0.002,0.003,0.272,0.461,0.059,0.012,0.004,0.045,0.038,0.091,0.001,0.026,0.099,0.032,0.004,0.019,0.019,0.023,0.012,0.015,0.024,0.008,0.05,0.009,0.022,0.013,0.026,0.0,0.026,0.01,0.139,1.613,0.002,0.0
Kepulauan Mentawai,13,Sumatera Barat,Sumatera,Kabupaten,0.002,0.002,0.02,0.011,1.293,0.0,0.021,0.087,0.024,0.074,0.513,0.13,0.008,0.028,0.006,0.024,0.033,0.036,0.0,0.0,0.002,0.007,0.0,0.0,0.0,0.0,0.002,0.0,0.0,0.075,0.001,0.014,0.023,0.004,0.005,0.0,0.005,0.196,0.047,0.01,0.041,0.003,0.016,0.016,0.002,0.0,0.0,0.015,0.0,0.087,0.003,0.001,0.015,0.0,0.009,0.032,0.236,0.0,0.006,0.012,0.001,0.007,0.0,0.026,0.031,0.14,0.125,0.04,0.008,0.027,0.004,0.045,0.713,0.014,0.048,0.548,0.496,0.554,0.326,1.89,0.051,1.223,0.083,0.057,0.631,0.0,0.053,0.07,0.029,0.932,0.329,0.074,0.074,0.003,0.005,0.051,1.293,0.011,0.003,0.0,0.002,0.037,0.0,22.469,0.092,3.261,0.01,0.0,0.0,0.003,0.165,0.614,0.034,0.004,0.003,0.064,0.018,0.105,0.002,0.027,0.103,0.024,0.004,0.058,0.005,0.005,0.004,0.003,0.039,0.001,0.054,0.02,0.013,0.004,0.007,0.01,0.086,0.006,0.047,1.359,0.003,0.011
Pesisir Selatan,13,Sumatera Barat,Sumatera,Kabupaten,0.007,0.011,0.013,0.157,0.007,0.001,0.049,0.004,0.046,0.018,0.045,0.025,0.043,0.056,0.019,0.011,0.097,0.0,0.0,0.0,0.0,0.001,0.0,0.0,0.001,0.0,0.002,0.005,0.015,0.011,0.0,0.026,0.004,0.0,0.0,0.004,0.021,0.034,0.003,0.002,0.06,0.0,0.005,0.021,0.002,0.0,0.002,0.049,0.001,0.028,0.012,0.015,0.012,0.005,0.014,0.119,0.201,0.0,0.002,0.019,0.0,0.0,0.002,0.008,0.066,0.339,0.09,0.082,0.01,0.129,1.315,0.214,0.313,0.658,0.054,0.929,0.309,1.213,0.146,3.087,0.051,0.669,0.178,0.062,0.405,0.0,0.21,0.329,0.027,1.559,0.144,0.149,0.392,0.019,0.13,0.071,1.68,0.006,0.006,0.0,0.0,0.008,0.023,24.525,0.753,1.76,0.003,0.0,0.001,0.003,0.229,1.154,0.049,0.01,0.017,0.178,0.015,0.025,0.027,0.035,0.071,0.04,0.006,0.041,0.003,0.0,0.006,0.006,0.006,0.02,0.07,0.037,0.025,0.006,0.009,0.017,0.022,0.051,0.092,1.484,0.053,0.18
Solok,13,Sumatera Barat,Sumatera,Kabupaten,0.013,0.009,0.026,0.116,0.037,0.005,0.057,0.009,0.061,0.019,0.042,0.019,0.027,0.021,0.018,0.012,0.173,0.0,0.005,0.0,0.007,0.0,0.001,0.001,0.0,0.006,0.0,0.0,0.011,0.001,0.002,0.002,0.0,0.003,0.0,0.045,0.046,0.011,0.0,0.006,0.002,0.0,0.0,0.011,0.021,0.0,0.007,0.061,0.004,0.015,0.014,0.106,0.002,0.003,0.002,0.212,0.066,0.0,0.021,0.011,0.003,0.0,0.022,0.005,0.11,0.156,0.08,0.067,0.015,0.156,1.226,0.188,0.118,0.126,0.019,0.665,0.664,1.245,0.159,4.562,0.067,0.931,0.26,0.056,0.431,0.0,0.332,0.244,0.05,1.759,0.084,0.263,0.293,0.019,0.148,0.028,1.819,0.001,0.002,0.0,0.0,0.019,0.003,23.991,0.781,0.235,0.004,0.0,0.008,0.007,0.175,0.759,0.045,0.034,0.041,0.154,0.004,0.044,0.042,0.005,0.036,0.055,0.026,0.037,0.001,0.001,0.008,0.012,0.017,0.023,0.058,0.075,0.051,0.008,0.007,0.009,0.019,0.013,0.053,2.009,0.074,0.317
Sijunjung,13,Sumatera Barat,Sumatera,Kabupaten,0.007,0.012,0.028,0.1,0.114,0.0,0.088,0.012,0.032,0.034,0.053,0.082,0.048,0.017,0.0,0.013,0.123,0.0,0.001,0.0,0.003,0.002,0.001,0.001,0.0,0.004,0.0,0.0,0.007,0.001,0.0,0.0,0.0,0.008,0.0,0.058,0.062,0.003,0.0,0.007,0.002,0.002,0.001,0.024,0.022,0.0,0.001,0.059,0.017,0.002,0.031,0.044,0.0,0.004,0.0,0.185,0.06,0.0,0.012,0.01,0.003,0.002,0.003,0.009,0.117,0.304,0.204,0.115,0.006,0.126,1.0,0.224,0.356,0.138,0.032,0.389,0.323,0.705,0.031,3.37,0.187,1.022,0.383,0.081,0.344,0.001,0.388,0.535,0.02,1.595,0.099,0.297,0.453,0.008,0.108,0.054,1.702,0.011,0.008,0.002,0.0,0.008,0.0,19.806,4.063,2.144,0.015,0.003,0.0,0.002,0.159,0.992,0.028,0.019,0.004,0.107,0.035,0.054,0.059,0.015,0.042,0.055,0.017,0.041,0.014,0.002,0.006,0.012,0.045,0.025,0.056,0.041,0.038,0.012,0.007,0.039,0.031,0.008,0.058,2.331,0.059,0.214
Tanah Datar,13,Sumatera Barat,Sumatera,Kabupaten,0.021,0.014,0.034,0.145,0.017,0.002,0.118,0.01,0.063,0.102,0.028,0.031,0.028,0.023,0.008,0.011,0.158,0.0,0.0,0.0,0.014,0.0,0.001,0.002,0.0,0.004,0.0,0.0,0.006,0.002,0.0,0.0,0.001,0.019,0.003,0.046,0.054,0.01,0.0,0.007,0.004,0.0,0.0,0.016,0.021,0.0,0.001,0.085,0.007,0.005,0.015,0.11,0.001,0.005,0.0,0.167,0.071,0.0,0.015,0.011,0.0,0.004,0.001,0.007,0.058,0.165,0.26,0.141,0.024,0.09,1.485,0.251,0.162,0.17,0.03,0.97,0.542,1.005,0.045,3.53,0.301,1.008,0.329,0.061,0.69,0.0,0.462,0.308,0.127,1.475,0.324,0.138,0.343,0.053,0.127,0.089,1.577,0.003,0.007,0.0,0.001,0.01,0.009,18.773,2.689,1.077,0.008,0.0,0.004,0.001,0.173,0.809,0.035,0.017,0.006,0.123,0.01,0.031,0.029,0.006,0.044,0.028,0.022,0.028,0.009,0.003,0.007,0.015,0.019,0.021,0.037,0.04,0.029,0.015,0.007,0.036,0.025,0.032,0.061,2.326,0.109,0.344
Padang Pariaman,13,Sumatera Barat,Sumatera,Kabupaten,0.009,0.007,0.023,0.131,0.001,0.002,0.056,0.005,0.071,0.021,0.083,0.009,0.023,0.033,0.015,0.007,0.09,0.001,0.001,0.0,0.009,0.0,0.001,0.001,0.0,0.001,0.0,0.001,0.008,0.003,0.0,0.011,0.001,0.002,0.001,0.02,0.006,0.008,0.007,0.005,0.057,0.001,0.006,0.024,0.001,0.0,0.002,0.05,0.006,0.041,0.008,0.024,0.001,0.005,0.008,0.079,0.104,0.0,0.007,0.012,0.0,0.0,0.001,0.007,0.066,0.216,0.27,0.112,0.017,0.197,0.721,0.239,0.442,0.147,0.157,0.503,0.34,2.095,0.071,3.211,0.095,0.893,0.199,0.039,1.01,0.0,0.671,0.25,0.057,1.308,0.198,0.134,0.25,0.02,0.178,0.039,1.402,0.001,0.003,0.001,0.002,0.013,0.004,19.554,0.515,0.849,0.001,0.001,0.004,0.006,0.317,0.882,0.055,0.012,0.01,0.113,0.019,0.042,0.015,0.023,0.065,0.032,0.013,0.037,0.017,0.001,0.004,0.006,0.022,0.022,0.07,0.063,0.027,0.007,0.007,0.039,0.039,0.0,0.142,1.997,0.041,0.222
Agam,13,Sumatera Barat,Sumatera,Kabupaten,0.011,0.007,0.022,0.151,0.006,0.003,0.086,0.004,0.065,0.051,0.058,0.009,0.024,0.025,0.006,0.012,0.138,0.0,0.001,0.0,0.008,0.0,0.001,0.0,0.0,0.001,0.0,0.0,0.038,0.004,0.001,0.001,0.002,0.004,0.001,0.027,0.044,0.022,0.0,0.005,0.013,0.001,0.002,0.02,0.016,0.0,0.014,0.087,0.003,0.005,0.012,0.07,0.006,0.0,0.001,0.147,0.092,0.0,0.016,0.002,0.001,0.002,0.01,0.009,0.074,0.189,0.178,0.185,0.023,0.136,0.617,0.203,0.169,0.081,0.128,0.701,0.299,0.901,0.143,2.954,0.14,0.652,0.239,0.043,0.681,0.0,0.305,0.338,0.183,1.541,0.325,0.081,0.312,0.075,0.19,0.099,1.493,0.002,0.009,0.0,0.001,0.019,0.01,17.113,2.597,1.182,0.008,0.0,0.006,0.0,0.229,0.784,0.046,0.019,0.013,0.135,0.012,0.034,0.01,0.009,0.044,0.028,0.018,0.028,0.016,0.002,0.015,0.018,0.015,0.016,0.051,0.029,0.019,0.009,0.011,0.037,0.018,0.01,0.146,1.963,0.038,0.251
Lima Puluh Kota,13,Sumatera Barat,Sumatera,Kabupaten,0.02,0.01,0.015,0.096,0.035,0.002,0.114,0.009,0.106,0.072,0.052,0.011,0.058,0.016,0.001,0.037,0.145,0.0,0.0,0.0,0.004,0.001,0.002,0.0,0.0,0.004,0.0,0.0,0.01,0.0,0.003,0.0,0.001,0.006,0.005,0.055,0.034,0.002,0.0,0.009,0.001,0.005,0.0,0.041,0.039,0.0,0.002,0.099,0.019,0.003,0.012,0.134,0.0,0.032,0.001,0.228,0.074,0.0,0.04,0.005,0.012,0.0,0.013,0.005,0.026,0.175,0.479,0.126,0.008,0.166,1.927,0.271,0.1,0.118,0.014,1.623,0.366,1.135,0.096,4.306,0.132,1.104,0.332,0.083,1.232,0.0,0.292,0.694,0.181,2.365,0.211,0.132,0.517,0.058,0.095,0.083,1.801,0.005,0.008,0.002,0.0,0.004,0.007,26.639,1.613,2.864,0.028,0.0,0.004,0.005,0.222,0.74,0.043,0.021,0.005,0.143,0.019,0.067,0.019,0.018,0.048,0.033,0.023,0.033,0.041,0.001,0.011,0.02,0.011,0.03,0.071,0.022,0.02,0.005,0.004,0.023,0.02,0.0,0.064,2.32,0.074,0.322
Pasaman,13,Sumatera Barat,Sumatera,Kabupaten,0.005,0.003,0.017,0.055,0.016,0.006,0.076,0.004,0.075,0.022,0.058,0.009,0.085,0.033,0.004,0.005,0.11,0.0,0.0,0.0,0.003,0.001,0.001,0.0,0.0,0.005,0.0,0.0,0.044,0.002,0.0,0.0,0.005,0.009,0.0,0.036,0.057,0.011,0.0,0.015,0.002,0.001,0.0,0.008,0.052,0.0,0.052,0.083,0.0,0.003,0.004,0.016,0.001,0.015,0.001,0.217,0.062,0.0,0.056,0.001,0.001,0.003,0.016,0.002,0.047,0.208,0.189,0.043,0.003,0.161,1.037,0.212,0.192,0.272,0.024,0.889,0.391,0.936,0.102,4.117,0.401,1.047,0.258,0.046,1.11,0.002,0.488,0.239,0.012,2.153,0.222,0.202,0.415,0.031,0.154,0.046,1.888,0.002,0.015,0.0,0.002,0.013,0.017,20.988,1.494,2.72,0.026,0.0,0.004,0.003,0.17,0.589,0.032,0.014,0.005,0.105,0.03,0.074,0.03,0.034,0.041,0.029,0.024,0.042,0.012,0.007,0.011,0.009,0.033,0.012,0.091,0.026,0.019,0.009,0.004,0.003,0.027,0.009,0.159,1.826,0.034,0.332
Solok Selatan,13,Sumatera Barat,Sumatera,Kabupaten,0.009,0.008,0.013,0.085,0.068,0.003,0.063,0.012,0.054,0.064,0.032,0.039,0.049,0.042,0.012,0.031,0.199,0.0,0.005,0.0,0.003,0.004,0.0,0.0,0.0,0.002,0.0,0.0,0.009,0.002,0.0,0.001,0.003,0.005,0.002,0.027,0.022,0.009,0.0,0.001,0.001,0.0,0.001,0.017,0.042,0.0,0.002,0.035,0.006,0.002,0.023,0.036,0.0,0.003,0.0,0.235,0.087,0.0,0.012,0.027,0.003,0.002,0.002,0.008,0.02,0.176,0.325,0.053,0.008,0.075,1.448,0.23,0.14,0.254,0.0,0.625,0.238,0.586,0.132,4.076,0.513,0.854,0.288,0.038,0.194,0.002,0.369,0.283,0.019,1.651,0.227,0.206,0.62,0.015,0.122,0.037,1.777,0.014,0.026,0.001,0.001,0.029,0.0,32.255,0.43,0.421,0.002,0.0,0.001,0.004,0.167,1.121,0.044,0.028,0.025,0.149,0.016,0.069,0.034,0.029,0.046,0.053,0.024,0.04,0.015,0.005,0.01,0.008,0.037,0.011,0.072,0.093,0.027,0.007,0.008,0.03,0.045,0.005,0.094,1.831,0.147,0.263
Dharmasraya,13,Sumatera Barat,Sumatera,Kabupaten,0.011,0.006,0.067,0.151,0.562,0.004,0.084,0.02,0.057,0.031,0.052,0.169,0.053,0.048,0.0,0.029,0.135,0.0,0.004,0.0,0.004,0.002,0.004,0.001,0.006,0.003,0.0,0.001,0.007,0.003,0.001,0.002,0.004,0.008,0.001,0.094,0.022,0.017,0.0,0.008,0.011,0.0,0.0,0.038,0.017,0.0,0.001,0.046,0.034,0.009,0.01,0.041,0.0,0.003,0.0,0.191,0.063,0.0,0.04,0.009,0.001,0.0,0.0,0.014,0.117,0.272,0.337,0.319,0.013,0.067,1.81,0.248,0.428,0.262,0.064,0.624,0.508,0.485,0.205,3.386,0.254,0.851,0.471,0.028,0.599,0.0,0.426,0.361,0.149,1.341,0.086,0.386,0.494,0.097,0.138,0.056,1.386,0.038,0.018,0.0,0.001,0.03,0.023,26.462,0.599,2.029,0.002,0.002,0.001,0.011,0.232,0.905,0.033,0.014,0.019,0.093,0.023,0.06,0.035,0.034,0.052,0.047,0.022,0.03,0.004,0.016,0.007,0.02,0.028,0.022,0.052,0.041,0.033,0.025,0.01,0.047,0.056,0.005,0.051,2.336,0.013,0.328
Pasaman Barat,13,Sumatera Barat,Sumatera,Kabupaten,0.007,0.009,0.031,0.124,0.001,0.005,0.025,0.007,0.092,0.022,0.047,0.003,0.081,0.046,0.0,0.005,0.096,0.0,0.001,0.0,0.001,0.001,0.0,0.0,0.003,0.002,0.0,0.003,0.04,0.008,0.0,0.02,0.019,0.015,0.001,0.043,0.099,0.028,0.002,0.021,0.079,0.001,0.001,0.013,0.016,0.0,0.004,0.061,0.001,0.027,0.02,0.006,0.007,0.002,0.003,0.179,0.108,0.0,0.026,0.003,0.005,0.005,0.011,0.018,0.07,0.191,0.095,0.075,0.005,0.087,0.827,0.214,0.365,0.214,0.031,0.809,0.277,0.892,0.019,3.955,0.089,1.31,0.254,0.043,1.265,0.0,0.145,0.249,0.045,1.44,0.15,0.081,0.488,0.03,0.112,0.063,1.842,0.0,0.005,0.001,0.0,0.015,0.017,26.794,1.881,1.893,0.012,0.005,0.002,0.002,0.168,0.683,0.042,0.012,0.007,0.087,0.056,0.063,0.036,0.046,0.059,0.043,0.023,0.043,0.006,0.006,0.006,0.008,0.02,0.014,0.124,0.012,0.025,0.004,0.007,0.013,0.036,0.009,0.07,1.821,0.02,0.218
Kota Padang,13,Sumatera Barat,Sumatera,Kota,0.017,0.011,0.036,0.181,0.009,0.001,0.106,0.015,0.108,0.044,0.077,0.006,0.02,0.045,0.001,0.004,0.185,0.0,0.006,0.0,0.009,0.0,0.002,0.0,0.001,0.003,0.0,0.0,0.014,0.01,0.0,0.002,0.001,0.004,0.001,0.005,0.036,0.038,0.004,0.002,0.048,0.0,0.001,0.024,0.001,0.0,0.004,0.046,0.007,0.005,0.003,0.075,0.002,0.003,0.016,0.082,0.12,0.0,0.002,0.028,0.001,0.0,0.0,0.02,0.122,0.57,0.243,0.321,0.055,0.144,0.748,0.283,0.319,0.238,0.137,0.801,0.389,1.525,0.11,2.785,0.22,0.45,0.33,0.064,0.603,0.0,0.865,0.43,0.043,1.124,0.54,0.173,0.272,0.043,0.126,0.074,1.243,0.003,0.016,0.0,0.0,0.019,0.063,15.285,0.656,0.882,0.001,0.002,0.002,0.018,0.239,0.815,0.056,0.02,0.016,0.134,0.007,0.023,0.038,0.017,0.086,0.02,0.016,0.031,0.002,0.001,0.008,0.017,0.016,0.038,0.046,0.055,0.036,0.02,0.01,0.073,0.022,0.054,0.076,2.44,0.031,0.316
Kota Solok,13,Sumatera Barat,Sumatera,Kota,0.015,0.006,0.029,0.212,0.009,0.005,0.088,0.011,0.135,0.136,0.025,0.005,0.027,0.029,0.009,0.003,0.203,0.0,0.001,0.0,0.015,0.0,0.001,0.001,0.0,0.003,0.0,0.0,0.002,0.001,0.003,0.001,0.001,0.003,0.0,0.047,0.013,0.005,0.001,0.009,0.028,0.0,0.001,0.018,0.007,0.0,0.002,0.078,0.006,0.032,0.043,0.123,0.001,0.001,0.0,0.165,0.051,0.0,0.007,0.028,0.002,0.002,0.002,0.012,0.088,0.389,0.297,0.214,0.035,0.115,1.511,0.268,0.222,0.105,0.06,0.755,0.353,1.034,0.072,4.116,0.236,0.806,0.421,0.057,0.537,0.0,0.559,0.516,0.067,1.501,0.299,0.103,0.209,0.053,0.3,0.08,1.378,0.002,0.015,0.003,0.0,0.023,0.008,17.039,1.288,1.709,0.0,0.0,0.003,0.005,0.216,0.87,0.044,0.016,0.018,0.131,0.006,0.015,0.044,0.008,0.051,0.016,0.021,0.054,0.001,0.001,0.039,0.022,0.008,0.028,0.043,0.09,0.034,0.016,0.013,0.046,0.026,0.013,0.02,2.472,0.028,0.766
Kota Sawah Lunto,13,Sumatera Barat,Sumatera,Kota,0.024,0.011,0.047,0.117,0.066,0.002,0.104,0.015,0.066,0.101,0.018,0.024,0.026,0.013,0.003,0.024,0.187,0.0,0.011,0.0,0.02,0.0,0.004,0.001,0.0,0.004,0.0,0.001,0.002,0.004,0.005,0.004,0.002,0.009,0.0,0.059,0.005,0.004,0.002,0.01,0.017,0.0,0.002,0.04,0.009,0.0,0.001,0.075,0.014,0.002,0.011,0.1,0.001,0.008,0.001,0.165,0.07,0.0,0.013,0.022,0.0,0.0,0.006,0.016,0.135,0.417,0.311,0.197,0.027,0.097,1.272,0.272,0.274,0.144,0.085,1.046,0.483,0.819,0.057,3.896,0.179,0.676,0.377,0.027,0.61,0.0,0.581,0.345,0.139,0.994,0.462,0.135,0.338,0.07,0.124,0.061,1.401,0.007,0.024,0.0,0.002,0.031,0.01,14.938,2.066,4.396,0.013,0.0,0.003,0.008,0.225,0.913,0.041,0.022,0.023,0.121,0.014,0.04,0.031,0.009,0.047,0.039,0.032,0.038,0.008,0.003,0.012,0.019,0.022,0.026,0.042,0.041,0.048,0.023,0.006,0.039,0.047,0.051,0.122,2.876,0.069,0.875
Kota Padang Panjang,13,Sumatera Barat,Sumatera,Kota,0.014,0.014,0.055,0.191,0.003,0.005,0.109,0.007,0.084,0.072,0.044,0.004,0.03,0.051,0.007,0.004,0.248,0.0,0.008,0.0,0.026,0.0,0.003,0.0,0.003,0.001,0.0,0.0,0.004,0.002,0.001,0.002,0.001,0.003,0.0,0.069,0.025,0.001,0.001,0.005,0.046,0.0,0.0,0.029,0.002,0.0,0.003,0.067,0.003,0.004,0.008,0.083,0.001,0.002,0.002,0.119,0.053,0.0,0.001,0.019,0.003,0.002,0.002,0.015,0.057,0.252,0.115,0.329,0.057,0.154,1.101,0.374,0.122,0.117,0.077,1.344,0.473,1.101,0.232,2.992,0.281,0.983,0.304,0.097,0.689,0.0,0.565,0.338,0.163,1.54,0.564,0.096,0.29,0.039,0.104,0.069,1.233,0.002,0.005,0.001,0.0,0.025,0.031,12.38,1.997,0.207,0.001,0.002,0.005,0.01,0.274,0.625,0.061,0.018,0.012,0.155,0.004,0.012,0.01,0.007,0.061,0.03,0.037,0.031,0.003,0.0,0.015,0.019,0.042,0.033,0.031,0.06,0.062,0.024,0.013,0.123,0.034,0.004,0.039,2.45,0.086,0.378
Kota Bukittinggi,13,Sumatera Barat,Sumatera,Kota,0.013,0.015,0.058,0.196,0.019,0.004,0.096,0.009,0.087,0.048,0.072,0.001,0.025,0.042,0.001,0.001,0.197,0.0,0.002,0.0,0.018,0.0,0.003,0.0,0.0,0.001,0.0,0.001,0.064,0.005,0.001,0.001,0.001,0.013,0.0,0.08,0.039,0.006,0.0,0.004,0.007,0.0,0.0,0.038,0.017,0.0,0.011,0.056,0.01,0.001,0.008,0.099,0.0,0.002,0.0,0.12,0.062,0.0,0.013,0.012,0.002,0.004,0.002,0.014,0.188,0.393,0.207,0.311,0.073,0.144,0.965,0.278,0.141,0.167,0.117,1.387,0.635,0.83,0.27,3.679,0.304,0.984,0.361,0.06,0.654,0.0,0.823,0.386,0.036,1.522,0.975,0.121,0.172,0.077,0.291,0.157,1.315,0.001,0.015,0.003,0.001,0.016,0.065,11.171,1.073,2.329,0.0,0.004,0.013,0.018,0.222,0.688,0.042,0.019,0.015,0.108,0.004,0.017,0.015,0.007,0.044,0.02,0.034,0.026,0.008,0.0,0.011,0.026,0.011,0.026,0.048,0.031,0.04,0.028,0.006,0.085,0.022,0.001,0.039,2.116,0.147,0.639
Kota Payakumbuh,13,Sumatera Barat,Sumatera,Kota,0.018,0.014,0.038,0.125,0.017,0.005,0.108,0.014,0.138,0.089,0.053,0.007,0.035,0.041,0.002,0.012,0.119,0.0,0.007,0.0,0.013,0.002,0.007,0.002,0.0,0.004,0.0,0.0,0.009,0.002,0.003,0.0,0.0,0.011,0.003,0.122,0.021,0.005,0.0,0.005,0.008,0.001,0.0,0.027,0.018,0.0,0.003,0.112,0.006,0.006,0.012,0.083,0.002,0.006,0.001,0.162,0.07,0.0,0.011,0.007,0.0,0.002,0.004,0.009,0.079,0.229,0.199,0.559,0.041,0.246,1.766,0.293,0.203,0.158,0.163,1.313,0.369,1.053,0.261,3.743,0.241,0.597,0.47,0.066,0.834,0.0,0.675,0.79,0.11,1.623,0.598,0.152,0.213,0.163,0.186,0.143,1.287,0.006,0.006,0.0,0.0,0.016,0.001,19.519,1.245,0.619,0.003,0.002,0.021,0.009,0.243,0.499,0.051,0.021,0.016,0.126,0.005,0.027,0.015,0.009,0.048,0.012,0.02,0.022,0.009,0.001,0.015,0.015,0.007,0.038,0.04,0.029,0.028,0.011,0.012,0.065,0.021,0.001,0.065,2.166,0.117,0.491
Kota Pariaman,13,Sumatera Barat,Sumatera,Kota,0.008,0.015,0.042,0.13,0.004,0.002,0.115,0.005,0.124,0.065,0.063,0.001,0.027,0.056,0.002,0.008,0.148,0.0,0.001,0.0,0.006,0.0,0.0,0.0,0.0,0.002,0.001,0.0,0.011,0.013,0.0,0.014,0.0,0.002,0.0,0.0,0.002,0.037,0.009,0.009,0.051,0.0,0.012,0.019,0.001,0.0,0.001,0.041,0.0,0.035,0.011,0.021,0.003,0.002,0.0,0.093,0.13,0.0,0.006,0.037,0.0,0.0,0.0,0.018,0.199,0.296,0.264,0.291,0.038,0.351,0.591,0.247,0.1,0.442,0.221,0.89,0.457,2.18,0.393,3.253,0.217,0.848,0.324,0.056,0.921,0.0,0.698,0.467,0.185,2.076,0.347,0.142,0.443,0.027,0.334,0.119,1.201,0.001,0.011,0.001,0.0,0.017,0.002,11.567,1.693,1.251,0.0,0.0,0.005,0.007,0.332,0.889,0.086,0.007,0.013,0.106,0.013,0.019,0.011,0.008,0.069,0.031,0.012,0.036,0.006,0.0,0.006,0.012,0.023,0.03,0.029,0.068,0.031,0.017,0.013,0.051,0.041,0.072,0.066,2.077,0.017,0.35
Kuantan Singingi,14,Riau,Sumatera,Kabupaten,0.004,0.006,0.019,0.106,0.042,0.001,0.121,0.022,0.045,0.007,0.03,0.075,0.07,0.023,0.005,0.026,0.203,0.001,0.007,0.0,0.005,0.0,0.005,0.002,0.0,0.0,0.002,0.001,0.006,0.011,0.004,0.0,0.012,0.007,0.001,0.147,0.052,0.028,0.001,0.053,0.018,0.021,0.0,0.054,0.012,0.0,0.001,0.15,0.094,0.012,0.02,0.037,0.0,0.002,0.0,0.259,0.04,0.0,0.019,0.002,0.001,0.002,0.011,0.024,0.054,0.359,0.157,0.044,0.017,0.05,1.435,0.177,0.06,0.049,0.014,0.834,0.131,0.713,0.055,2.743,0.051,0.72,0.222,0.063,0.539,0.0,0.184,0.224,0.032,0.673,0.312,0.16,0.338,0.034,0.1,0.078,1.37,0.006,0.029,0.001,0.0,0.051,0.0,23.202,1.074,0.383,0.005,0.006,0.021,0.006,0.388,0.96,0.085,0.016,0.015,0.118,0.041,0.111,0.059,0.031,0.094,0.072,0.04,0.051,0.017,0.006,0.01,0.017,0.016,0.022,0.083,0.022,0.039,0.014,0.006,0.011,0.06,0.001,0.05,2.274,0.003,0.182
Indragiri Hulu,14,Riau,Sumatera,Kabupaten,0.007,0.01,0.042,0.114,0.06,0.0,0.08,0.018,0.021,0.004,0.066,0.057,0.052,0.041,0.002,0.026,0.145,0.001,0.0,0.0,0.003,0.003,0.008,0.0,0.001,0.0,0.0,0.001,0.007,0.005,0.0,0.0,0.034,0.001,0.001,0.058,0.043,0.105,0.0,0.013,0.013,0.006,0.001,0.037,0.007,0.0,0.0,0.071,0.07,0.012,0.011,0.003,0.0,0.001,0.002,0.242,0.029,0.0,0.007,0.0,0.001,0.003,0.003,0.01,0.091,0.386,0.203,0.103,0.039,0.04,2.393,0.233,0.588,0.051,0.052,1.06,0.202,0.485,0.091,2.731,0.05,0.595,0.339,0.03,0.578,0.004,0.378,0.15,0.059,0.871,0.218,0.202,0.248,0.026,0.121,0.066,1.37,0.001,0.015,0.002,0.001,0.047,0.013,24.114,0.794,1.963,0.009,0.014,0.041,0.004,0.335,0.757,0.048,0.014,0.013,0.098,0.05,0.044,0.046,0.027,0.068,0.047,0.009,0.038,0.023,0.01,0.014,0.01,0.024,0.012,0.045,0.033,0.021,0.008,0.012,0.1,0.084,0.001,0.076,2.108,0.003,0.037
Indragiri Hilir,14,Riau,Sumatera,Kabupaten,0.003,0.005,0.029,0.077,0.025,0.005,0.076,0.009,0.02,0.005,0.165,0.07,0.024,0.05,0.008,0.016,0.106,0.002,0.005,0.0,0.001,0.0,0.004,0.0,0.001,0.001,0.0,0.008,0.016,0.007,0.0,0.0,0.042,0.005,0.002,0.059,0.153,0.118,0.003,0.011,0.037,0.049,0.002,0.038,0.001,0.0,0.002,0.03,0.027,0.01,0.01,0.005,0.002,0.0,0.0,0.18,0.044,0.0,0.013,0.001,0.001,0.007,0.01,0.067,0.09,0.223,0.257,0.099,0.02,0.058,0.79,0.201,0.819,0.115,0.047,1.263,0.439,0.321,0.171,2.837,0.338,0.62,0.269,0.039,0.77,0.008,0.653,0.138,0.032,0.703,0.236,0.166,0.137,0.071,0.053,0.17,1.415,0.008,0.01,0.002,0.001,0.091,0.021,24.344,1.221,1.475,0.01,0.003,0.005,0.003,0.357,0.676,0.032,0.012,0.003,0.051,0.031,0.069,0.018,0.02,0.056,0.057,0.02,0.036,0.02,0.016,0.009,0.006,0.034,0.013,0.036,0.01,0.015,0.009,0.016,0.026,0.073,0.007,0.071,2.13,0.009,0.015
Pelalawan,14,Riau,Sumatera,Kabupaten,0.005,0.006,0.022,0.118,0.01,0.001,0.132,0.012,0.046,0.005,0.031,0.041,0.079,0.059,0.017,0.028,0.194,0.003,0.009,0.0,0.005,0.0,0.001,0.001,0.001,0.0,0.001,0.002,0.045,0.006,0.0,0.002,0.035,0.009,0.002,0.024,0.05,0.034,0.0,0.012,0.021,0.01,0.0,0.061,0.011,0.0,0.004,0.063,0.11,0.006,0.006,0.016,0.002,0.007,0.002,0.296,0.054,0.0,0.043,0.004,0.001,0.002,0.017,0.012,0.113,0.504,0.159,0.055,0.038,0.074,0.095,0.218,0.115,0.09,0.048,0.952,0.108,0.473,0.213,2.987,0.3,0.774,0.368,0.049,0.381,0.001,0.132,0.161,0.042,0.794,0.236,0.116,0.166,0.055,0.119,0.042,1.602,0.002,0.02,0.003,0.0,0.055,0.008,20.837,0.893,2.808,0.02,0.008,0.011,0.009,0.414,0.928,0.054,0.02,0.012,0.078,0.062,0.086,0.046,0.028,0.05,0.039,0.016,0.053,0.012,0.011,0.015,0.018,0.008,0.022,0.072,0.036,0.031,0.008,0.014,0.018,0.077,0.0,0.081,2.44,0.008,0.22
Siak,14,Riau,Sumatera,Kabupaten,0.007,0.011,0.04,0.088,0.004,0.007,0.142,0.008,0.054,0.015,0.079,0.003,0.054,0.067,0.005,0.032,0.199,0.003,0.01,0.0,0.003,0.001,0.003,0.0,0.0,0.0,0.0,0.002,0.022,0.011,0.004,0.003,0.036,0.004,0.003,0.086,0.033,0.021,0.001,0.029,0.035,0.012,0.0,0.09,0.01,0.0,0.001,0.108,0.076,0.02,0.021,0.007,0.001,0.009,0.002,0.249,0.053,0.0,0.018,0.003,0.001,0.001,0.012,0.019,0.119,0.493,0.133,0.152,0.051,0.068,1.256,0.293,0.277,0.101,0.041,1.203,0.23,0.466,0.052,2.675,0.122,0.654,0.368,0.087,0.37,0.008,0.343,0.174,0.516,0.762,0.336,0.143,0.164,0.088,0.171,0.1,1.44,0.002,0.029,0.005,0.001,0.061,0.0,17.779,1.775,1.261,0.004,0.013,0.016,0.002,0.406,0.669,0.067,0.019,0.013,0.08,0.049,0.045,0.026,0.056,0.075,0.069,0.024,0.046,0.023,0.018,0.021,0.031,0.015,0.035,0.064,0.048,0.035,0.015,0.017,0.078,0.069,0.008,0.045,2.472,0.017,0.428
Kampar,14,Riau,Sumatera,Kabupaten,0.008,0.013,0.026,0.066,0.01,0.005,0.12,0.017,0.037,0.02,0.046,0.007,0.069,0.067,0.001,0.016,0.218,0.001,0.004,0.0,0.003,0.0,0.005,0.0,0.002,0.004,0.0,0.001,0.019,0.006,0.001,0.001,0.022,0.003,0.002,0.065,0.032,0.043,0.0,0.008,0.018,0.005,0.001,0.073,0.015,0.0,0.001,0.072,0.081,0.014,0.011,0.017,0.001,0.004,0.002,0.197,0.05,0.0,0.005,0.001,0.001,0.001,0.005,0.013,0.051,0.303,0.288,0.135,0.04,0.093,1.439,0.313,0.062,0.127,0.02,1.023,0.24,0.63,0.071,2.589,0.048,0.693,0.362,0.077,0.625,0.001,0.233,0.258,0.049,0.937,0.17,0.151,0.623,0.061,0.2,0.077,1.315,0.003,0.018,0.0,0.0,0.03,0.002,19.646,1.273,2.197,0.005,0.003,0.022,0.003,0.382,0.865,0.064,0.016,0.018,0.128,0.041,0.037,0.037,0.036,0.067,0.034,0.007,0.031,0.012,0.014,0.012,0.02,0.009,0.019,0.071,0.024,0.024,0.009,0.015,0.033,0.086,0.053,0.028,2.25,0.005,0.265
Rokan Hulu,14,Riau,Sumatera,Kabupaten,0.005,0.014,0.017,0.074,0.084,0.002,0.118,0.017,0.037,0.011,0.029,0.02,0.09,0.083,0.002,0.019,0.17,0.003,0.001,0.0,0.006,0.0,0.005,0.0,0.001,0.004,0.0,0.002,0.032,0.005,0.011,0.002,0.032,0.009,0.001,0.077,0.052,0.037,0.0,0.013,0.017,0.007,0.0,0.065,0.026,0.0,0.001,0.083,0.074,0.0,0.012,0.019,0.0,0.003,0.001,0.318,0.053,0.0,0.007,0.001,0.001,0.002,0.026,0.009,0.05,0.35,0.098,0.133,0.028,0.063,1.112,0.252,0.251,0.221,0.027,0.769,0.241,0.455,0.129,3.027,0.082,0.683,0.418,0.073,0.686,0.007,0.157,0.26,0.442,0.758,0.185,0.067,0.481,0.061,0.383,0.132,1.788,0.009,0.011,0.002,0.0,0.032,0.0,29.669,1.626,0.607,0.003,0.006,0.018,0.014,0.437,0.822,0.059,0.028,0.012,0.1,0.05,0.048,0.023,0.052,0.069,0.054,0.02,0.044,0.03,0.02,0.016,0.021,0.012,0.012,0.085,0.05,0.031,0.005,0.017,0.0,0.066,0.0,0.046,2.053,0.013,0.152
Bengkalis,14,Riau,Sumatera,Kabupaten,0.006,0.009,0.027,0.063,0.011,0.007,0.137,0.017,0.055,0.014,0.055,0.001,0.06,0.058,0.002,0.021,0.208,0.006,0.004,0.0,0.006,0.0,0.007,0.001,0.001,0.0,0.001,0.004,0.015,0.012,0.008,0.001,0.044,0.002,0.003,0.1,0.059,0.101,0.001,0.041,0.045,0.024,0.001,0.069,0.014,0.0,0.001,0.043,0.039,0.067,0.017,0.015,0.018,0.003,0.002,0.224,0.061,0.0,0.002,0.002,0.0,0.005,0.021,0.03,0.153,0.388,0.245,0.207,0.029,0.118,1.025,0.325,0.282,0.149,0.115,2.303,0.343,0.753,0.053,2.889,0.068,0.498,0.412,0.147,0.688,0.001,0.283,0.292,0.565,0.779,0.352,0.205,0.23,0.128,0.2,0.078,1.447,0.003,0.02,0.0,0.0,0.06,0.0,19.777,1.631,1.013,0.004,0.017,0.016,0.016,0.41,0.705,0.071,0.021,0.011,0.082,0.038,0.045,0.05,0.031,0.079,0.043,0.012,0.043,0.024,0.011,0.02,0.019,0.012,0.028,0.048,0.054,0.032,0.012,0.013,0.029,0.087,0.028,0.092,2.398,0.018,0.522
Rokan Hilir,14,Riau,Sumatera,Kabupaten,0.001,0.014,0.017,0.055,0.004,0.003,0.16,0.003,0.023,0.008,0.053,0.004,0.085,0.088,0.029,0.019,0.139,0.003,0.0,0.0,0.001,0.001,0.004,0.0,0.0,0.0,0.0,0.004,0.03,0.003,0.0,0.004,0.09,0.012,0.0,0.046,0.096,0.143,0.001,0.017,0.05,0.037,0.002,0.041,0.008,0.0,0.009,0.044,0.044,0.012,0.03,0.025,0.0,0.002,0.001,0.194,0.055,0.0,0.012,0.0,0.001,0.007,0.076,0.014,0.086,0.333,0.239,0.075,0.006,0.041,1.345,0.284,0.469,0.054,0.064,1.389,0.24,0.309,0.051,3.383,0.305,0.754,0.441,0.13,0.546,0.003,0.152,0.195,0.058,1.155,0.073,0.201,0.172,0.06,0.112,0.046,1.519,0.002,0.014,0.004,0.001,0.043,0.0,20.566,2.123,1.209,0.007,0.003,0.009,0.007,0.364,0.7,0.043,0.023,0.012,0.065,0.045,0.035,0.013,0.04,0.067,0.048,0.009,0.027,0.019,0.019,0.017,0.025,0.011,0.012,0.068,0.039,0.027,0.007,0.013,0.008,0.082,0.0,0.039,1.974,0.01,0.075
Kepulauan Meranti,14,Riau,Sumatera,Kabupaten,0.001,0.008,0.014,0.051,0.0,0.008,0.089,0.005,0.016,0.007,0.136,0.004,0.023,0.051,0.001,0.013,0.104,0.001,0.001,0.0,0.001,0.0,0.004,0.0,0.0,0.0,0.0,0.007,0.006,0.004,0.001,0.005,0.002,0.0,0.001,0.099,0.118,0.178,0.002,0.059,0.056,0.04,0.002,0.023,0.0,0.0,0.0,0.003,0.001,0.069,0.008,0.0,0.013,0.003,0.003,0.153,0.092,0.0,0.0,0.002,0.002,0.015,0.002,0.042,0.016,0.063,0.075,0.134,0.02,0.028,0.63,0.151,0.56,0.179,0.08,2.58,0.478,0.776,0.073,3.215,0.014,0.654,0.18,0.06,0.893,0.0,0.179,0.123,0.047,0.885,0.608,0.244,0.073,0.077,0.054,0.052,1.459,0.004,0.015,0.001,0.0,0.089,0.0,21.448,3.963,1.242,0.007,0.004,0.005,0.005,0.401,0.541,0.051,0.008,0.004,0.033,0.027,0.036,0.007,0.029,0.066,0.036,0.008,0.03,0.014,0.002,0.014,0.008,0.008,0.035,0.032,0.011,0.014,0.006,0.019,0.005,0.053,0.015,0.085,2.22,0.001,0.041
Kota Pekanbaru,14,Riau,Sumatera,Kota,0.01,0.014,0.03,0.088,0.004,0.007,0.116,0.02,0.089,0.018,0.087,0.0,0.038,0.053,0.007,0.011,0.227,0.004,0.007,0.0,0.012,0.0,0.003,0.0,0.0,0.0,0.001,0.0,0.009,0.008,0.007,0.001,0.003,0.004,0.002,0.092,0.026,0.066,0.002,0.014,0.017,0.003,0.0,0.087,0.005,0.0,0.003,0.07,0.079,0.011,0.008,0.038,0.002,0.001,0.001,0.184,0.062,0.0,0.008,0.002,0.0,0.001,0.007,0.023,0.149,0.526,0.178,0.337,0.13,0.152,1.068,0.254,0.207,0.163,0.139,1.333,0.315,0.972,0.158,2.362,0.308,0.456,0.352,0.057,0.596,0.0,1.026,0.336,0.02,1.311,0.357,0.209,0.211,0.055,0.186,0.14,1.122,0.008,0.019,0.0,0.002,0.022,0.063,13.592,0.564,0.568,0.0,0.013,0.01,0.013,0.284,0.632,0.062,0.02,0.009,0.092,0.031,0.015,0.02,0.011,0.06,0.018,0.018,0.032,0.005,0.002,0.01,0.019,0.011,0.025,0.033,0.04,0.034,0.015,0.012,0.097,0.037,0.009,0.05,2.75,0.015,0.326
Kota Dumai,14,Riau,Sumatera,Kota,0.006,0.008,0.031,0.05,0.002,0.001,0.125,0.011,0.066,0.009,0.078,0.0,0.035,0.056,0.076,0.01,0.185,0.001,0.004,0.0,0.007,0.0,0.002,0.0,0.001,0.0,0.001,0.007,0.022,0.009,0.005,0.001,0.011,0.003,0.0,0.043,0.062,0.096,0.002,0.023,0.049,0.034,0.001,0.057,0.009,0.0,0.0,0.049,0.053,0.02,0.008,0.026,0.006,0.004,0.001,0.213,0.1,0.0,0.002,0.005,0.008,0.002,0.018,0.028,0.081,0.598,0.15,0.144,0.047,0.1,2.187,0.277,0.302,0.062,0.064,1.55,0.32,0.75,0.142,2.43,0.13,0.335,0.296,0.053,0.403,0.006,0.454,0.176,0.024,0.926,0.317,0.185,0.131,0.082,0.18,0.066,1.52,0.002,0.024,0.002,0.002,0.035,0.0,19.381,1.384,2.387,0.001,0.013,0.006,0.016,0.3,0.631,0.069,0.018,0.007,0.085,0.031,0.033,0.019,0.023,0.068,0.032,0.015,0.046,0.011,0.011,0.016,0.033,0.013,0.03,0.04,0.006,0.036,0.012,0.023,0.075,0.058,0.006,0.044,2.534,0.018,0.438
Kerinci,15,Jambi,Sumatera,Kabupaten,0.016,0.009,0.029,0.138,0.191,0.004,0.082,0.034,0.053,0.012,0.091,0.041,0.036,0.013,0.045,0.005,0.129,0.0,0.003,0.0,0.009,0.0,0.007,0.0,0.0,0.002,0.0,0.0,0.007,0.0,0.0,0.0,0.002,0.004,0.0,0.088,0.093,0.062,0.0,0.008,0.004,0.001,0.0,0.016,0.029,0.0,0.063,0.05,0.001,0.005,0.001,0.046,0.0,0.002,0.0,0.154,0.103,0.0,0.004,0.004,0.002,0.0,0.014,0.007,0.069,0.105,0.129,0.185,0.001,0.169,1.26,0.15,0.088,0.256,0.046,0.996,0.497,0.817,0.15,4.117,0.264,0.893,0.321,0.053,0.277,0.001,0.298,0.339,0.086,1.149,0.197,0.171,0.459,0.066,0.275,0.051,1.738,0.005,0.061,0.003,0.001,0.021,0.002,25.249,1.279,2.64,0.008,0.0,0.003,0.027,0.241,0.953,0.047,0.054,0.018,0.163,0.005,0.069,0.033,0.017,0.034,0.041,0.048,0.045,0.005,0.004,0.009,0.004,0.069,0.02,0.082,0.032,0.018,0.008,0.004,0.05,0.03,0.005,0.06,1.918,0.031,0.111
Merangin,15,Jambi,Sumatera,Kabupaten,0.001,0.005,0.034,0.129,1.026,0.002,0.051,0.023,0.033,0.027,0.07,0.231,0.035,0.045,0.012,0.032,0.148,0.002,0.0,0.0,0.002,0.002,0.009,0.0,0.001,0.009,0.0,0.0,0.031,0.001,0.002,0.0,0.005,0.0,0.0,0.052,0.011,0.022,0.0,0.008,0.004,0.0,0.002,0.047,0.052,0.0,0.003,0.063,0.032,0.004,0.001,0.011,0.0,0.007,0.0,0.331,0.05,0.0,0.054,0.004,0.001,0.002,0.002,0.008,0.058,0.094,0.18,0.169,0.01,0.105,0.742,0.222,0.136,0.239,0.014,0.937,0.218,0.362,0.045,2.881,0.115,0.662,0.256,0.049,0.446,0.002,0.328,0.12,0.174,0.738,0.063,0.218,0.126,0.106,0.104,0.067,1.545,0.038,0.015,0.0,0.0,0.028,0.002,23.489,2.089,4.124,0.01,0.01,0.011,0.016,0.254,0.804,0.059,0.027,0.013,0.104,0.073,0.117,0.043,0.053,0.071,0.046,0.026,0.042,0.016,0.016,0.018,0.015,0.054,0.012,0.096,0.048,0.021,0.008,0.008,0.067,0.038,0.0,0.051,1.521,0.002,0.132
Sarolangun,15,Jambi,Sumatera,Kabupaten,0.005,0.006,0.044,0.261,0.379,0.003,0.041,0.013,0.036,0.017,0.064,0.244,0.015,0.046,0.012,0.022,0.148,0.002,0.001,0.0,0.007,0.004,0.004,0.0,0.001,0.0,0.0,0.0,0.003,0.0,0.0,0.0,0.025,0.0,0.0,0.014,0.02,0.026,0.0,0.003,0.004,0.001,0.0,0.019,0.055,0.0,0.0,0.091,0.065,0.002,0.006,0.014,0.0,0.005,0.0,0.26,0.04,0.0,0.017,0.001,0.0,0.002,0.0,0.005,0.045,0.06,0.115,0.055,0.022,0.032,1.17,0.156,0.292,0.103,0.011,0.696,0.045,0.212,0.028,2.749,0.086,0.494,0.257,0.049,0.44,0.008,0.332,0.153,0.021,1.173,0.092,0.055,0.204,0.027,0.115,0.051,1.611,0.032,0.017,0.0,0.0,0.045,0.001,24.557,3.174,0.306,0.017,0.005,0.02,0.0,0.262,0.696,0.058,0.01,0.004,0.089,0.058,0.062,0.055,0.036,0.079,0.035,0.009,0.044,0.009,0.008,0.008,0.011,0.03,0.016,0.071,0.026,0.018,0.005,0.016,0.022,0.068,0.0,0.052,1.746,0.001,0.162
Batang Hari,15,Jambi,Sumatera,Kabupaten,0.003,0.014,0.014,0.211,0.077,0.001,0.09,0.02,0.023,0.023,0.061,0.163,0.028,0.092,0.008,0.028,0.156,0.003,0.001,0.0,0.006,0.003,0.013,0.0,0.0,0.0,0.002,0.0,0.007,0.003,0.004,0.0,0.032,0.0,0.0,0.037,0.023,0.1,0.0,0.004,0.007,0.002,0.0,0.029,0.007,0.0,0.0,0.111,0.119,0.002,0.007,0.006,0.0,0.016,0.002,0.237,0.031,0.0,0.002,0.0,0.0,0.004,0.001,0.011,0.127,0.052,0.216,0.14,0.013,0.032,1.108,0.211,0.254,0.276,0.064,0.997,0.175,0.294,0.028,2.574,0.189,0.495,0.315,0.09,0.581,0.002,0.366,0.081,0.216,0.686,0.107,0.192,0.163,0.058,0.09,0.077,1.388,0.005,0.014,0.0,0.0,0.095,0.0,22.764,1.055,1.726,0.004,0.022,0.02,0.005,0.355,0.711,0.066,0.02,0.006,0.093,0.058,0.052,0.031,0.039,0.073,0.045,0.022,0.053,0.008,0.011,0.016,0.02,0.015,0.025,0.07,0.024,0.03,0.004,0.014,0.035,0.081,0.007,0.088,1.812,0.015,0.07
Muaro Jambi,15,Jambi,Sumatera,Kabupaten,0.006,0.02,0.028,0.241,0.044,0.001,0.1,0.016,0.047,0.036,0.107,0.21,0.017,0.09,0.028,0.017,0.162,0.004,0.003,0.0,0.011,0.005,0.023,0.001,0.002,0.001,0.001,0.0,0.041,0.004,0.009,0.003,0.02,0.007,0.001,0.057,0.034,0.079,0.0,0.016,0.02,0.003,0.0,0.05,0.009,0.0,0.002,0.113,0.062,0.001,0.006,0.008,0.001,0.003,0.002,0.177,0.033,0.0,0.023,0.001,0.002,0.001,0.003,0.017,0.141,0.246,0.232,0.134,0.03,0.092,1.162,0.207,0.324,0.171,0.056,1.411,0.247,0.127,0.129,2.753,0.255,1.075,0.371,0.109,0.458,0.003,0.434,0.115,0.158,0.763,0.338,0.131,0.209,0.082,0.176,0.067,1.403,0.006,0.012,0.002,0.001,0.121,0.007,15.725,1.259,2.0,0.001,0.009,0.009,0.014,0.385,0.699,0.064,0.016,0.006,0.079,0.042,0.054,0.034,0.048,0.06,0.046,0.025,0.031,0.014,0.024,0.023,0.027,0.013,0.028,0.061,0.031,0.03,0.015,0.006,0.042,0.083,0.003,0.06,2.196,0.01,0.162
Tanjung Jabung Timur,15,Jambi,Sumatera,Kabupaten,0.004,0.016,0.037,0.185,0.018,0.006,0.103,0.02,0.048,0.01,0.155,0.141,0.018,0.052,0.005,0.024,0.141,0.001,0.003,0.0,0.002,0.002,0.009,0.0,0.002,0.0,0.009,0.015,0.02,0.009,0.0,0.0,0.05,0.003,0.0,0.019,0.177,0.14,0.003,0.009,0.032,0.031,0.011,0.031,0.002,0.0,0.0,0.078,0.032,0.004,0.0,0.0,0.002,0.002,0.0,0.116,0.054,0.0,0.03,0.0,0.0,0.029,0.066,0.066,0.076,0.248,0.131,0.182,0.025,0.043,0.933,0.181,0.563,0.172,0.099,2.346,0.167,0.257,0.093,3.798,0.189,0.31,0.256,0.078,0.549,0.0,0.933,0.15,0.149,0.908,0.424,0.087,0.16,0.082,0.07,0.144,1.44,0.01,0.023,0.001,0.0,0.112,0.0,22.572,0.881,0.622,0.007,0.004,0.025,0.0,0.45,0.749,0.067,0.016,0.003,0.096,0.044,0.043,0.063,0.033,0.063,0.033,0.02,0.03,0.018,0.025,0.011,0.023,0.008,0.01,0.06,0.027,0.021,0.01,0.01,0.011,0.099,0.0,0.073,1.834,0.011,0.016
Tanjung Jabung Barat,15,Jambi,Sumatera,Kabupaten,0.002,0.004,0.019,0.163,0.058,0.001,0.085,0.018,0.024,0.005,0.118,0.091,0.024,0.049,0.011,0.015,0.159,0.001,0.0,0.001,0.003,0.001,0.009,0.0,0.008,0.001,0.0,0.015,0.024,0.007,0.0,0.0,0.025,0.002,0.001,0.043,0.091,0.078,0.002,0.021,0.041,0.022,0.001,0.044,0.013,0.0,0.001,0.069,0.052,0.002,0.001,0.006,0.002,0.0,0.002,0.137,0.03,0.0,0.012,0.0,0.004,0.013,0.012,0.042,0.092,0.155,0.266,0.103,0.178,0.035,1.023,0.158,0.4,0.212,0.034,1.783,0.192,0.201,0.127,3.224,0.283,0.812,0.218,0.067,0.537,0.004,0.776,0.158,0.158,1.045,0.249,0.102,0.148,0.081,0.103,0.209,1.295,0.005,0.026,0.002,0.001,0.119,0.004,23.824,2.663,0.973,0.006,0.016,0.019,0.005,0.419,0.718,0.078,0.022,0.005,0.079,0.057,0.065,0.037,0.042,0.065,0.042,0.014,0.05,0.012,0.01,0.015,0.01,0.032,0.024,0.044,0.018,0.025,0.008,0.014,0.015,0.1,0.006,0.061,2.224,0.004,0.02
Tebo,15,Jambi,Sumatera,Kabupaten,0.003,0.006,0.028,0.218,0.089,0.003,0.074,0.017,0.045,0.015,0.097,0.218,0.04,0.071,0.024,0.029,0.133,0.001,0.001,0.0,0.002,0.0,0.007,0.0,0.001,0.003,0.0,0.001,0.013,0.001,0.0,0.0,0.017,0.0,0.001,0.066,0.019,0.034,0.0,0.009,0.009,0.001,0.0,0.043,0.013,0.0,0.0,0.075,0.087,0.0,0.008,0.0,0.0,0.008,0.0,0.283,0.046,0.0,0.022,0.0,0.0,0.002,0.0,0.003,0.048,0.142,0.183,0.137,0.009,0.05,0.644,0.144,0.257,0.21,0.038,0.973,0.243,0.21,0.038,2.588,0.042,0.545,0.437,0.064,0.446,0.0,0.308,0.133,0.094,0.859,0.063,0.17,0.316,0.09,0.075,0.094,1.636,0.009,0.014,0.0,0.0,0.072,0.0,21.425,1.886,2.271,0.01,0.003,0.018,0.005,0.331,0.714,0.069,0.014,0.008,0.081,0.052,0.073,0.045,0.049,0.077,0.05,0.016,0.048,0.031,0.035,0.023,0.014,0.023,0.014,0.095,0.026,0.024,0.012,0.012,0.011,0.096,0.003,0.036,1.806,0.0,0.069
Bungo,15,Jambi,Sumatera,Kabupaten,0.009,0.01,0.051,0.173,0.892,0.001,0.086,0.038,0.032,0.031,0.084,0.225,0.05,0.072,0.021,0.023,0.165,0.0,0.002,0.0,0.008,0.0,0.007,0.0,0.0,0.002,0.001,0.001,0.013,0.005,0.001,0.0,0.005,0.002,0.001,0.092,0.037,0.04,0.0,0.019,0.014,0.0,0.0,0.03,0.04,0.0,0.0,0.072,0.05,0.007,0.001,0.002,0.0,0.004,0.0,0.28,0.052,0.0,0.019,0.002,0.0,0.002,0.001,0.008,0.081,0.214,0.352,0.319,0.028,0.102,1.81,0.275,0.52,0.195,0.168,1.008,0.283,0.288,0.378,3.875,0.293,0.524,0.485,0.094,0.508,0.004,0.33,0.143,0.298,1.207,0.177,0.151,0.322,0.152,0.215,0.112,1.419,0.021,0.022,0.003,0.0,0.04,0.0,29.816,0.879,0.645,0.003,0.005,0.022,0.003,0.229,0.784,0.064,0.015,0.006,0.106,0.052,0.074,0.035,0.046,0.072,0.044,0.025,0.047,0.015,0.013,0.005,0.021,0.059,0.016,0.092,0.01,0.024,0.012,0.015,0.02,0.07,0.001,0.025,2.042,0.0,0.27
Kota Jambi,15,Jambi,Sumatera,Kota,0.012,0.014,0.03,0.295,0.061,0.006,0.079,0.01,0.071,0.047,0.07,0.132,0.022,0.066,0.025,0.005,0.197,0.001,0.009,0.0,0.009,0.0,0.015,0.001,0.002,0.0,0.0,0.003,0.072,0.007,0.005,0.0,0.013,0.004,0.004,0.024,0.015,0.026,0.001,0.009,0.027,0.012,0.001,0.065,0.007,0.0,0.0,0.126,0.059,0.006,0.002,0.007,0.0,0.002,0.0,0.14,0.028,0.0,0.002,0.002,0.0,0.003,0.002,0.03,0.289,0.354,0.15,0.296,0.08,0.086,0.836,0.312,0.483,0.234,0.062,1.899,0.327,0.425,0.637,2.946,0.408,0.643,0.499,0.049,0.418,0.0,1.148,0.217,0.104,1.023,0.543,0.169,0.283,0.108,0.225,0.131,1.023,0.004,0.029,0.001,0.001,0.08,0.004,11.63,1.368,0.113,0.005,0.046,0.02,0.023,0.296,0.648,0.066,0.019,0.006,0.08,0.024,0.031,0.021,0.018,0.067,0.026,0.019,0.031,0.003,0.009,0.024,0.026,0.022,0.027,0.041,0.028,0.034,0.031,0.008,0.107,0.071,0.009,0.062,2.191,0.007,0.228
Kota Sungai Penuh,15,Jambi,Sumatera,Kota,0.033,0.004,0.021,0.131,0.076,0.001,0.077,0.04,0.084,0.02,0.095,0.009,0.007,0.024,0.059,0.008,0.111,0.0,0.004,0.0,0.011,0.002,0.004,0.0,0.003,0.004,0.0,0.0,0.009,0.003,0.0,0.002,0.002,0.002,0.0,0.067,0.046,0.033,0.0,0.003,0.011,0.0,0.0,0.044,0.011,0.0,0.081,0.095,0.0,0.005,0.004,0.035,0.0,0.001,0.0,0.154,0.078,0.0,0.02,0.004,0.005,0.002,0.022,0.023,0.06,0.247,0.134,0.236,0.021,0.141,0.728,0.154,0.05,0.205,0.097,1.057,0.355,1.111,0.081,2.974,0.094,0.582,0.259,0.055,0.336,0.001,0.278,0.313,0.11,1.262,0.318,0.128,0.323,0.077,0.154,0.053,1.541,0.003,0.035,0.0,0.001,0.022,0.005,23.562,0.12,1.082,0.001,0.0,0.007,0.035,0.165,0.809,0.057,0.035,0.008,0.159,0.004,0.036,0.042,0.018,0.052,0.036,0.043,0.032,0.002,0.0,0.008,0.005,0.023,0.02,0.063,0.035,0.031,0.015,0.007,0.044,0.036,0.007,0.084,2.04,0.112,0.078
Ogan Komering Ulu,16,Sumatera Selatan,Sumatera,Kabupaten,0.017,0.004,0.046,0.177,0.122,0.002,0.03,0.005,0.021,0.025,0.097,0.13,0.025,0.04,0.002,0.019,0.125,0.0,0.006,0.0,0.007,0.001,0.012,0.001,0.008,0.007,0.0,0.001,0.011,0.009,0.0,0.001,0.005,0.001,0.001,0.036,0.066,0.024,0.0,0.029,0.008,0.002,0.0,0.073,0.01,0.0,0.071,0.013,0.101,0.002,0.007,0.059,0.0,0.006,0.001,0.101,0.028,0.0,0.051,0.0,0.0,0.001,0.002,0.006,0.12,0.197,0.242,0.122,0.019,0.042,0.838,0.188,0.213,0.155,0.026,0.936,0.265,0.064,0.213,2.947,0.165,0.571,0.493,0.036,0.657,0.0,0.551,0.061,0.07,1.465,0.17,0.086,0.096,0.127,0.284,0.085,1.637,0.004,0.01,0.003,0.002,0.083,0.158,17.216,5.009,0.166,0.018,0.051,0.098,0.005,0.355,0.375,0.049,0.008,0.002,0.027,0.036,0.053,0.005,0.043,0.07,0.041,0.019,0.028,0.012,0.007,0.014,0.029,0.024,0.016,0.08,0.052,0.028,0.015,0.013,0.081,0.108,0.0,0.051,2.418,0.006,0.029
Ogan Komering Ilir,16,Sumatera Selatan,Sumatera,Kabupaten,0.011,0.005,0.109,0.223,0.161,0.003,0.066,0.014,0.029,0.016,0.131,0.175,0.017,0.076,0.002,0.04,0.14,0.0,0.003,0.001,0.004,0.0,0.008,0.0,0.037,0.001,0.002,0.001,0.006,0.006,0.001,0.001,0.057,0.004,0.0,0.051,0.015,0.08,0.004,0.012,0.015,0.014,0.005,0.08,0.003,0.0,0.01,0.047,0.092,0.001,0.004,0.055,0.001,0.001,0.003,0.062,0.049,0.0,0.062,0.0,0.0,0.002,0.003,0.006,0.252,0.142,0.212,0.08,0.022,0.084,1.099,0.228,0.695,0.257,0.037,1.227,0.298,0.09,0.21,3.578,0.22,0.601,0.428,0.219,0.623,0.001,0.55,0.098,0.051,1.516,0.167,0.181,0.092,0.063,0.248,0.151,1.686,0.012,0.053,0.002,0.0,0.137,0.065,16.428,3.373,0.548,0.024,0.081,0.114,0.001,0.459,0.667,0.062,0.013,0.014,0.038,0.057,0.074,0.011,0.086,0.086,0.062,0.03,0.074,0.026,0.04,0.012,0.034,0.043,0.008,0.091,0.034,0.031,0.013,0.015,0.051,0.111,0.011,0.039,2.288,0.073,0.024
Muara Enim,16,Sumatera Selatan,Sumatera,Kabupaten,0.019,0.008,0.034,0.271,0.161,0.006,0.044,0.008,0.034,0.008,0.077,0.206,0.02,0.059,0.008,0.019,0.153,0.0,0.006,0.0,0.005,0.0,0.015,0.001,0.002,0.001,0.0,0.0,0.013,0.01,0.01,0.001,0.009,0.0,0.001,0.081,0.059,0.033,0.001,0.007,0.002,0.004,0.0,0.052,0.01,0.0,0.005,0.095,0.106,0.0,0.013,0.108,0.0,0.002,0.001,0.117,0.038,0.0,0.024,0.001,0.002,0.001,0.008,0.008,0.085,0.109,0.124,0.202,0.029,0.066,1.333,0.268,0.48,0.218,0.122,0.847,0.229,0.093,0.245,3.88,0.388,0.637,0.573,0.157,0.849,0.0,0.528,0.105,0.229,1.228,0.16,0.107,0.131,0.185,0.252,0.066,1.568,0.024,0.039,0.0,0.001,0.126,0.0,17.558,5.105,1.49,0.011,0.103,0.128,0.004,0.403,0.486,0.064,0.017,0.009,0.058,0.031,0.058,0.015,0.037,0.079,0.06,0.041,0.037,0.011,0.008,0.022,0.031,0.037,0.022,0.083,0.071,0.029,0.014,0.016,0.067,0.118,0.015,0.057,2.635,0.009,0.036
Lahat,16,Sumatera Selatan,Sumatera,Kabupaten,0.021,0.007,0.051,0.249,0.276,0.004,0.05,0.007,0.032,0.033,0.078,0.168,0.019,0.034,0.0,0.019,0.172,0.0,0.007,0.0,0.008,0.003,0.009,0.001,0.001,0.003,0.0,0.001,0.027,0.02,0.008,0.0,0.003,0.002,0.0,0.038,0.096,0.024,0.001,0.005,0.008,0.005,0.001,0.088,0.01,0.0,0.09,0.059,0.055,0.0,0.005,0.049,0.001,0.003,0.001,0.088,0.036,0.0,0.024,0.0,0.004,0.003,0.004,0.009,0.13,0.081,0.063,0.122,0.03,0.05,1.015,0.218,0.283,0.165,0.027,0.791,0.285,0.142,0.175,3.637,0.266,0.745,0.735,0.147,0.67,0.003,0.872,0.081,0.058,1.341,0.19,0.141,0.11,0.136,0.354,0.044,1.85,0.009,0.034,0.001,0.0,0.091,0.004,15.481,9.73,0.674,0.008,0.02,0.043,0.005,0.412,0.451,0.046,0.028,0.006,0.095,0.032,0.057,0.011,0.039,0.08,0.063,0.049,0.026,0.018,0.013,0.03,0.055,0.069,0.024,0.106,0.101,0.041,0.02,0.01,0.104,0.081,0.007,0.035,2.24,0.01,0.063
Musi Rawas,16,Sumatera Selatan,Sumatera,Kabupaten,0.007,0.008,0.064,0.354,0.195,0.016,0.057,0.021,0.049,0.035,0.121,0.291,0.016,0.09,0.004,0.044,0.132,0.005,0.005,0.001,0.003,0.005,0.012,0.0,0.001,0.003,0.0,0.0,0.027,0.002,0.0,0.0,0.037,0.012,0.001,0.095,0.064,0.027,0.001,0.008,0.001,0.001,0.0,0.052,0.019,0.0,0.0,0.134,0.059,0.0,0.019,0.011,0.0,0.001,0.0,0.16,0.022,0.0,0.025,0.001,0.0,0.0,0.003,0.002,0.109,0.034,0.19,0.377,0.015,0.084,0.837,0.199,0.441,0.27,0.117,1.153,0.204,0.145,0.226,3.57,0.233,0.438,0.464,0.153,0.834,0.0,0.278,0.107,0.433,1.5,0.3,0.07,0.122,0.271,0.254,0.228,1.707,0.003,0.032,0.009,0.001,0.095,0.012,6.641,12.891,0.411,0.057,0.064,0.116,0.0,0.395,0.461,0.061,0.023,0.007,0.063,0.061,0.105,0.026,0.066,0.098,0.036,0.011,0.03,0.042,0.062,0.032,0.036,0.038,0.013,0.101,0.046,0.027,0.01,0.009,0.03,0.12,0.038,0.067,1.885,0.053,0.035
Musi Banyuasin,16,Sumatera Selatan,Sumatera,Kabupaten,0.008,0.008,0.096,0.299,0.111,0.002,0.053,0.02,0.037,0.017,0.084,0.268,0.013,0.077,0.002,0.034,0.153,0.001,0.009,0.0,0.012,0.001,0.009,0.0,0.009,0.007,0.001,0.001,0.011,0.019,0.002,0.0,0.045,0.01,0.001,0.052,0.061,0.093,0.0,0.041,0.011,0.004,0.0,0.068,0.006,0.0,0.002,0.11,0.112,0.0,0.009,0.111,0.001,0.007,0.001,0.127,0.033,0.0,0.011,0.0,0.001,0.001,0.003,0.01,0.124,0.223,0.157,0.404,0.092,0.047,1.011,0.205,0.182,0.178,0.064,0.883,0.198,0.045,0.168,2.685,0.253,0.623,0.468,0.158,0.686,0.0,0.279,0.107,0.406,1.106,0.215,0.215,0.145,0.17,0.325,0.1,1.532,0.01,0.035,0.0,0.002,0.12,0.059,17.823,3.824,0.455,0.0,0.096,0.06,0.003,0.445,0.572,0.072,0.023,0.008,0.045,0.034,0.071,0.011,0.055,0.086,0.05,0.015,0.043,0.028,0.031,0.025,0.032,0.017,0.022,0.057,0.035,0.031,0.01,0.019,0.04,0.145,0.036,0.049,2.256,0.015,0.157
Banyu Asin,16,Sumatera Selatan,Sumatera,Kabupaten,0.01,0.019,0.034,0.184,0.069,0.003,0.089,0.04,0.043,0.028,0.144,0.215,0.043,0.114,0.005,0.042,0.152,0.001,0.003,0.0,0.004,0.003,0.016,0.001,0.046,0.001,0.0,0.0,0.036,0.016,0.007,0.001,0.057,0.009,0.003,0.079,0.068,0.071,0.004,0.04,0.046,0.009,0.002,0.067,0.005,0.0,0.006,0.097,0.095,0.002,0.014,0.072,0.002,0.005,0.0,0.12,0.047,0.0,0.004,0.001,0.0,0.003,0.015,0.024,0.347,0.25,0.234,0.387,0.061,0.059,1.242,0.337,0.444,0.226,0.176,1.201,0.258,0.177,0.426,3.826,0.37,0.52,0.452,0.153,0.872,0.002,0.391,0.103,0.405,1.539,0.341,0.286,0.154,0.244,0.224,0.105,1.628,0.015,0.033,0.002,0.004,0.147,0.003,16.917,4.472,0.554,0.006,0.106,0.102,0.006,0.377,0.554,0.073,0.018,0.015,0.087,0.057,0.067,0.005,0.065,0.081,0.066,0.02,0.059,0.015,0.018,0.028,0.034,0.024,0.021,0.081,0.028,0.038,0.017,0.013,0.107,0.149,0.001,0.071,2.36,0.061,0.057
Ogan Komering Ulu Selatan,16,Sumatera Selatan,Sumatera,Kabupaten,0.029,0.002,0.035,0.109,0.3,0.004,0.044,0.017,0.054,0.019,0.135,0.157,0.031,0.033,0.002,0.024,0.103,0.0,0.003,0.0,0.001,0.002,0.007,0.0,0.014,0.0,0.0,0.0,0.001,0.001,0.0,0.0,0.001,0.002,0.0,0.034,0.047,0.025,0.0,0.019,0.004,0.002,0.0,0.067,0.019,0.0,0.055,0.047,0.062,0.0,0.011,0.06,0.002,0.006,0.0,0.13,0.05,0.0,0.035,0.001,0.001,0.001,0.0,0.001,0.099,0.061,0.236,0.079,0.018,0.038,0.844,0.157,0.288,0.139,0.029,0.437,0.224,0.046,0.046,3.463,0.145,0.628,0.337,0.135,1.147,0.0,0.282,0.022,0.067,1.531,0.135,0.063,0.079,0.105,0.198,0.113,1.804,0.002,0.015,0.002,0.0,0.039,0.182,16.476,10.731,0.357,0.039,0.041,0.064,0.008,0.454,0.55,0.063,0.041,0.004,0.031,0.07,0.097,0.05,0.05,0.088,0.053,0.043,0.037,0.012,0.019,0.021,0.018,0.063,0.018,0.116,0.116,0.02,0.004,0.007,0.002,0.087,0.002,0.048,1.966,0.012,0.0
Ogan Komering Ulu Timur,16,Sumatera Selatan,Sumatera,Kabupaten,0.013,0.009,0.103,0.127,0.136,0.004,0.029,0.007,0.035,0.022,0.107,0.103,0.024,0.065,0.002,0.051,0.088,0.003,0.002,0.0,0.005,0.006,0.011,0.001,0.007,0.001,0.0,0.001,0.006,0.005,0.0,0.0,0.033,0.003,0.001,0.03,0.129,0.036,0.0,0.028,0.004,0.0,0.0,0.13,0.011,0.0,0.046,0.022,0.125,0.0,0.025,0.015,0.0,0.003,0.0,0.054,0.033,0.0,0.042,0.0,0.01,0.006,0.009,0.003,0.153,0.014,0.231,0.443,0.029,0.081,1.016,0.244,0.475,0.261,0.17,1.285,0.287,0.112,0.145,2.96,0.146,0.684,0.446,0.111,1.127,0.002,0.17,0.069,0.654,1.642,0.155,0.263,0.093,0.425,0.275,0.259,1.632,0.007,0.063,0.002,0.001,0.096,0.889,15.631,3.112,1.572,0.101,0.059,0.174,0.004,0.482,0.721,0.071,0.015,0.004,0.033,0.059,0.099,0.009,0.08,0.095,0.022,0.025,0.027,0.027,0.056,0.011,0.026,0.048,0.011,0.116,0.048,0.018,0.012,0.014,0.025,0.116,0.002,0.038,1.898,0.123,0.038
Ogan Ilir,16,Sumatera Selatan,Sumatera,Kabupaten,0.015,0.006,0.062,0.209,0.095,0.002,0.048,0.005,0.032,0.014,0.182,0.223,0.013,0.069,0.009,0.016,0.126,0.001,0.003,0.001,0.002,0.003,0.011,0.001,0.001,0.0,0.0,0.001,0.02,0.009,0.0,0.0,0.031,0.004,0.001,0.077,0.052,0.176,0.001,0.019,0.023,0.001,0.0,0.03,0.001,0.0,0.001,0.064,0.138,0.001,0.012,0.09,0.0,0.004,0.0,0.081,0.024,0.0,0.022,0.0,0.0,0.002,0.003,0.005,0.169,0.193,0.26,0.351,0.021,0.051,1.168,0.276,0.998,0.237,0.114,1.258,0.198,0.038,0.525,4.308,0.91,0.742,0.474,0.063,0.384,0.0,0.384,0.083,0.424,1.99,0.278,0.215,0.058,0.148,0.214,0.078,1.43,0.018,0.067,0.001,0.002,0.178,0.0,17.686,5.423,0.0,0.01,0.071,0.086,0.008,0.361,0.575,0.04,0.005,0.008,0.052,0.017,0.057,0.011,0.03,0.043,0.049,0.028,0.062,0.006,0.009,0.021,0.023,0.026,0.016,0.065,0.029,0.037,0.013,0.017,0.056,0.117,0.013,0.07,1.875,0.112,0.034
Empat Lawang,16,Sumatera Selatan,Sumatera,Kabupaten,0.017,0.005,0.097,0.289,0.378,0.007,0.033,0.015,0.081,0.031,0.097,0.254,0.014,0.057,0.029,0.006,0.123,0.0,0.002,0.0,0.008,0.01,0.009,0.0,0.001,0.0,0.0,0.0,0.018,0.006,0.0,0.001,0.001,0.008,0.0,0.022,0.151,0.009,0.001,0.001,0.0,0.001,0.0,0.044,0.015,0.0,0.059,0.063,0.038,0.0,0.005,0.035,0.0,0.005,0.0,0.151,0.074,0.0,0.004,0.0,0.002,0.003,0.004,0.004,0.169,0.018,0.332,0.101,0.008,0.049,1.198,0.169,0.337,0.138,0.019,0.788,0.329,0.126,0.15,4.211,0.321,1.23,0.605,0.09,0.721,0.003,0.443,0.074,0.084,1.505,0.187,0.127,0.105,0.123,0.338,0.121,1.921,0.007,0.057,0.004,0.0,0.081,0.02,10.327,14.54,0.119,0.013,0.007,0.025,0.01,0.39,0.396,0.036,0.042,0.006,0.06,0.066,0.054,0.058,0.033,0.06,0.064,0.048,0.041,0.035,0.022,0.022,0.035,0.092,0.024,0.141,0.11,0.026,0.004,0.006,0.032,0.074,0.006,0.021,1.712,0.022,0.035
Penukal Abab Lematang Ilir,16,Sumatera Selatan,Sumatera,Kabupaten,0.014,0.007,0.048,0.285,0.094,0.004,0.051,0.005,0.038,0.013,0.078,0.257,0.026,0.025,0.014,0.01,0.128,0.0,0.003,0.0,0.007,0.001,0.019,0.0,0.006,0.0,0.0,0.001,0.0,0.013,0.0,0.0,0.031,0.002,0.0,0.089,0.038,0.052,0.0,0.006,0.0,0.013,0.0,0.045,0.005,0.0,0.001,0.072,0.142,0.001,0.018,0.117,0.0,0.001,0.001,0.12,0.048,0.0,0.02,0.0,0.0,0.001,0.002,0.002,0.181,0.091,0.297,0.142,0.021,0.039,1.046,0.163,0.891,0.092,0.04,0.84,0.1,0.227,0.079,3.135,0.267,0.401,0.483,0.242,0.657,0.001,0.318,0.098,0.094,1.227,0.157,0.354,0.072,0.097,0.253,0.013,1.81,0.021,0.013,0.002,0.001,0.174,0.195,12.668,5.824,0.914,0.019,0.082,0.091,0.0,0.348,0.48,0.063,0.01,0.011,0.061,0.034,0.034,0.027,0.032,0.079,0.071,0.014,0.038,0.01,0.015,0.026,0.02,0.027,0.011,0.092,0.064,0.022,0.011,0.006,0.022,0.148,0.0,0.05,1.772,0.01,0.019
Musi Rawas Utara,16,Sumatera Selatan,Sumatera,Kabupaten,0.008,0.007,0.04,0.27,0.211,0.004,0.035,0.007,0.035,0.018,0.069,0.196,0.031,0.056,0.002,0.04,0.137,0.0,0.005,0.001,0.007,0.002,0.019,0.001,0.002,0.001,0.001,0.0,0.006,0.001,0.001,0.0,0.041,0.004,0.0,0.098,0.03,0.055,0.001,0.025,0.001,0.001,0.0,0.026,0.041,0.0,0.001,0.093,0.071,0.0,0.008,0.035,0.0,0.007,0.002,0.189,0.048,0.0,0.011,0.0,0.005,0.0,0.003,0.005,0.239,0.028,0.455,0.469,0.01,0.1,0.916,0.223,0.51,0.24,0.192,0.972,0.204,0.166,0.211,2.878,0.318,0.436,0.366,0.152,0.839,0.0,0.273,0.089,0.534,0.75,0.163,0.277,0.217,0.245,0.176,0.236,1.686,0.012,0.019,0.001,0.0,0.069,0.289,12.921,6.523,0.336,0.003,0.035,0.052,0.004,0.352,0.473,0.07,0.017,0.01,0.063,0.03,0.052,0.038,0.03,0.062,0.042,0.02,0.043,0.015,0.021,0.022,0.019,0.034,0.01,0.077,0.031,0.019,0.01,0.013,0.034,0.101,0.016,0.113,1.573,0.008,0.173
Kota Palembang,16,Sumatera Selatan,Sumatera,Kota,0.02,0.011,0.043,0.209,0.108,0.002,0.088,0.017,0.069,0.038,0.12,0.102,0.022,0.059,0.003,0.005,0.216,0.001,0.022,0.0,0.014,0.002,0.016,0.001,0.005,0.0,0.001,0.005,0.04,0.028,0.003,0.001,0.017,0.001,0.012,0.025,0.051,0.044,0.004,0.039,0.046,0.01,0.001,0.101,0.004,0.0,0.055,0.06,0.113,0.003,0.003,0.041,0.002,0.0,0.001,0.062,0.029,0.0,0.004,0.001,0.002,0.002,0.003,0.028,0.312,0.212,0.15,0.27,0.184,0.109,0.801,0.246,0.555,0.172,0.169,1.847,0.425,0.194,2.086,3.005,0.651,0.45,0.586,0.085,0.493,0.003,0.895,0.192,0.258,1.436,0.463,0.146,0.188,0.226,0.339,0.082,1.254,0.007,0.035,0.003,0.001,0.117,0.181,9.957,1.943,0.237,0.003,0.137,0.178,0.028,0.413,0.529,0.053,0.01,0.006,0.055,0.019,0.017,0.004,0.02,0.066,0.025,0.02,0.042,0.002,0.002,0.02,0.036,0.027,0.022,0.032,0.035,0.034,0.028,0.027,0.237,0.103,0.021,0.05,3.005,0.012,0.216
Kota Prabumulih,16,Sumatera Selatan,Sumatera,Kota,0.012,0.005,0.036,0.274,0.108,0.001,0.049,0.014,0.051,0.019,0.087,0.148,0.01,0.059,0.006,0.005,0.215,0.0,0.017,0.0,0.008,0.0,0.009,0.0,0.002,0.0,0.0,0.0,0.038,0.023,0.005,0.0,0.012,0.002,0.003,0.049,0.04,0.014,0.004,0.025,0.013,0.005,0.0,0.085,0.004,0.0,0.003,0.106,0.116,0.0,0.021,0.056,0.001,0.0,0.002,0.1,0.044,0.0,0.003,0.0,0.0,0.001,0.002,0.012,0.09,0.145,0.087,0.125,0.059,0.04,0.794,0.182,0.451,0.128,0.049,0.705,0.151,0.09,0.403,2.809,0.585,0.692,0.355,0.074,0.45,0.001,0.837,0.104,0.073,0.923,0.247,0.083,0.081,0.153,0.202,0.054,1.219,0.003,0.026,0.001,0.0,0.1,0.038,11.285,2.39,1.021,0.002,0.093,0.127,0.016,0.467,0.54,0.073,0.006,0.003,0.054,0.024,0.041,0.004,0.023,0.067,0.028,0.015,0.034,0.003,0.008,0.014,0.021,0.01,0.026,0.045,0.036,0.031,0.035,0.014,0.1,0.082,0.02,0.018,2.6,0.003,0.099
Kota Pagar Alam,16,Sumatera Selatan,Sumatera,Kota,0.031,0.006,0.022,0.207,0.345,0.012,0.067,0.014,0.074,0.049,0.042,0.038,0.019,0.033,0.001,0.01,0.166,0.0,0.006,0.003,0.01,0.0,0.016,0.003,0.0,0.0,0.0,0.0,0.028,0.015,0.007,0.003,0.0,0.0,0.0,0.042,0.047,0.001,0.0,0.01,0.003,0.0,0.0,0.07,0.003,0.0,0.066,0.09,0.023,0.0,0.01,0.044,0.001,0.007,0.0,0.083,0.032,0.0,0.004,0.001,0.001,0.0,0.0,0.007,0.11,0.008,0.079,0.553,0.028,0.084,0.843,0.18,0.145,0.109,0.234,1.054,0.371,0.267,0.304,3.154,0.485,0.515,0.947,0.111,0.884,0.0,0.317,0.073,0.613,1.061,0.117,0.177,0.068,0.505,0.198,0.092,1.7,0.004,0.045,0.001,0.0,0.08,0.041,10.01,12.802,0.193,0.001,0.015,0.034,0.004,0.47,0.383,0.025,0.064,0.006,0.068,0.045,0.072,0.008,0.032,0.065,0.082,0.095,0.023,0.022,0.019,0.036,0.066,0.083,0.031,0.103,0.088,0.045,0.017,0.01,0.03,0.071,0.002,0.039,1.95,0.012,0.022
Kota Lubuklinggau,16,Sumatera Selatan,Sumatera,Kota,0.023,0.008,0.037,0.336,0.37,0.004,0.053,0.012,0.058,0.047,0.117,0.282,0.015,0.076,0.001,0.022,0.177,0.001,0.012,0.0,0.006,0.001,0.023,0.003,0.0,0.001,0.0,0.0,0.067,0.005,0.006,0.002,0.009,0.002,0.0,0.047,0.059,0.009,0.001,0.006,0.001,0.005,0.0,0.057,0.011,0.0,0.005,0.133,0.063,0.0,0.003,0.017,0.0,0.0,0.001,0.144,0.02,0.0,0.012,0.002,0.004,0.001,0.004,0.011,0.214,0.15,0.222,0.381,0.045,0.051,0.788,0.266,0.438,0.149,0.106,1.546,0.171,0.274,0.302,3.409,0.324,0.499,0.576,0.107,0.707,0.003,0.706,0.12,0.416,1.286,0.215,0.103,0.117,0.315,0.34,0.261,1.467,0.008,0.041,0.001,0.0,0.087,0.078,7.142,8.109,0.399,0.007,0.069,0.077,0.007,0.375,0.425,0.058,0.024,0.003,0.062,0.05,0.059,0.023,0.033,0.073,0.05,0.032,0.038,0.011,0.025,0.021,0.041,0.026,0.022,0.073,0.054,0.036,0.016,0.016,0.054,0.102,0.005,0.059,2.247,0.003,0.062
Bengkulu Selatan,17,Bengkulu,Sumatera,Kabupaten,0.008,0.008,0.032,0.095,0.168,0.006,0.04,0.006,0.07,0.035,0.152,0.094,0.03,0.059,0.017,0.014,0.114,0.0,0.002,0.0,0.005,0.007,0.008,0.0,0.001,0.0,0.0,0.007,0.06,0.003,0.0,0.003,0.007,0.0,0.001,0.09,0.031,0.077,0.002,0.001,0.009,0.009,0.029,0.011,0.011,0.0,0.003,0.165,0.0,0.001,0.002,0.0,0.001,0.002,0.001,0.137,0.047,0.0,0.002,0.029,0.0,0.004,0.0,0.022,0.181,0.006,0.362,0.45,0.012,0.044,0.684,0.098,0.096,0.14,0.116,0.927,0.201,0.21,0.085,3.163,0.057,0.853,0.278,0.049,0.514,0.0,0.123,0.084,0.394,0.668,0.146,0.164,0.271,0.152,0.206,0.107,1.786,0.006,0.042,0.001,0.0,0.035,0.004,11.015,10.892,1.517,0.014,0.007,0.06,0.016,0.287,0.363,0.043,0.014,0.003,0.071,0.023,0.074,0.015,0.059,0.087,0.03,0.019,0.058,0.054,0.04,0.016,0.033,0.094,0.003,0.126,0.035,0.025,0.009,0.009,0.066,0.04,0.003,0.051,1.837,0.034,0.077
Rejang Lebong,17,Bengkulu,Sumatera,Kabupaten,0.039,0.007,0.02,0.213,0.27,0.003,0.046,0.011,0.073,0.075,0.081,0.14,0.014,0.015,0.04,0.009,0.135,0.0,0.002,0.001,0.005,0.002,0.004,0.002,0.0,0.0,0.0,0.0,0.071,0.003,0.0,0.0,0.001,0.003,0.0,0.077,0.066,0.006,0.002,0.008,0.0,0.0,0.0,0.018,0.018,0.0,0.009,0.083,0.013,0.0,0.014,0.052,0.001,0.005,0.0,0.177,0.05,0.0,0.005,0.013,0.005,0.0,0.001,0.003,0.043,0.004,0.093,0.174,0.007,0.032,0.161,0.211,0.134,0.087,0.017,1.146,0.349,0.264,0.094,2.999,0.325,0.869,0.552,0.087,0.685,0.0,0.51,0.076,0.091,0.791,0.093,0.112,0.26,0.107,0.353,0.143,1.717,0.003,0.042,0.003,0.0,0.064,0.006,11.187,11.573,0.34,0.01,0.011,0.009,0.003,0.421,0.466,0.039,0.053,0.012,0.11,0.065,0.069,0.04,0.03,0.073,0.059,0.059,0.033,0.015,0.015,0.04,0.04,0.05,0.021,0.113,0.048,0.024,0.008,0.003,0.027,0.054,0.003,0.108,2.023,0.03,0.059
Bengkulu Utara,17,Bengkulu,Sumatera,Kabupaten,0.012,0.012,0.04,0.191,0.061,0.004,0.046,0.002,0.055,0.054,0.098,0.143,0.017,0.052,0.015,0.038,0.13,0.004,0.001,0.0,0.007,0.001,0.008,0.003,0.0,0.001,0.0,0.001,0.068,0.001,0.0,0.0,0.003,0.0,0.0,0.066,0.016,0.028,0.001,0.008,0.002,0.001,0.004,0.016,0.01,0.0,0.001,0.11,0.002,0.002,0.033,0.014,0.003,0.004,0.0,0.148,0.064,0.0,0.013,0.028,0.0,0.001,0.001,0.006,0.048,0.058,0.332,0.139,0.01,0.04,0.367,0.178,0.161,0.142,0.025,0.841,0.253,0.227,0.177,2.609,0.153,0.599,0.431,0.067,0.749,0.001,0.362,0.086,0.072,1.135,0.133,0.137,0.207,0.101,0.353,0.091,1.756,0.002,0.044,0.001,0.001,0.063,0.0,20.695,4.95,0.041,0.017,0.01,0.088,0.001,0.435,0.545,0.074,0.024,0.006,0.089,0.046,0.091,0.019,0.074,0.099,0.045,0.029,0.062,0.042,0.04,0.029,0.038,0.035,0.013,0.136,0.03,0.039,0.015,0.008,0.024,0.052,0.003,0.142,2.052,0.002,0.056
Kaur,17,Bengkulu,Sumatera,Kabupaten,0.016,0.008,0.03,0.119,0.092,0.001,0.026,0.009,0.048,0.034,0.102,0.108,0.027,0.053,0.009,0.022,0.089,0.0,0.002,0.001,0.008,0.012,0.005,0.0,0.001,0.0,0.006,0.003,0.03,0.011,0.0,0.009,0.007,0.0,0.0,0.056,0.047,0.057,0.005,0.01,0.009,0.006,0.038,0.008,0.005,0.0,0.003,0.095,0.001,0.003,0.001,0.0,0.009,0.002,0.001,0.072,0.105,0.0,0.047,0.03,0.002,0.004,0.001,0.036,0.069,0.013,0.428,0.048,0.011,0.061,0.609,0.123,0.101,0.123,0.005,0.584,0.194,0.206,0.126,3.626,0.183,0.618,0.203,0.062,0.375,0.002,0.375,0.08,0.022,0.717,0.151,0.175,0.23,0.04,0.224,0.044,1.798,0.015,0.04,0.0,0.001,0.055,0.006,17.797,10.217,0.107,0.023,0.002,0.018,0.009,0.245,0.368,0.024,0.013,0.001,0.076,0.034,0.038,0.017,0.059,0.07,0.034,0.014,0.05,0.043,0.043,0.015,0.015,0.04,0.003,0.11,0.048,0.013,0.005,0.013,0.03,0.055,0.001,0.072,1.655,0.06,0.032
Seluma,17,Bengkulu,Sumatera,Kabupaten,0.007,0.006,0.039,0.121,0.096,0.011,0.039,0.007,0.046,0.028,0.066,0.208,0.028,0.062,0.014,0.023,0.125,0.0,0.001,0.0,0.0,0.004,0.012,0.006,0.0,0.0,0.0,0.0,0.07,0.001,0.005,0.004,0.009,0.0,0.002,0.103,0.037,0.086,0.001,0.003,0.005,0.002,0.026,0.02,0.013,0.0,0.003,0.129,0.004,0.002,0.004,0.007,0.002,0.0,0.0,0.104,0.067,0.0,0.01,0.022,0.0,0.004,0.0,0.009,0.121,0.016,0.358,0.082,0.004,0.057,0.466,0.135,0.267,0.136,0.017,1.052,0.325,0.249,0.08,3.437,0.216,0.897,0.271,0.037,0.74,0.0,0.493,0.057,0.003,0.733,0.064,0.305,0.17,0.085,0.311,0.052,1.674,0.002,0.058,0.0,0.001,0.042,0.001,17.884,9.159,1.71,0.003,0.003,0.045,0.001,0.314,0.448,0.06,0.012,0.002,0.083,0.025,0.059,0.018,0.064,0.105,0.046,0.013,0.03,0.046,0.036,0.018,0.024,0.07,0.008,0.146,0.027,0.02,0.011,0.01,0.031,0.07,0.0,0.072,1.718,0.013,0.052
Mukomuko,17,Bengkulu,Sumatera,Kabupaten,0.011,0.028,0.028,0.172,0.171,0.001,0.076,0.017,0.031,0.026,0.055,0.112,0.039,0.057,0.008,0.023,0.107,0.012,0.002,0.0,0.005,0.0,0.004,0.001,0.0,0.0,0.0,0.011,0.022,0.01,0.003,0.005,0.008,0.001,0.005,0.027,0.073,0.074,0.003,0.0,0.027,0.002,0.021,0.032,0.013,0.0,0.002,0.104,0.002,0.004,0.002,0.008,0.008,0.001,0.001,0.131,0.095,0.0,0.005,0.041,0.0,0.005,0.0,0.03,0.05,0.234,0.133,0.127,0.016,0.09,0.316,0.25,0.235,0.24,0.046,0.949,0.178,0.35,0.084,3.071,0.104,0.571,0.37,0.077,0.476,0.0,0.083,0.209,0.104,0.593,0.109,0.149,0.401,0.097,0.269,0.101,1.62,0.002,0.024,0.004,0.0,0.026,0.007,24.311,3.155,1.369,0.004,0.014,0.033,0.002,0.329,0.857,0.076,0.027,0.008,0.119,0.041,0.065,0.031,0.062,0.109,0.059,0.026,0.036,0.026,0.029,0.016,0.025,0.03,0.011,0.136,0.034,0.038,0.014,0.012,0.017,0.046,0.004,0.072,1.948,0.031,0.092
Lebong,17,Bengkulu,Sumatera,Kabupaten,0.036,0.014,0.017,0.224,0.242,0.009,0.037,0.014,0.05,0.085,0.048,0.125,0.013,0.033,0.052,0.014,0.115,0.001,0.006,0.0,0.006,0.002,0.009,0.006,0.0,0.002,0.0,0.0,0.025,0.003,0.007,0.0,0.002,0.001,0.0,0.121,0.037,0.005,0.0,0.003,0.002,0.004,0.0,0.032,0.062,0.0,0.004,0.132,0.002,0.0,0.004,0.046,0.0,0.002,0.001,0.275,0.088,0.0,0.011,0.004,0.001,0.0,0.0,0.002,0.028,0.068,0.132,0.082,0.005,0.038,0.234,0.198,0.184,0.079,0.054,0.955,0.216,0.345,0.173,4.141,0.106,0.693,0.463,0.228,1.321,0.0,0.282,0.1,0.058,0.934,0.198,0.144,0.136,0.089,0.153,0.085,1.918,0.012,0.063,0.001,0.001,0.042,0.012,24.574,7.878,0.144,0.007,0.001,0.009,0.003,0.361,0.47,0.023,0.035,0.014,0.112,0.037,0.045,0.04,0.058,0.069,0.04,0.016,0.06,0.014,0.019,0.041,0.013,0.079,0.016,0.158,0.077,0.027,0.008,0.005,0.042,0.056,0.033,0.093,1.775,0.169,0.08
Kepahiang,17,Bengkulu,Sumatera,Kabupaten,0.044,0.004,0.022,0.218,0.174,0.008,0.055,0.007,0.078,0.029,0.085,0.106,0.01,0.029,0.012,0.005,0.117,0.0,0.004,0.003,0.007,0.004,0.013,0.004,0.0,0.002,0.0,0.001,0.082,0.005,0.0,0.001,0.0,0.001,0.0,0.062,0.097,0.02,0.0,0.002,0.0,0.0,0.0,0.016,0.013,0.0,0.02,0.059,0.005,0.0,0.005,0.034,0.005,0.002,0.0,0.211,0.093,0.0,0.001,0.033,0.005,0.005,0.0,0.003,0.044,0.007,0.132,0.074,0.014,0.048,0.315,0.192,0.074,0.04,0.032,0.79,0.186,0.148,0.181,2.563,0.276,0.651,0.47,0.096,0.785,0.005,0.398,0.077,0.463,0.58,0.145,0.121,0.224,0.096,0.271,0.073,1.843,0.005,0.107,0.005,0.001,0.049,0.004,11.856,12.093,0.371,0.056,0.002,0.017,0.001,0.367,0.377,0.04,0.057,0.006,0.069,0.089,0.061,0.038,0.031,0.077,0.055,0.044,0.035,0.007,0.027,0.04,0.04,0.111,0.018,0.161,0.083,0.025,0.008,0.005,0.031,0.055,0.025,0.086,1.907,0.006,0.098
Bengkulu Tengah,17,Bengkulu,Sumatera,Kabupaten,0.009,0.004,0.031,0.213,0.047,0.006,0.048,0.014,0.06,0.047,0.033,0.131,0.019,0.071,0.015,0.006,0.162,0.0,0.004,0.0,0.002,0.001,0.014,0.004,0.0,0.0,0.0,0.001,0.08,0.003,0.0,0.0,0.002,0.0,0.0,0.085,0.031,0.045,0.0,0.003,0.001,0.001,0.028,0.02,0.013,0.0,0.002,0.118,0.005,0.0,0.007,0.014,0.001,0.001,0.002,0.142,0.093,0.0,0.006,0.045,0.002,0.002,0.004,0.011,0.144,0.028,0.188,0.378,0.009,0.102,0.336,0.255,0.245,0.131,0.114,1.094,0.146,0.203,0.153,3.235,0.21,0.503,0.457,0.1,0.801,0.0,0.043,0.08,0.347,1.191,0.131,0.117,0.284,0.147,0.302,0.144,1.824,0.0,0.085,0.001,0.0,0.048,0.004,15.234,6.196,0.273,0.006,0.011,0.053,0.003,0.437,0.495,0.055,0.023,0.004,0.1,0.039,0.052,0.037,0.044,0.074,0.055,0.017,0.063,0.029,0.038,0.025,0.034,0.045,0.013,0.168,0.045,0.03,0.006,0.011,0.039,0.054,0.007,0.036,1.963,0.0,0.189
Kota Bengkulu,17,Bengkulu,Sumatera,Kota,0.017,0.017,0.052,0.281,0.094,0.005,0.058,0.018,0.084,0.084,0.025,0.092,0.017,0.083,0.034,0.009,0.175,0.001,0.006,0.001,0.009,0.0,0.017,0.003,0.001,0.002,0.001,0.008,0.072,0.014,0.01,0.002,0.005,0.012,0.0,0.05,0.028,0.092,0.006,0.002,0.015,0.002,0.005,0.038,0.004,0.0,0.015,0.091,0.006,0.0,0.003,0.015,0.001,0.002,0.006,0.083,0.062,0.0,0.007,0.046,0.0,0.001,0.0,0.026,0.14,0.354,0.182,0.248,0.022,0.059,0.413,0.223,0.454,0.105,0.094,1.124,0.233,0.226,0.209,3.039,0.386,0.337,0.475,0.053,0.345,0.0,0.729,0.11,0.151,0.848,0.276,0.064,0.137,0.226,0.368,0.087,1.291,0.001,0.084,0.003,0.002,0.043,0.121,15.888,2.547,0.656,0.0,0.013,0.048,0.008,0.353,0.481,0.051,0.012,0.005,0.082,0.018,0.028,0.018,0.025,0.083,0.025,0.023,0.048,0.01,0.009,0.02,0.035,0.038,0.015,0.076,0.028,0.028,0.019,0.009,0.165,0.04,0.034,0.017,2.456,0.0,0.13
Lampung Barat,18,Lampung,Sumatera,Kabupaten,0.071,0.013,0.058,0.064,0.399,0.01,0.04,0.057,0.066,0.122,0.112,0.056,0.032,0.023,0.006,0.035,0.073,0.0,0.002,0.0,0.0,0.005,0.002,0.002,0.006,0.001,0.0,0.0,0.007,0.002,0.002,0.001,0.003,0.002,0.0,0.033,0.16,0.005,0.0,0.016,0.005,0.0,0.0,0.03,0.021,0.0,0.043,0.089,0.003,0.002,0.016,0.024,0.01,0.003,0.001,0.09,0.08,0.0,0.054,0.005,0.0,0.002,0.001,0.003,0.042,0.041,0.096,0.097,0.018,0.055,0.621,0.166,0.111,0.123,0.028,1.04,0.199,0.039,0.066,3.171,0.078,0.76,0.296,0.073,1.766,0.0,0.351,0.04,0.035,1.18,0.247,0.131,0.04,0.066,0.416,0.102,1.839,0.007,0.041,0.005,0.001,0.088,0.044,13.766,8.461,0.353,0.065,0.023,0.034,0.003,0.512,0.685,0.076,0.071,0.009,0.016,0.091,0.091,0.019,0.06,0.078,0.068,0.094,0.046,0.037,0.046,0.034,0.034,0.047,0.037,0.104,0.114,0.036,0.004,0.01,0.003,0.066,0.006,0.069,1.786,0.061,0.043
Tanggamus,18,Lampung,Sumatera,Kabupaten,0.067,0.003,0.027,0.043,0.242,0.004,0.042,0.011,0.062,0.033,0.245,0.047,0.037,0.03,0.002,0.043,0.06,0.0,0.0,0.002,0.004,0.002,0.002,0.001,0.001,0.0,0.001,0.0,0.002,0.011,0.006,0.005,0.004,0.0,0.002,0.01,0.034,0.029,0.001,0.008,0.023,0.002,0.001,0.048,0.027,0.0,0.004,0.034,0.002,0.049,0.075,0.003,0.01,0.003,0.013,0.051,0.128,0.0,0.029,0.0,0.0,0.0,0.001,0.002,0.072,0.028,0.185,0.165,0.021,0.078,0.618,0.241,0.232,0.215,0.075,1.491,0.339,0.067,0.155,2.867,0.13,0.672,0.438,0.089,1.235,0.0,0.118,0.052,0.216,1.919,0.087,0.294,0.025,0.172,0.266,0.111,1.657,0.004,0.023,0.0,0.001,0.09,0.088,13.677,10.208,0.617,0.044,0.073,0.096,0.007,0.466,0.586,0.06,0.039,0.003,0.038,0.083,0.095,0.045,0.076,0.074,0.027,0.042,0.043,0.048,0.08,0.021,0.027,0.032,0.02,0.088,0.062,0.012,0.004,0.004,0.007,0.072,0.004,0.029,2.031,0.007,0.037
Lampung Selatan,18,Lampung,Sumatera,Kabupaten,0.016,0.008,0.023,0.035,0.19,0.0,0.078,0.007,0.058,0.017,0.115,0.038,0.059,0.063,0.018,0.053,0.096,0.004,0.004,0.0,0.002,0.0,0.008,0.001,0.013,0.01,0.0,0.021,0.004,0.03,0.0,0.018,0.005,0.001,0.003,0.026,0.076,0.009,0.002,0.039,0.067,0.007,0.003,0.055,0.006,0.0,0.006,0.016,0.025,0.023,0.05,0.017,0.0,0.002,0.007,0.076,0.055,0.0,0.023,0.001,0.001,0.001,0.0,0.005,0.091,0.202,0.257,0.124,0.031,0.071,1.248,0.223,0.651,0.194,0.043,0.921,0.223,0.086,0.106,2.473,0.107,0.7,0.359,0.078,0.622,0.0,0.192,0.075,0.129,1.604,0.111,0.118,0.046,0.127,0.457,0.098,1.519,0.005,0.032,0.001,0.0,0.062,0.019,13.683,5.498,0.721,0.03,0.129,0.134,0.003,0.508,0.606,0.057,0.013,0.006,0.035,0.051,0.076,0.025,0.045,0.077,0.012,0.019,0.05,0.038,0.067,0.019,0.02,0.047,0.017,0.088,0.047,0.018,0.003,0.008,0.051,0.083,0.002,0.017,2.254,0.004,0.052
Lampung Timur,18,Lampung,Sumatera,Kabupaten,0.017,0.007,0.103,0.042,0.093,0.002,0.042,0.01,0.051,0.014,0.107,0.027,0.037,0.02,0.004,0.051,0.069,0.001,0.013,0.0,0.003,0.006,0.01,0.0,0.023,0.001,0.0,0.013,0.003,0.015,0.0,0.004,0.004,0.0,0.002,0.009,0.099,0.039,0.002,0.018,0.026,0.003,0.001,0.085,0.005,0.0,0.003,0.033,0.032,0.005,0.033,0.005,0.0,0.021,0.002,0.055,0.033,0.0,0.046,0.0,0.005,0.004,0.002,0.006,0.058,0.033,0.147,0.133,0.009,0.049,0.623,0.135,0.664,0.132,0.027,0.945,0.201,0.039,0.054,2.713,0.117,0.385,0.265,0.075,0.998,0.0,0.494,0.096,0.219,1.179,0.158,0.134,0.03,0.208,0.283,0.198,1.583,0.006,0.027,0.0,0.0,0.064,0.019,16.5,4.158,0.176,0.052,0.068,0.144,0.003,0.544,0.715,0.048,0.014,0.005,0.025,0.119,0.121,0.005,0.069,0.086,0.009,0.031,0.044,0.06,0.123,0.007,0.009,0.032,0.008,0.127,0.025,0.013,0.007,0.006,0.034,0.082,0.004,0.063,2.065,0.02,0.045
Lampung Tengah,18,Lampung,Sumatera,Kabupaten,0.01,0.016,0.067,0.076,0.101,0.004,0.094,0.008,0.051,0.037,0.134,0.038,0.061,0.021,0.005,0.064,0.086,0.005,0.0,0.001,0.001,0.003,0.011,0.002,0.01,0.003,0.001,0.0,0.012,0.005,0.0,0.005,0.028,0.001,0.005,0.016,0.143,0.04,0.0,0.019,0.01,0.0,0.0,0.105,0.007,0.0,0.003,0.045,0.052,0.001,0.021,0.005,0.0,0.014,0.001,0.052,0.043,0.0,0.063,0.0,0.0,0.001,0.012,0.002,0.079,0.045,0.172,0.121,0.02,0.083,0.779,0.213,0.683,0.211,0.026,1.35,0.203,0.138,0.074,2.841,0.177,0.791,0.431,0.057,1.083,0.0,0.515,0.04,0.112,1.641,0.094,0.227,0.034,0.156,0.425,0.214,1.552,0.007,0.067,0.001,0.002,0.077,0.136,15.945,4.416,0.106,0.047,0.096,0.191,0.009,0.447,0.589,0.071,0.022,0.005,0.021,0.059,0.121,0.014,0.08,0.093,0.021,0.026,0.064,0.05,0.111,0.017,0.021,0.033,0.014,0.123,0.041,0.024,0.007,0.011,0.014,0.111,0.014,0.081,1.993,0.019,0.168
Lampung Utara,18,Lampung,Sumatera,Kabupaten,0.019,0.006,0.058,0.043,0.074,0.002,0.042,0.008,0.014,0.012,0.098,0.027,0.03,0.026,0.001,0.024,0.08,0.001,0.004,0.002,0.001,0.001,0.003,0.001,0.017,0.001,0.001,0.001,0.011,0.005,0.001,0.001,0.002,0.003,0.0,0.041,0.114,0.025,0.0,0.009,0.01,0.0,0.0,0.06,0.017,0.0,0.001,0.073,0.038,0.001,0.027,0.016,0.0,0.001,0.0,0.066,0.04,0.0,0.042,0.003,0.003,0.0,0.004,0.004,0.011,0.02,0.083,0.057,0.017,0.037,0.975,0.147,0.27,0.12,0.018,0.763,0.14,0.062,0.111,2.211,0.084,0.587,0.347,0.052,0.508,0.0,0.403,0.078,0.101,1.201,0.114,0.211,0.025,0.082,0.195,0.086,1.535,0.001,0.043,0.002,0.0,0.082,0.046,12.121,7.072,0.385,0.036,0.088,0.147,0.006,0.415,0.495,0.055,0.009,0.007,0.031,0.056,0.101,0.019,0.067,0.069,0.019,0.036,0.07,0.026,0.035,0.013,0.027,0.033,0.013,0.119,0.062,0.019,0.007,0.012,0.029,0.082,0.0,0.064,2.357,0.002,0.036
Way Kanan,18,Lampung,Sumatera,Kabupaten,0.019,0.011,0.094,0.061,0.083,0.007,0.04,0.009,0.022,0.009,0.14,0.058,0.03,0.05,0.012,0.04,0.084,0.001,0.003,0.003,0.0,0.007,0.002,0.001,0.009,0.0,0.001,0.001,0.018,0.003,0.001,0.001,0.011,0.0,0.004,0.027,0.21,0.027,0.0,0.042,0.011,0.0,0.0,0.091,0.01,0.0,0.001,0.04,0.08,0.006,0.04,0.007,0.001,0.005,0.002,0.049,0.033,0.0,0.019,0.0,0.002,0.002,0.005,0.001,0.131,0.008,0.425,0.161,0.003,0.059,1.111,0.13,0.448,0.189,0.104,1.273,0.182,0.04,0.089,2.762,0.086,0.624,0.342,0.026,1.21,0.0,0.43,0.054,0.363,1.407,0.063,0.343,0.039,0.092,0.282,0.118,1.672,0.002,0.086,0.002,0.0,0.077,0.032,13.198,7.754,1.001,0.048,0.031,0.114,0.001,0.447,0.596,0.067,0.032,0.002,0.018,0.068,0.121,0.025,0.087,0.076,0.03,0.039,0.057,0.026,0.072,0.018,0.026,0.039,0.006,0.133,0.054,0.022,0.008,0.009,0.024,0.1,0.017,0.035,2.006,0.013,0.049
Tulangbawang,18,Lampung,Sumatera,Kabupaten,0.007,0.009,0.062,0.073,0.116,0.004,0.053,0.007,0.014,0.01,0.12,0.035,0.026,0.063,0.004,0.063,0.059,0.006,0.001,0.001,0.001,0.006,0.003,0.0,0.053,0.001,0.0,0.002,0.003,0.007,0.001,0.002,0.04,0.003,0.004,0.023,0.096,0.064,0.002,0.009,0.008,0.001,0.008,0.047,0.007,0.0,0.012,0.094,0.033,0.005,0.041,0.004,0.002,0.002,0.002,0.043,0.038,0.0,0.077,0.002,0.01,0.004,0.004,0.015,0.056,0.189,0.055,0.056,0.014,0.041,0.655,0.138,0.773,0.142,0.027,0.915,0.332,0.045,0.059,2.461,0.08,0.738,0.297,0.02,0.697,0.0,0.353,0.03,0.064,1.351,0.23,0.118,0.022,0.088,0.312,0.096,1.594,0.002,0.055,0.01,0.0,0.061,0.013,17.287,6.013,0.612,0.031,0.09,0.108,0.004,0.404,0.55,0.074,0.014,0.003,0.023,0.071,0.11,0.024,0.075,0.083,0.025,0.032,0.033,0.033,0.077,0.009,0.025,0.03,0.006,0.119,0.043,0.016,0.009,0.008,0.024,0.079,0.1,0.044,2.136,0.028,0.009
Pesawaran,18,Lampung,Sumatera,Kabupaten,0.03,0.006,0.05,0.054,0.389,0.001,0.057,0.009,0.043,0.031,0.11,0.04,0.035,0.029,0.013,0.048,0.069,0.0,0.005,0.003,0.001,0.004,0.005,0.001,0.005,0.003,0.006,0.002,0.032,0.021,0.0,0.006,0.002,0.0,0.002,0.014,0.126,0.049,0.0,0.046,0.033,0.001,0.001,0.056,0.015,0.0,0.004,0.009,0.009,0.018,0.051,0.009,0.0,0.002,0.005,0.063,0.079,0.0,0.021,0.001,0.005,0.002,0.0,0.002,0.051,0.1,0.144,0.162,0.031,0.062,1.349,0.225,0.496,0.195,0.091,1.345,0.257,0.066,0.155,2.905,0.314,0.781,0.309,0.12,1.151,0.0,0.312,0.044,0.313,2.159,0.126,0.163,0.056,0.215,0.409,0.12,1.607,0.001,0.057,0.002,0.001,0.098,0.102,15.808,8.122,0.275,0.047,0.102,0.159,0.003,0.543,0.73,0.059,0.027,0.008,0.036,0.075,0.097,0.025,0.072,0.086,0.015,0.038,0.059,0.048,0.111,0.014,0.021,0.082,0.019,0.113,0.058,0.018,0.007,0.005,0.036,0.078,0.002,0.046,2.173,0.012,0.058
Pringsewu,18,Lampung,Sumatera,Kabupaten,0.027,0.011,0.111,0.049,0.169,0.007,0.074,0.006,0.024,0.009,0.135,0.019,0.061,0.03,0.009,0.039,0.055,0.0,0.005,0.001,0.001,0.016,0.006,0.0,0.001,0.006,0.0,0.0,0.059,0.01,0.001,0.004,0.001,0.0,0.002,0.002,0.056,0.013,0.0,0.036,0.025,0.002,0.0,0.065,0.01,0.0,0.006,0.027,0.008,0.005,0.031,0.006,0.0,0.004,0.001,0.063,0.062,0.0,0.044,0.0,0.001,0.0,0.005,0.005,0.042,0.252,0.199,0.163,0.014,0.037,0.884,0.175,0.439,0.171,0.027,1.239,0.208,0.023,0.108,2.248,0.317,0.591,0.359,0.058,0.688,0.0,0.384,0.03,0.24,1.535,0.13,0.052,0.027,0.195,0.293,0.098,1.548,0.003,0.031,0.001,0.001,0.083,0.143,16.279,4.929,0.309,0.066,0.064,0.152,0.001,0.539,0.585,0.048,0.022,0.005,0.026,0.062,0.086,0.013,0.069,0.091,0.01,0.029,0.047,0.021,0.095,0.016,0.012,0.059,0.019,0.103,0.05,0.013,0.009,0.006,0.104,0.063,0.022,0.032,2.041,0.056,0.026
Mesuji,18,Lampung,Sumatera,Kabupaten,0.009,0.01,0.044,0.072,0.09,0.008,0.05,0.009,0.026,0.008,0.133,0.051,0.021,0.058,0.0,0.049,0.072,0.001,0.003,0.001,0.001,0.001,0.002,0.0,0.036,0.002,0.0,0.002,0.003,0.002,0.0,0.0,0.071,0.012,0.001,0.018,0.153,0.05,0.001,0.015,0.015,0.001,0.0,0.058,0.007,0.0,0.001,0.054,0.026,0.005,0.055,0.005,0.0,0.003,0.0,0.042,0.031,0.0,0.05,0.001,0.01,0.007,0.006,0.005,0.07,0.22,0.284,0.224,0.012,0.051,0.587,0.138,0.988,0.106,0.034,0.86,0.228,0.053,0.085,2.948,0.12,0.609,0.254,0.052,1.041,0.001,0.274,0.037,0.26,1.594,0.065,0.116,0.05,0.23,0.262,0.127,1.669,0.003,0.038,0.0,0.0,0.069,0.115,17.191,6.203,0.947,0.075,0.06,0.112,0.001,0.504,0.668,0.085,0.023,0.006,0.014,0.07,0.132,0.012,0.11,0.089,0.023,0.031,0.056,0.022,0.088,0.012,0.011,0.038,0.008,0.134,0.04,0.022,0.006,0.007,0.03,0.09,0.062,0.056,1.708,0.032,0.046
Tulang Bawang Barat,18,Lampung,Sumatera,Kabupaten,0.007,0.006,0.05,0.081,0.083,0.003,0.054,0.014,0.022,0.009,0.155,0.004,0.031,0.047,0.001,0.044,0.073,0.0,0.0,0.0,0.0,0.005,0.006,0.0,0.011,0.001,0.0,0.001,0.01,0.002,0.0,0.0,0.008,0.0,0.001,0.023,0.17,0.054,0.0,0.001,0.012,0.0,0.0,0.062,0.005,0.0,0.0,0.056,0.042,0.001,0.044,0.011,0.0,0.0,0.0,0.082,0.024,0.0,0.075,0.004,0.0,0.002,0.005,0.001,0.016,0.034,0.086,0.119,0.007,0.058,0.501,0.131,0.896,0.149,0.005,1.028,0.193,0.055,0.06,3.037,0.075,0.451,0.315,0.031,0.833,0.0,0.646,0.037,0.127,1.236,0.095,0.074,0.016,0.196,0.241,0.179,1.542,0.0,0.125,0.002,0.001,0.058,0.082,20.585,4.213,0.378,0.028,0.08,0.128,0.0,0.504,0.689,0.06,0.016,0.009,0.027,0.062,0.118,0.01,0.081,0.072,0.015,0.034,0.053,0.067,0.094,0.012,0.013,0.034,0.007,0.142,0.039,0.02,0.007,0.005,0.007,0.068,0.002,0.059,1.942,0.008,0.026
Pesisir Barat,18,Lampung,Sumatera,Kabupaten,0.016,0.003,0.033,0.494,0.174,0.002,0.021,0.009,0.085,0.071,0.134,0.087,0.024,0.035,0.007,0.032,0.089,0.0,0.001,0.0,0.002,0.0,0.002,0.0,0.002,0.003,0.004,0.001,0.011,0.025,0.0,0.005,0.004,0.0,0.002,0.014,0.01,0.033,0.013,0.005,0.017,0.005,0.02,0.023,0.013,0.0,0.013,0.059,0.0,0.007,0.005,0.015,0.065,0.006,0.0,0.062,0.102,0.0,0.032,0.018,0.003,0.001,0.0,0.017,0.057,0.066,0.143,0.059,0.021,0.057,0.367,0.192,0.47,0.137,0.068,2.191,0.353,0.036,0.173,4.447,0.14,0.817,0.368,0.08,1.526,0.0,0.417,0.085,0.372,1.612,0.264,0.109,0.04,0.215,0.346,0.065,1.884,0.006,0.038,0.001,0.0,0.056,0.126,21.441,6.842,0.095,0.027,0.026,0.06,0.002,0.357,0.545,0.075,0.047,0.003,0.05,0.068,0.081,0.02,0.084,0.096,0.055,0.027,0.031,0.022,0.081,0.015,0.029,0.033,0.018,0.153,0.093,0.016,0.006,0.021,0.039,0.054,0.001,0.173,1.591,0.035,0.04
Kota Bandar Lampung,18,Lampung,Sumatera,Kota,0.021,0.016,0.05,0.064,0.196,0.005,0.082,0.016,0.043,0.036,0.058,0.035,0.041,0.042,0.004,0.008,0.145,0.0,0.009,0.0,0.008,0.001,0.01,0.001,0.002,0.0,0.001,0.0,0.001,0.032,0.011,0.004,0.001,0.001,0.006,0.014,0.045,0.036,0.002,0.034,0.053,0.001,0.0,0.079,0.015,0.0,0.001,0.036,0.03,0.019,0.016,0.017,0.001,0.0,0.021,0.052,0.04,0.0,0.003,0.009,0.0,0.001,0.002,0.022,0.135,0.369,0.131,0.155,0.101,0.066,0.765,0.209,0.616,0.158,0.063,1.242,0.346,0.141,0.337,2.303,0.487,0.585,0.431,0.08,0.51,0.0,0.663,0.137,0.13,1.227,0.47,0.141,0.068,0.269,0.394,0.126,1.223,0.004,0.037,0.001,0.001,0.047,0.002,13.019,1.59,0.5,0.001,0.148,0.202,0.03,0.423,0.477,0.056,0.008,0.012,0.049,0.037,0.023,0.008,0.028,0.062,0.009,0.021,0.042,0.005,0.012,0.026,0.028,0.022,0.028,0.056,0.049,0.023,0.021,0.01,0.169,0.059,0.041,0.021,2.879,0.003,0.245
Kota Metro,18,Lampung,Sumatera,Kota,0.013,0.015,0.07,0.13,0.113,0.005,0.084,0.012,0.062,0.033,0.082,0.023,0.041,0.044,0.012,0.034,0.092,0.0,0.02,0.0,0.004,0.001,0.007,0.001,0.004,0.001,0.0,0.0,0.042,0.022,0.007,0.001,0.006,0.0,0.008,0.039,0.017,0.006,0.002,0.01,0.037,0.001,0.0,0.114,0.015,0.0,0.001,0.034,0.055,0.003,0.02,0.001,0.0,0.0,0.001,0.053,0.036,0.0,0.076,0.002,0.0,0.0,0.006,0.021,0.15,0.173,0.149,0.306,0.043,0.121,0.866,0.198,0.576,0.257,0.094,2.263,0.533,0.062,0.28,2.615,0.29,0.939,0.56,0.046,0.834,0.0,0.476,0.147,0.373,1.53,0.322,0.141,0.096,0.302,0.397,0.274,1.222,0.0,0.039,0.001,0.001,0.044,0.033,16.464,2.385,0.091,0.014,0.104,0.192,0.009,0.443,0.546,0.057,0.011,0.004,0.033,0.046,0.046,0.004,0.051,0.078,0.006,0.03,0.037,0.01,0.034,0.015,0.032,0.046,0.015,0.072,0.025,0.018,0.017,0.01,0.148,0.073,0.003,0.057,2.491,0.029,0.382
Bangka,19,Kep. Bangka Belitung,Sumatera,Kabupaten,0.004,0.015,0.177,0.291,0.041,0.003,0.098,0.012,0.043,0.036,0.068,0.415,0.009,0.052,0.0,0.02,0.219,0.007,0.007,0.0,0.013,0.0,0.011,0.003,0.003,0.0,0.0,0.002,0.063,0.032,0.004,0.033,0.007,0.0,0.001,0.032,0.046,0.123,0.001,0.005,0.097,0.017,0.007,0.025,0.0,0.0,0.0,0.015,0.002,0.121,0.014,0.001,0.022,0.001,0.003,0.023,0.08,0.0,0.013,0.002,0.0,0.0,0.003,0.037,0.148,0.327,0.146,0.359,0.076,0.04,0.859,0.177,0.404,0.067,0.112,3.496,0.306,0.049,0.875,2.01,0.707,0.368,0.477,0.04,0.329,0.0,0.026,0.182,0.342,0.681,0.185,0.122,0.177,0.29,0.132,0.135,1.414,0.003,0.024,0.001,0.0,0.097,0.001,17.052,4.449,0.108,0.004,0.021,0.007,0.004,0.313,0.561,0.083,0.009,0.002,0.033,0.026,0.093,0.0,0.043,0.079,0.009,0.006,0.07,0.017,0.042,0.051,0.017,0.017,0.031,0.037,0.013,0.024,0.023,0.023,0.034,0.054,0.001,0.151,1.915,0.005,0.028
Belitung,19,Kep. Bangka Belitung,Sumatera,Kabupaten,0.008,0.023,0.204,0.256,0.005,0.004,0.046,0.01,0.033,0.01,0.075,0.341,0.009,0.05,0.003,0.012,0.192,0.001,0.016,0.0,0.01,0.0,0.007,0.002,0.0,0.001,0.007,0.0,0.012,0.018,0.004,0.088,0.005,0.0,0.001,0.068,0.039,0.242,0.001,0.015,0.114,0.011,0.012,0.01,0.0,0.0,0.0,0.0,0.0,0.064,0.024,0.002,0.012,0.001,0.004,0.017,0.082,0.0,0.003,0.0,0.002,0.0,0.0,0.047,0.122,0.581,0.165,0.265,0.082,0.031,1.042,0.204,0.265,0.108,0.038,3.332,0.331,0.03,0.255,2.064,0.156,0.295,0.617,0.064,1.047,0.003,0.568,0.135,0.061,0.837,0.293,0.196,0.188,0.061,0.113,0.071,1.314,0.003,0.01,0.0,0.0,0.064,0.051,15.579,2.118,1.172,0.011,0.061,0.064,0.012,0.291,0.558,0.054,0.005,0.002,0.056,0.049,0.028,0.002,0.023,0.084,0.011,0.005,0.038,0.008,0.011,0.047,0.017,0.01,0.032,0.031,0.008,0.014,0.015,0.024,0.157,0.059,0.0,0.358,2.388,0.002,0.056
Bangka Barat,19,Kep. Bangka Belitung,Sumatera,Kabupaten,0.011,0.01,0.121,0.369,0.008,0.004,0.08,0.001,0.036,0.028,0.047,0.53,0.008,0.044,0.001,0.013,0.178,0.0,0.003,0.0,0.006,0.0,0.003,0.003,0.021,0.001,0.0,0.005,0.068,0.016,0.003,0.023,0.013,0.002,0.0,0.02,0.071,0.079,0.007,0.02,0.102,0.032,0.011,0.022,0.0,0.0,0.003,0.003,0.006,0.116,0.01,0.001,0.009,0.005,0.008,0.053,0.051,0.0,0.008,0.001,0.0,0.0,0.001,0.035,0.177,0.277,0.349,0.64,0.049,0.059,1.164,0.202,0.125,0.058,0.119,4.02,0.305,0.111,1.1,2.404,0.735,0.383,0.494,0.061,1.321,0.0,0.185,0.104,0.326,0.681,0.231,0.258,0.181,0.348,0.073,0.276,1.32,0.005,0.022,0.001,0.0,0.074,0.001,22.114,4.265,0.984,0.005,0.013,0.014,0.008,0.268,0.471,0.055,0.005,0.001,0.035,0.026,0.064,0.001,0.026,0.047,0.013,0.006,0.058,0.01,0.028,0.034,0.02,0.014,0.039,0.04,0.007,0.012,0.027,0.02,0.101,0.073,0.039,0.125,1.929,0.002,0.053
Bangka Tengah,19,Kep. Bangka Belitung,Sumatera,Kabupaten,0.002,0.009,0.13,0.204,0.121,0.001,0.069,0.005,0.017,0.026,0.066,0.619,0.011,0.062,0.001,0.036,0.193,0.003,0.007,0.001,0.024,0.004,0.011,0.001,0.007,0.002,0.001,0.001,0.061,0.032,0.002,0.016,0.009,0.0,0.0,0.025,0.093,0.134,0.003,0.01,0.06,0.011,0.02,0.013,0.0,0.0,0.0,0.006,0.009,0.104,0.023,0.002,0.01,0.002,0.002,0.014,0.056,0.0,0.022,0.002,0.0,0.0,0.0,0.028,0.097,0.35,0.157,0.33,0.094,0.056,1.519,0.259,0.624,0.097,0.054,3.585,0.297,0.122,1.189,2.865,0.314,0.545,0.642,0.068,0.486,0.002,0.094,0.154,0.258,0.862,0.088,0.146,0.223,0.194,0.166,0.101,1.438,0.019,0.024,0.008,0.0,0.062,0.133,20.518,2.334,0.92,0.001,0.026,0.003,0.005,0.315,0.707,0.046,0.007,0.002,0.03,0.037,0.102,0.002,0.048,0.077,0.011,0.01,0.04,0.015,0.048,0.034,0.007,0.025,0.022,0.034,0.006,0.013,0.011,0.022,0.056,0.07,0.0,0.149,2.225,0.006,0.065
Bangka Selatan,19,Kep. Bangka Belitung,Sumatera,Kabupaten,0.003,0.008,0.04,0.163,0.014,0.002,0.075,0.007,0.025,0.033,0.042,0.553,0.005,0.04,0.001,0.018,0.203,0.001,0.002,0.0,0.019,0.0,0.004,0.001,0.052,0.003,0.008,0.025,0.027,0.038,0.0,0.017,0.025,0.001,0.0,0.023,0.076,0.134,0.005,0.008,0.079,0.045,0.012,0.012,0.0,0.0,0.001,0.008,0.006,0.049,0.043,0.002,0.009,0.001,0.002,0.03,0.047,0.0,0.055,0.0,0.0,0.0,0.004,0.044,0.064,0.319,0.324,0.256,0.025,0.045,1.373,0.247,0.777,0.11,0.042,2.972,0.332,0.166,1.179,2.576,0.098,0.599,0.674,0.094,0.48,0.0,0.21,0.169,0.211,0.845,0.181,0.559,0.197,0.155,0.177,0.109,1.628,0.004,0.002,0.0,0.0,0.045,0.005,20.612,3.688,1.679,0.0,0.008,0.014,0.002,0.231,0.631,0.047,0.004,0.002,0.033,0.047,0.078,0.003,0.04,0.073,0.016,0.002,0.075,0.014,0.048,0.021,0.012,0.016,0.022,0.045,0.007,0.013,0.014,0.023,0.018,0.068,0.0,0.086,1.861,0.013,0.018
Belitung Timur,19,Kep. Bangka Belitung,Sumatera,Kabupaten,0.0,0.012,0.286,0.104,0.014,0.001,0.031,0.012,0.023,0.015,0.084,0.421,0.006,0.029,0.001,0.005,0.215,0.0,0.004,0.0,0.007,0.0,0.015,0.002,0.0,0.0,0.018,0.001,0.029,0.033,0.003,0.076,0.006,0.001,0.0,0.073,0.041,0.211,0.001,0.008,0.108,0.012,0.022,0.009,0.0,0.0,0.0,0.002,0.002,0.076,0.079,0.0,0.011,0.0,0.001,0.009,0.073,0.0,0.011,0.0,0.0,0.0,0.0,0.035,0.253,0.557,0.158,0.343,0.053,0.004,1.575,0.21,0.141,0.059,0.119,3.661,0.315,0.021,0.08,1.975,0.072,0.58,0.487,0.052,1.078,0.002,0.159,0.107,0.234,0.527,0.231,0.164,0.194,0.126,0.102,0.057,1.478,0.001,0.02,0.001,0.0,0.07,0.0,21.103,3.25,1.931,0.003,0.04,0.04,0.007,0.31,0.644,0.033,0.002,0.002,0.037,0.038,0.035,0.0,0.02,0.069,0.01,0.007,0.031,0.003,0.007,0.036,0.018,0.025,0.032,0.019,0.004,0.012,0.018,0.024,0.158,0.047,0.008,0.267,2.225,0.0,0.155
Kota Pangkal Pinang,19,Kep. Bangka Belitung,Sumatera,Kota,0.006,0.021,0.183,0.238,0.09,0.002,0.097,0.006,0.034,0.059,0.03,0.339,0.006,0.048,0.001,0.009,0.291,0.005,0.024,0.0,0.019,0.0,0.007,0.004,0.006,0.001,0.0,0.001,0.044,0.051,0.009,0.023,0.002,0.001,0.0,0.03,0.051,0.086,0.003,0.007,0.091,0.007,0.004,0.027,0.001,0.0,0.001,0.017,0.021,0.118,0.01,0.004,0.029,0.004,0.001,0.024,0.074,0.0,0.003,0.007,0.0,0.0,0.006,0.051,0.166,0.555,0.116,0.488,0.193,0.049,0.524,0.25,0.091,0.104,0.193,3.226,0.37,0.059,0.786,1.737,0.229,0.431,0.632,0.039,0.502,0.0,0.245,0.189,0.4,0.911,0.504,0.09,0.278,0.38,0.214,0.132,1.193,0.005,0.037,0.003,0.0,0.069,0.003,12.646,0.334,0.983,0.007,0.043,0.023,0.055,0.459,0.669,0.074,0.015,0.005,0.036,0.034,0.037,0.001,0.038,0.073,0.025,0.008,0.072,0.008,0.019,0.048,0.023,0.018,0.037,0.033,0.028,0.046,0.039,0.01,0.147,0.051,0.002,0.184,2.772,0.008,0.18
Karimun,21,Kepulauan Riau,Sumatera,Kabupaten,0.007,0.019,0.027,0.041,0.003,0.002,0.075,0.035,0.068,0.017,0.117,0.001,0.023,0.079,0.0,0.011,0.18,0.018,0.014,0.0,0.004,0.006,0.002,0.0,0.001,0.0,0.0,0.011,0.037,0.024,0.005,0.003,0.0,0.0,0.001,0.155,0.024,0.115,0.003,0.05,0.105,0.017,0.001,0.035,0.0,0.0,0.002,0.002,0.002,0.061,0.004,0.0,0.045,0.004,0.004,0.191,0.072,0.0,0.008,0.0,0.001,0.014,0.017,0.078,0.152,0.252,0.193,0.16,0.08,0.059,0.556,0.211,0.457,0.284,0.088,3.356,0.405,0.583,0.075,1.475,0.126,0.468,0.233,0.073,0.939,0.007,0.342,0.216,0.21,0.647,0.426,0.153,0.117,0.116,0.134,0.072,1.255,0.005,0.024,0.002,0.001,0.069,0.023,18.287,1.567,3.34,0.01,0.036,0.012,0.04,0.453,0.709,0.077,0.012,0.006,0.059,0.037,0.053,0.018,0.036,0.078,0.025,0.026,0.024,0.013,0.022,0.033,0.015,0.015,0.058,0.027,0.028,0.034,0.01,0.015,0.059,0.097,0.016,0.109,2.324,0.028,0.12
Bintan,21,Kepulauan Riau,Sumatera,Kabupaten,0.005,0.017,0.028,0.025,0.003,0.005,0.094,0.035,0.07,0.016,0.148,0.017,0.008,0.056,0.002,0.016,0.2,0.004,0.022,0.0,0.009,0.004,0.013,0.0,0.0,0.0,0.002,0.001,0.005,0.015,0.002,0.031,0.002,0.0,0.002,0.044,0.053,0.154,0.001,0.017,0.043,0.008,0.004,0.044,0.0,0.0,0.0,0.005,0.001,0.108,0.014,0.003,0.003,0.005,0.004,0.133,0.15,0.0,0.007,0.002,0.002,0.004,0.003,0.018,0.068,0.25,0.15,0.189,0.087,0.057,1.018,0.25,0.35,0.178,0.061,2.344,0.441,0.313,0.108,2.108,0.142,0.679,0.324,0.051,0.595,0.003,0.605,0.15,0.071,0.928,0.748,0.203,0.119,0.073,0.092,0.09,1.242,0.002,0.02,0.0,0.001,0.072,0.075,16.285,1.28,1.569,0.002,0.032,0.019,0.053,0.491,0.784,0.096,0.006,0.013,0.048,0.04,0.08,0.012,0.035,0.083,0.024,0.01,0.031,0.011,0.028,0.035,0.019,0.023,0.035,0.026,0.023,0.035,0.016,0.024,0.106,0.096,0.026,0.102,2.749,0.001,0.062
Natuna,21,Kepulauan Riau,Sumatera,Kabupaten,0.0,0.016,0.037,0.29,0.002,0.01,0.061,0.007,0.039,0.015,0.126,0.008,0.007,0.052,0.001,0.006,0.176,0.0,0.007,0.0,0.011,0.0,0.002,0.0,0.0,0.0,0.0,0.002,0.006,0.044,0.003,0.018,0.002,0.0,0.0,0.023,0.025,0.239,0.006,0.002,0.065,0.007,0.021,0.004,0.0,0.0,0.0,0.0,0.0,0.033,0.014,0.005,0.003,0.003,0.003,0.063,0.46,0.0,0.049,0.002,0.002,0.003,0.0,0.007,0.085,0.307,0.084,0.231,0.141,0.043,0.708,0.106,0.43,0.234,0.086,3.52,0.407,0.116,0.069,2.097,0.111,0.42,0.499,0.055,0.639,0.0,0.325,0.207,0.09,1.63,0.808,0.061,0.056,0.154,0.039,0.044,1.283,0.003,0.015,0.0,0.004,0.095,0.001,22.54,0.796,3.322,0.0,0.003,0.021,0.028,0.388,0.583,0.047,0.008,0.004,0.025,0.035,0.041,0.023,0.02,0.065,0.02,0.01,0.046,0.004,0.012,0.038,0.024,0.016,0.012,0.025,0.008,0.016,0.007,0.023,0.036,0.093,0.001,0.099,2.652,0.012,0.052
Lingga,21,Kepulauan Riau,Sumatera,Kabupaten,0.003,0.016,0.18,0.069,0.007,0.002,0.076,0.032,0.016,0.022,0.058,0.109,0.01,0.03,0.001,0.014,0.145,0.003,0.003,0.0,0.001,0.0,0.0,0.0,0.0,0.0,0.018,0.008,0.006,0.051,0.0,0.01,0.0,0.001,0.001,0.064,0.111,0.385,0.001,0.013,0.036,0.026,0.019,0.004,0.0,0.0,0.0,0.0,0.0,0.217,0.019,0.0,0.018,0.002,0.005,0.172,0.046,0.0,0.0,0.0,0.0,0.001,0.0,0.052,0.033,0.202,0.171,0.164,0.1,0.032,0.807,0.114,0.322,0.316,0.095,4.596,0.637,0.356,0.269,2.175,0.042,0.483,0.197,0.042,0.486,0.0,0.232,0.109,0.01,0.783,0.505,0.132,0.133,0.21,0.057,0.155,1.465,0.002,0.005,0.001,0.0,0.105,0.006,20.437,1.762,1.727,0.015,0.003,0.009,0.032,0.405,0.636,0.038,0.005,0.006,0.026,0.033,0.024,0.003,0.019,0.046,0.027,0.001,0.062,0.007,0.014,0.022,0.008,0.005,0.034,0.015,0.007,0.02,0.011,0.017,0.014,0.064,0.001,0.08,2.115,0.004,0.005
Kepulauan Anambas,21,Kepulauan Riau,Sumatera,Kabupaten,0.003,0.018,0.006,0.18,0.0,0.002,0.058,0.019,0.023,0.016,0.106,0.003,0.005,0.035,0.001,0.008,0.201,0.0,0.011,0.0,0.001,0.002,0.0,0.0,0.0,0.0,0.008,0.0,0.0,0.051,0.001,0.027,0.0,0.0,0.0,0.043,0.014,0.233,0.003,0.008,0.044,0.004,0.008,0.005,0.0,0.0,0.002,0.001,0.0,0.199,0.013,0.0,0.001,0.0,0.001,0.07,0.275,0.0,0.002,0.0,0.002,0.002,0.0,0.009,0.066,0.41,0.075,0.163,0.101,0.043,0.348,0.131,0.511,0.283,0.082,4.214,0.442,0.274,0.201,1.719,0.122,0.585,0.525,0.068,0.819,0.001,0.211,0.206,0.136,0.493,0.216,0.121,0.087,0.144,0.057,0.056,1.102,0.002,0.001,0.001,0.0,0.089,0.05,31.235,0.456,0.688,0.011,0.002,0.0,0.081,0.378,0.604,0.028,0.008,0.007,0.028,0.049,0.016,0.009,0.014,0.049,0.016,0.009,0.035,0.006,0.006,0.023,0.013,0.015,0.016,0.028,0.007,0.024,0.011,0.027,0.116,0.117,0.001,0.042,2.859,0.002,0.044
Kota Batam,21,Kepulauan Riau,Sumatera,Kota,0.014,0.034,0.043,0.01,0.017,0.004,0.13,0.054,0.055,0.015,0.136,0.001,0.025,0.077,0.004,0.009,0.266,0.01,0.038,0.0,0.017,0.001,0.008,0.001,0.004,0.0,0.001,0.004,0.006,0.025,0.004,0.006,0.003,0.002,0.001,0.037,0.049,0.088,0.01,0.006,0.047,0.002,0.003,0.049,0.003,0.0,0.039,0.005,0.013,0.045,0.007,0.017,0.005,0.004,0.003,0.142,0.082,0.0,0.005,0.001,0.005,0.001,0.008,0.032,0.326,0.56,0.248,0.649,0.104,0.102,0.591,0.33,0.406,0.164,0.297,1.778,0.355,0.289,0.251,2.461,0.291,0.433,0.464,0.085,0.7,0.007,0.557,0.232,0.798,0.861,0.655,0.108,0.122,0.296,0.155,0.127,1.208,0.003,0.024,0.001,0.004,0.061,0.006,14.567,1.424,1.535,0.008,0.024,0.039,0.057,0.323,0.508,0.086,0.018,0.009,0.065,0.037,0.028,0.016,0.029,0.096,0.027,0.019,0.033,0.006,0.004,0.029,0.037,0.017,0.029,0.035,0.059,0.055,0.029,0.019,0.275,0.054,0.069,0.045,2.921,0.006,0.252
Kota Tanjung Pinang,21,Kepulauan Riau,Sumatera,Kota,0.012,0.032,0.059,0.023,0.003,0.003,0.118,0.049,0.088,0.022,0.125,0.003,0.01,0.056,0.005,0.009,0.236,0.003,0.013,0.0,0.007,0.0,0.017,0.0,0.003,0.0,0.008,0.003,0.02,0.026,0.001,0.034,0.0,0.0,0.002,0.075,0.024,0.096,0.003,0.007,0.051,0.003,0.004,0.058,0.0,0.0,0.002,0.004,0.004,0.109,0.007,0.015,0.005,0.006,0.002,0.116,0.134,0.0,0.01,0.003,0.0,0.003,0.001,0.032,0.296,0.428,0.277,0.563,0.228,0.099,1.114,0.29,0.351,0.296,0.362,2.655,0.455,0.552,0.297,2.156,0.335,0.567,0.496,0.058,1.373,0.001,1.079,0.305,0.414,1.093,0.696,0.178,0.264,0.397,0.202,0.269,1.117,0.004,0.025,0.001,0.004,0.044,0.043,14.817,0.629,1.816,0.004,0.033,0.023,0.064,0.431,0.693,0.084,0.014,0.013,0.058,0.039,0.03,0.013,0.031,0.073,0.021,0.013,0.035,0.005,0.012,0.034,0.018,0.027,0.032,0.026,0.022,0.047,0.012,0.019,0.237,0.062,0.018,0.043,2.59,0.0,0.284
Kepulauan Seribu,31,DKI Jakarta,Jawa,Kabupaten,0.028,0.016,0.035,0.081,0.008,0.009,0.078,0.03,0.037,0.069,0.014,0.07,0.027,0.022,0.001,0.003,0.107,0.0,0.012,0.0,0.001,0.0,0.007,0.0,0.007,0.0,0.04,0.001,0.002,0.059,0.003,0.026,0.002,0.0,0.0,0.023,0.005,0.095,0.003,0.0,0.123,0.002,0.003,0.001,0.0,0.0,0.002,0.0,0.001,0.128,0.016,0.0,0.011,0.0,0.02,0.017,0.217,0.0,0.004,0.003,0.0,0.002,0.0,0.002,0.18,0.47,0.049,0.141,0.292,0.316,0.712,0.276,1.003,0.207,0.117,0.878,0.436,0.201,0.238,1.993,0.18,0.638,0.551,0.097,0.466,0.0,0.434,0.216,0.031,1.236,0.213,0.056,0.111,0.165,0.236,0.094,1.58,0.0,0.01,0.0,0.0,0.024,0.361,18.827,0.316,0.134,0.0,0.172,0.232,0.013,0.248,0.508,0.036,0.001,0.002,0.071,0.045,0.001,0.003,0.006,0.04,0.001,0.015,0.024,0.0,0.001,0.022,0.015,0.0,0.024,0.012,0.022,0.005,0.007,0.014,0.16,0.069,0.0,0.046,2.1,0.0,0.008
Kota Jakarta Selatan,31,DKI Jakarta,Jawa,Kota,0.036,0.031,0.086,0.028,0.016,0.008,0.109,0.017,0.11,0.099,0.035,0.027,0.032,0.058,0.01,0.009,0.226,0.0,0.057,0.0,0.035,0.002,0.012,0.005,0.023,0.029,0.0,0.018,0.0,0.01,0.056,0.005,0.001,0.012,0.009,0.015,0.02,0.003,0.003,0.018,0.065,0.004,0.0,0.085,0.026,0.0,0.013,0.024,0.01,0.007,0.006,0.016,0.003,0.001,0.004,0.075,0.027,0.0,0.096,0.015,0.0,0.003,0.004,0.027,0.645,0.376,0.357,0.393,0.584,0.246,0.341,0.302,0.44,0.31,0.119,1.328,0.871,0.265,0.232,2.77,0.37,0.818,0.635,0.106,1.153,0.0,0.931,0.287,0.356,1.121,0.805,0.13,0.144,0.33,0.443,0.323,1.261,0.0,0.046,0.003,0.0,0.055,0.022,5.767,1.188,1.671,0.001,0.182,0.286,0.1,0.367,0.518,0.07,0.022,0.008,0.046,0.032,0.007,0.004,0.025,0.057,0.009,0.03,0.033,0.003,0.001,0.024,0.04,0.029,0.027,0.021,0.029,0.034,0.031,0.019,0.686,0.037,0.02,0.041,2.954,0.001,0.266
Kota Jakarta Timur,31,DKI Jakarta,Jawa,Kota,0.028,0.025,0.085,0.06,0.03,0.01,0.122,0.011,0.12,0.075,0.035,0.039,0.042,0.053,0.005,0.008,0.223,0.0,0.038,0.0,0.044,0.005,0.011,0.005,0.018,0.016,0.0,0.01,0.003,0.011,0.045,0.005,0.004,0.011,0.01,0.029,0.016,0.002,0.007,0.016,0.06,0.004,0.001,0.087,0.035,0.0,0.024,0.031,0.005,0.009,0.005,0.015,0.003,0.0,0.005,0.083,0.047,0.0,0.036,0.015,0.003,0.002,0.012,0.026,0.579,0.455,0.168,0.374,0.522,0.281,0.445,0.301,0.522,0.284,0.215,0.911,0.462,0.281,0.176,2.363,0.251,0.516,0.581,0.163,0.845,0.0,0.762,0.318,0.378,0.909,0.836,0.151,0.141,0.348,0.405,0.251,1.25,0.001,0.028,0.002,0.002,0.05,0.012,7.954,0.858,0.964,0.002,0.182,0.243,0.076,0.356,0.438,0.07,0.02,0.008,0.051,0.028,0.01,0.004,0.026,0.07,0.009,0.026,0.033,0.003,0.001,0.027,0.051,0.012,0.028,0.023,0.035,0.033,0.04,0.018,0.542,0.057,0.022,0.06,2.82,0.011,0.284
Kota Jakarta Pusat,31,DKI Jakarta,Jawa,Kota,0.022,0.021,0.031,0.029,0.004,0.005,0.076,0.026,0.089,0.064,0.022,0.021,0.027,0.042,0.003,0.002,0.213,0.004,0.052,0.0,0.029,0.0,0.007,0.005,0.018,0.007,0.0,0.019,0.001,0.009,0.025,0.005,0.002,0.006,0.008,0.024,0.004,0.0,0.004,0.007,0.05,0.001,0.0,0.061,0.018,0.0,0.01,0.012,0.004,0.002,0.007,0.008,0.001,0.002,0.003,0.027,0.039,0.0,0.069,0.006,0.001,0.0,0.008,0.02,1.147,0.359,0.304,0.535,0.76,0.379,0.587,0.306,0.169,0.344,0.379,1.363,0.488,0.462,0.1,2.278,0.325,0.814,0.799,0.088,1.345,0.0,0.665,0.459,0.628,1.265,0.385,0.171,0.154,0.709,0.571,0.35,1.21,0.001,0.019,0.001,0.001,0.026,0.002,9.326,1.053,0.922,0.002,0.187,0.263,0.067,0.267,0.391,0.069,0.014,0.006,0.038,0.027,0.003,0.002,0.014,0.066,0.008,0.032,0.021,0.002,0.0,0.02,0.041,0.009,0.022,0.015,0.028,0.025,0.038,0.017,0.489,0.048,0.015,0.041,2.683,0.006,0.276
Kota Jakarta Barat,31,DKI Jakarta,Jawa,Kota,0.038,0.031,0.071,0.039,0.028,0.006,0.104,0.016,0.087,0.055,0.039,0.031,0.022,0.058,0.006,0.014,0.194,0.005,0.032,0.0,0.03,0.001,0.012,0.002,0.048,0.004,0.0,0.018,0.001,0.018,0.045,0.006,0.003,0.01,0.009,0.034,0.017,0.007,0.006,0.022,0.07,0.002,0.001,0.045,0.009,0.0,0.018,0.014,0.003,0.008,0.007,0.019,0.004,0.0,0.005,0.066,0.03,0.0,0.056,0.009,0.002,0.002,0.014,0.027,0.802,0.453,0.211,0.41,0.453,0.194,0.446,0.26,0.571,0.268,0.243,1.049,0.399,0.295,0.233,2.361,0.413,0.414,0.681,0.095,0.948,0.001,0.955,0.33,0.306,1.066,0.654,0.186,0.148,0.389,0.425,0.262,1.313,0.004,0.036,0.003,0.001,0.036,0.046,9.727,1.349,0.803,0.0,0.142,0.228,0.093,0.39,0.515,0.058,0.015,0.004,0.032,0.026,0.003,0.004,0.018,0.047,0.006,0.021,0.022,0.002,0.001,0.021,0.04,0.071,0.018,0.018,0.027,0.023,0.03,0.013,0.402,0.044,0.042,0.087,2.57,0.003,0.153
Kota Jakarta Utara,31,DKI Jakarta,Jawa,Kota,0.039,0.031,0.073,0.048,0.013,0.007,0.091,0.023,0.102,0.074,0.039,0.048,0.033,0.045,0.004,0.009,0.186,0.006,0.033,0.0,0.03,0.003,0.016,0.002,0.034,0.018,0.003,0.026,0.001,0.024,0.027,0.008,0.003,0.006,0.008,0.053,0.019,0.005,0.009,0.022,0.069,0.005,0.001,0.058,0.009,0.0,0.023,0.012,0.005,0.003,0.003,0.016,0.012,0.001,0.01,0.057,0.046,0.0,0.046,0.015,0.003,0.002,0.016,0.035,1.453,0.497,0.27,0.493,0.532,0.326,0.646,0.296,0.916,0.356,0.254,1.55,0.614,0.415,0.546,2.938,0.506,0.718,0.649,0.141,1.225,0.014,1.136,0.357,0.51,1.375,0.682,0.232,0.162,0.414,0.481,0.319,1.301,0.002,0.023,0.004,0.001,0.056,0.005,10.115,1.356,0.794,0.001,0.169,0.239,0.067,0.358,0.458,0.06,0.019,0.008,0.037,0.027,0.009,0.004,0.021,0.06,0.01,0.032,0.025,0.003,0.003,0.03,0.035,0.017,0.023,0.025,0.04,0.031,0.03,0.019,0.423,0.065,0.035,0.107,2.794,0.011,0.348
Bogor,32,Jawa Barat,Jawa,Kabupaten,0.02,0.011,0.104,0.041,0.054,0.01,0.079,0.012,0.038,0.038,0.03,0.084,0.043,0.04,0.004,0.004,0.157,0.001,0.017,0.0,0.006,0.002,0.015,0.003,0.006,0.029,0.001,0.006,0.0,0.004,0.048,0.002,0.001,0.029,0.003,0.013,0.066,0.002,0.001,0.046,0.02,0.001,0.0,0.029,0.043,0.0,0.011,0.011,0.004,0.0,0.032,0.051,0.0,0.005,0.001,0.195,0.018,0.0,0.169,0.002,0.008,0.001,0.045,0.006,0.189,0.19,0.216,0.288,0.398,0.121,0.652,0.358,0.727,0.178,0.101,0.666,0.458,0.119,0.319,2.727,0.596,0.588,0.713,0.132,0.667,0.004,0.469,0.129,0.289,1.08,0.317,0.176,0.045,0.285,0.355,0.094,1.494,0.004,0.023,0.001,0.001,0.067,0.044,13.068,4.617,1.155,0.002,0.164,0.223,0.015,0.294,0.469,0.053,0.014,0.005,0.041,0.037,0.02,0.012,0.02,0.064,0.009,0.02,0.052,0.003,0.003,0.017,0.028,0.011,0.025,0.017,0.038,0.021,0.011,0.009,0.13,0.061,0.011,0.011,2.497,0.0,0.056
Sukabumi,32,Jawa Barat,Jawa,Kabupaten,0.019,0.011,0.183,0.034,0.128,0.015,0.071,0.021,0.042,0.065,0.1,0.191,0.026,0.033,0.002,0.022,0.152,0.0,0.007,0.001,0.006,0.001,0.009,0.001,0.002,0.007,0.0,0.01,0.001,0.018,0.022,0.0,0.002,0.015,0.0,0.01,0.083,0.02,0.001,0.05,0.007,0.0,0.0,0.006,0.072,0.0,0.017,0.022,0.001,0.001,0.063,0.057,0.0,0.002,0.002,0.21,0.029,0.0,0.248,0.002,0.018,0.002,0.078,0.003,0.099,0.113,0.402,0.185,0.362,0.078,0.773,0.387,0.317,0.092,0.06,1.1,0.547,0.033,0.455,3.981,1.081,0.898,0.66,0.137,0.986,0.0,0.343,0.081,0.112,1.31,0.296,0.422,0.082,0.166,0.235,0.028,1.851,0.015,0.072,0.004,0.001,0.076,0.019,10.956,7.864,0.451,0.021,0.103,0.159,0.012,0.263,0.39,0.046,0.026,0.002,0.015,0.037,0.061,0.025,0.026,0.067,0.023,0.024,0.083,0.005,0.003,0.017,0.014,0.026,0.02,0.027,0.045,0.021,0.002,0.007,0.064,0.045,0.006,0.029,2.416,0.001,0.01
Cianjur,32,Jawa Barat,Jawa,Kabupaten,0.016,0.007,0.109,0.014,0.096,0.007,0.07,0.01,0.043,0.069,0.104,0.216,0.033,0.026,0.002,0.03,0.148,0.0,0.006,0.003,0.007,0.001,0.009,0.0,0.003,0.067,0.0,0.016,0.0,0.003,0.033,0.0,0.0,0.015,0.001,0.022,0.081,0.004,0.001,0.092,0.004,0.0,0.0,0.002,0.059,0.0,0.013,0.049,0.001,0.001,0.04,0.065,0.0,0.004,0.001,0.234,0.009,0.0,0.258,0.0,0.003,0.001,0.015,0.004,0.189,0.139,0.491,0.247,0.315,0.073,0.666,0.332,0.237,0.063,0.08,1.007,0.467,0.055,0.56,3.641,0.864,0.682,0.618,0.079,0.906,0.0,0.312,0.048,0.367,1.349,0.146,0.561,0.036,0.263,0.364,0.028,1.815,0.012,0.115,0.005,0.0,0.081,0.008,13.652,7.109,0.379,0.037,0.059,0.114,0.009,0.285,0.399,0.037,0.021,0.003,0.008,0.032,0.038,0.017,0.034,0.055,0.062,0.045,0.083,0.003,0.003,0.027,0.035,0.028,0.021,0.034,0.047,0.036,0.003,0.003,0.108,0.082,0.012,0.037,2.365,0.01,0.074
Bandung,32,Jawa Barat,Jawa,Kabupaten,0.013,0.009,0.081,0.018,0.01,0.004,0.064,0.011,0.046,0.091,0.025,0.148,0.03,0.024,0.003,0.004,0.186,0.0,0.014,0.0,0.005,0.0,0.015,0.001,0.003,0.068,0.0,0.001,0.0,0.003,0.022,0.0,0.001,0.002,0.002,0.013,0.024,0.001,0.0,0.083,0.008,0.001,0.0,0.006,0.08,0.0,0.02,0.016,0.005,0.001,0.03,0.051,0.0,0.007,0.001,0.013,0.003,0.0,0.095,0.0,0.002,0.001,0.0,0.003,0.164,0.27,0.503,0.217,0.382,0.175,0.469,0.306,0.19,0.079,0.038,1.198,0.477,0.172,0.348,3.65,0.601,0.672,0.734,0.073,0.878,0.0,0.404,0.087,0.08,1.235,0.268,0.339,0.044,0.291,0.494,0.078,1.399,0.002,0.042,0.006,0.001,0.05,0.01,9.097,6.498,0.792,0.007,0.091,0.205,0.018,0.291,0.367,0.032,0.022,0.004,0.006,0.026,0.009,0.012,0.013,0.069,0.054,0.026,0.032,0.002,0.001,0.018,0.026,0.025,0.015,0.012,0.036,0.027,0.006,0.009,0.259,0.063,0.009,0.027,2.558,0.011,0.085
Garut,32,Jawa Barat,Jawa,Kabupaten,0.026,0.01,0.081,0.008,0.02,0.005,0.067,0.02,0.047,0.051,0.096,0.143,0.02,0.034,0.005,0.008,0.167,0.0,0.01,0.0,0.004,0.003,0.018,0.001,0.003,0.077,0.0,0.014,0.002,0.005,0.018,0.0,0.0,0.003,0.0,0.017,0.099,0.004,0.001,0.103,0.002,0.001,0.0,0.003,0.051,0.0,0.02,0.039,0.0,0.0,0.045,0.054,0.0,0.0,0.0,0.005,0.024,0.0,0.049,0.0,0.0,0.0,0.001,0.002,0.054,0.105,0.297,0.132,0.319,0.08,0.613,0.392,0.274,0.062,0.052,1.23,0.481,0.078,0.744,4.582,0.746,0.964,0.81,0.109,1.108,0.001,0.331,0.066,0.123,1.472,0.201,0.418,0.059,0.253,0.524,0.032,1.565,0.008,0.074,0.003,0.0,0.076,0.076,6.366,9.558,0.813,0.073,0.053,0.247,0.011,0.261,0.358,0.041,0.029,0.003,0.006,0.034,0.033,0.014,0.016,0.076,0.077,0.034,0.037,0.003,0.002,0.014,0.043,0.03,0.013,0.024,0.032,0.041,0.007,0.009,0.139,0.074,0.003,0.027,2.31,0.031,0.068
Tasikmalaya,32,Jawa Barat,Jawa,Kabupaten,0.025,0.009,0.108,0.016,0.141,0.005,0.059,0.012,0.042,0.043,0.099,0.252,0.021,0.028,0.001,0.02,0.146,0.0,0.004,0.0,0.005,0.001,0.006,0.0,0.003,0.11,0.0,0.009,0.0,0.003,0.014,0.0,0.003,0.001,0.001,0.014,0.033,0.002,0.0,0.15,0.004,0.001,0.0,0.015,0.059,0.0,0.062,0.05,0.0,0.0,0.005,0.027,0.0,0.001,0.0,0.023,0.004,0.0,0.051,0.0,0.001,0.0,0.001,0.002,0.058,0.123,0.28,0.225,0.248,0.141,0.499,0.322,0.227,0.067,0.083,1.473,0.299,0.072,0.481,4.077,0.642,0.552,0.673,0.141,0.969,0.0,0.361,0.058,0.126,1.103,0.198,0.408,0.069,0.835,0.399,0.02,1.678,0.007,0.027,0.001,0.0,0.072,0.014,7.269,9.065,0.958,0.044,0.05,0.238,0.01,0.205,0.324,0.045,0.018,0.003,0.005,0.027,0.04,0.01,0.02,0.063,0.032,0.017,0.04,0.004,0.001,0.008,0.017,0.017,0.012,0.011,0.029,0.028,0.004,0.007,0.14,0.061,0.027,0.069,2.013,0.021,0.083
Ciamis,32,Jawa Barat,Jawa,Kabupaten,0.041,0.014,0.062,0.027,0.119,0.008,0.074,0.009,0.109,0.058,0.101,0.277,0.03,0.034,0.001,0.011,0.181,0.0,0.006,0.001,0.006,0.0,0.009,0.002,0.007,0.049,0.0,0.005,0.0,0.001,0.006,0.0,0.005,0.0,0.003,0.021,0.042,0.004,0.0,0.122,0.001,0.0,0.0,0.011,0.025,0.0,0.115,0.038,0.002,0.001,0.015,0.016,0.0,0.001,0.0,0.043,0.007,0.0,0.043,0.0,0.002,0.0,0.003,0.001,0.045,0.164,0.239,0.381,0.225,0.178,0.488,0.295,0.336,0.199,0.134,1.434,0.477,0.094,0.208,2.966,0.369,0.714,0.629,0.064,0.696,0.0,0.235,0.116,0.283,1.205,0.255,0.224,0.116,0.795,0.367,0.089,1.704,0.014,0.042,0.003,0.0,0.104,0.064,7.347,10.924,0.57,0.025,0.096,0.317,0.011,0.258,0.362,0.056,0.029,0.005,0.009,0.034,0.09,0.01,0.037,0.095,0.033,0.036,0.072,0.005,0.012,0.011,0.017,0.054,0.022,0.025,0.036,0.04,0.009,0.006,0.118,0.108,0.009,0.079,2.125,0.03,0.132
Kuningan,32,Jawa Barat,Jawa,Kabupaten,0.023,0.007,0.074,0.008,0.014,0.006,0.065,0.005,0.044,0.053,0.101,0.033,0.024,0.018,0.002,0.005,0.179,0.0,0.011,0.0,0.002,0.0,0.007,0.001,0.004,0.186,0.0,0.001,0.0,0.002,0.005,0.0,0.0,0.003,0.001,0.048,0.115,0.001,0.0,0.053,0.003,0.0,0.0,0.014,0.009,0.0,0.044,0.018,0.001,0.0,0.023,0.011,0.0,0.0,0.0,0.03,0.003,0.0,0.044,0.0,0.001,0.0,0.017,0.001,0.153,0.113,0.374,0.243,0.352,0.129,0.619,0.246,0.572,0.155,0.065,1.718,0.591,0.052,0.488,4.387,0.481,0.616,0.593,0.073,0.822,0.003,0.503,0.108,0.22,1.127,0.399,0.174,0.097,0.582,0.36,0.043,1.435,0.007,0.03,0.003,0.001,0.09,0.075,13.116,6.027,0.521,0.005,0.203,0.386,0.005,0.278,0.419,0.043,0.014,0.005,0.014,0.029,0.032,0.002,0.021,0.072,0.025,0.029,0.039,0.004,0.004,0.02,0.031,0.03,0.02,0.028,0.05,0.032,0.007,0.009,0.099,0.086,0.013,0.034,2.331,0.008,0.175
Cirebon,32,Jawa Barat,Jawa,Kabupaten,0.008,0.008,0.11,0.028,0.004,0.003,0.058,0.002,0.054,0.059,0.046,0.059,0.061,0.044,0.001,0.008,0.169,0.0,0.011,0.0,0.007,0.0,0.011,0.0,0.035,0.065,0.0,0.003,0.0,0.008,0.012,0.0,0.001,0.0,0.001,0.008,0.033,0.007,0.001,0.031,0.01,0.003,0.001,0.027,0.004,0.0,0.019,0.006,0.002,0.0,0.006,0.009,0.001,0.005,0.001,0.017,0.007,0.0,0.026,0.0,0.001,0.001,0.007,0.008,0.248,0.309,0.225,0.528,0.44,0.281,1.177,0.335,1.462,0.312,0.246,1.527,0.717,0.336,0.4,4.604,0.641,0.924,0.914,0.148,1.533,0.002,1.492,0.143,0.581,1.267,0.264,0.248,0.095,1.206,0.585,0.141,1.382,0.001,0.018,0.005,0.0,0.032,0.039,11.136,4.305,0.111,0.004,0.279,0.311,0.008,0.301,0.421,0.039,0.004,0.009,0.024,0.032,0.01,0.004,0.018,0.066,0.017,0.019,0.033,0.001,0.001,0.017,0.019,0.014,0.013,0.032,0.034,0.023,0.005,0.008,0.093,0.088,0.042,0.026,2.515,0.009,0.128
Majalengka,32,Jawa Barat,Jawa,Kabupaten,0.016,0.011,0.077,0.011,0.025,0.007,0.077,0.006,0.041,0.053,0.046,0.091,0.035,0.028,0.001,0.005,0.156,0.0,0.015,0.001,0.005,0.0,0.01,0.001,0.004,0.06,0.0,0.0,0.0,0.003,0.003,0.0,0.0,0.001,0.0,0.016,0.119,0.002,0.0,0.036,0.001,0.001,0.0,0.014,0.027,0.0,0.037,0.016,0.001,0.0,0.03,0.015,0.0,0.002,0.0,0.023,0.005,0.0,0.064,0.001,0.0,0.001,0.01,0.002,0.175,0.221,0.257,0.429,0.388,0.243,0.877,0.298,0.569,0.212,0.079,1.188,0.48,0.148,0.463,4.942,0.538,0.74,0.729,0.082,0.707,0.0,0.599,0.082,0.069,1.248,0.178,0.156,0.098,1.412,0.46,0.128,1.566,0.003,0.024,0.0,0.003,0.06,0.003,11.059,6.282,0.82,0.007,0.18,0.315,0.003,0.268,0.37,0.034,0.022,0.004,0.016,0.035,0.024,0.012,0.026,0.062,0.049,0.046,0.055,0.002,0.003,0.015,0.024,0.022,0.019,0.039,0.042,0.042,0.005,0.006,0.16,0.08,0.035,0.023,2.619,0.003,0.098
Sumedang,32,Jawa Barat,Jawa,Kabupaten,0.03,0.01,0.078,0.01,0.057,0.005,0.066,0.005,0.047,0.071,0.085,0.197,0.026,0.026,0.002,0.007,0.155,0.001,0.023,0.0,0.006,0.001,0.016,0.001,0.003,0.066,0.0,0.001,0.0,0.001,0.021,0.0,0.001,0.005,0.0,0.018,0.115,0.004,0.0,0.089,0.002,0.0,0.0,0.002,0.067,0.0,0.04,0.017,0.002,0.0,0.08,0.097,0.0,0.001,0.0,0.012,0.002,0.0,0.114,0.0,0.004,0.0,0.004,0.001,0.103,0.171,0.399,0.313,0.272,0.145,0.618,0.31,0.276,0.164,0.133,1.426,0.478,0.111,0.286,4.618,0.598,0.759,0.726,0.076,1.061,0.001,0.625,0.085,0.28,1.238,0.191,0.382,0.08,0.665,0.537,0.056,1.646,0.012,0.077,0.004,0.0,0.057,0.075,8.353,9.57,0.485,0.051,0.089,0.335,0.006,0.273,0.419,0.028,0.013,0.004,0.01,0.027,0.03,0.024,0.019,0.053,0.034,0.036,0.04,0.001,0.002,0.015,0.023,0.035,0.017,0.02,0.035,0.029,0.008,0.013,0.111,0.051,0.001,0.036,2.421,0.01,0.041
Indramayu,32,Jawa Barat,Jawa,Kabupaten,0.005,0.007,0.062,0.039,0.012,0.004,0.078,0.007,0.042,0.044,0.057,0.206,0.084,0.058,0.003,0.011,0.179,0.0,0.011,0.0,0.008,0.0,0.013,0.0,0.048,0.02,0.0,0.008,0.0,0.021,0.009,0.006,0.009,0.002,0.004,0.012,0.062,0.02,0.003,0.102,0.015,0.001,0.001,0.037,0.022,0.0,0.051,0.02,0.011,0.007,0.041,0.01,0.001,0.002,0.004,0.078,0.018,0.0,0.029,0.0,0.005,0.001,0.007,0.007,0.266,0.39,0.198,0.39,0.423,0.317,1.02,0.277,2.049,0.411,0.441,1.737,0.565,0.403,0.207,5.201,0.533,0.703,0.671,0.16,0.89,0.007,1.06,0.184,0.452,1.625,0.256,0.169,0.148,0.628,0.389,0.073,1.657,0.001,0.013,0.0,0.0,0.021,0.001,14.806,5.981,0.053,0.0,0.437,0.311,0.007,0.318,0.444,0.053,0.004,0.012,0.039,0.052,0.01,0.007,0.046,0.097,0.035,0.039,0.052,0.005,0.005,0.035,0.009,0.013,0.022,0.029,0.046,0.023,0.002,0.009,0.139,0.093,0.003,0.011,2.503,0.022,0.093
Subang,32,Jawa Barat,Jawa,Kabupaten,0.013,0.006,0.062,0.054,0.025,0.005,0.084,0.006,0.056,0.059,0.03,0.192,0.055,0.059,0.001,0.007,0.146,0.0,0.011,0.001,0.007,0.001,0.01,0.002,0.017,0.063,0.0,0.006,0.0,0.01,0.011,0.001,0.007,0.008,0.002,0.051,0.076,0.009,0.001,0.1,0.009,0.001,0.001,0.023,0.068,0.0,0.033,0.045,0.001,0.003,0.063,0.06,0.0,0.002,0.002,0.084,0.012,0.0,0.133,0.0,0.001,0.003,0.01,0.002,0.201,0.198,0.341,0.272,0.354,0.209,0.767,0.252,0.491,0.245,0.21,0.979,0.46,0.314,0.175,3.724,0.318,0.794,0.648,0.123,0.755,0.003,0.253,0.141,0.075,1.11,0.116,0.306,0.091,0.487,0.327,0.123,1.769,0.007,0.013,0.001,0.0,0.026,0.0,16.066,6.441,1.146,0.006,0.248,0.319,0.008,0.27,0.459,0.054,0.01,0.009,0.024,0.065,0.011,0.013,0.041,0.079,0.011,0.022,0.085,0.006,0.005,0.011,0.014,0.009,0.019,0.014,0.036,0.017,0.005,0.006,0.148,0.061,0.001,0.037,2.189,0.01,0.076
Purwakarta,32,Jawa Barat,Jawa,Kabupaten,0.01,0.009,0.139,0.023,0.042,0.009,0.068,0.008,0.029,0.025,0.065,0.214,0.047,0.029,0.001,0.008,0.145,0.001,0.008,0.0,0.007,0.0,0.01,0.001,0.002,0.06,0.0,0.003,0.0,0.002,0.031,0.0,0.001,0.009,0.001,0.014,0.076,0.002,0.001,0.055,0.003,0.0,0.0,0.006,0.042,0.0,0.002,0.065,0.004,0.0,0.055,0.076,0.001,0.008,0.0,0.197,0.002,0.0,0.188,0.0,0.003,0.001,0.02,0.003,0.152,0.162,0.303,0.287,0.449,0.082,0.603,0.305,0.498,0.086,0.052,1.457,0.746,0.078,0.193,3.893,0.341,0.808,0.752,0.076,0.642,0.0,0.544,0.116,0.093,1.256,0.188,0.408,0.086,0.335,0.275,0.093,1.686,0.005,0.048,0.001,0.0,0.056,0.006,11.975,5.94,0.643,0.008,0.14,0.218,0.006,0.198,0.364,0.035,0.01,0.003,0.016,0.03,0.024,0.012,0.033,0.054,0.022,0.02,0.057,0.0,0.002,0.016,0.025,0.017,0.023,0.019,0.036,0.022,0.008,0.01,0.17,0.067,0.01,0.025,2.618,0.003,0.067
Karawang,32,Jawa Barat,Jawa,Kabupaten,0.008,0.007,0.072,0.052,0.022,0.004,0.095,0.009,0.054,0.033,0.035,0.101,0.045,0.034,0.0,0.004,0.145,0.0,0.01,0.0,0.006,0.001,0.003,0.002,0.04,0.023,0.0,0.005,0.001,0.006,0.021,0.005,0.004,0.003,0.001,0.016,0.019,0.007,0.002,0.059,0.018,0.001,0.0,0.033,0.034,0.0,0.06,0.017,0.006,0.006,0.007,0.028,0.0,0.004,0.003,0.133,0.009,0.0,0.065,0.0,0.0,0.003,0.012,0.006,0.39,0.423,0.342,0.446,0.774,0.182,0.716,0.268,0.73,0.242,0.285,1.526,0.497,0.354,0.161,4.307,0.478,0.762,0.679,0.123,0.727,0.0,1.145,0.284,0.228,1.245,0.248,0.219,0.13,0.584,0.279,0.143,1.633,0.0,0.008,0.0,0.0,0.021,0.002,14.447,5.828,0.105,0.001,0.247,0.223,0.011,0.226,0.452,0.08,0.007,0.008,0.039,0.051,0.009,0.018,0.029,0.098,0.013,0.022,0.076,0.003,0.004,0.016,0.022,0.009,0.031,0.024,0.037,0.024,0.016,0.012,0.13,0.053,0.009,0.014,2.159,0.022,0.065
Bekasi,32,Jawa Barat,Jawa,Kabupaten,0.014,0.014,0.062,0.044,0.022,0.008,0.074,0.011,0.059,0.051,0.02,0.052,0.039,0.041,0.002,0.007,0.16,0.0,0.022,0.0,0.008,0.002,0.009,0.001,0.032,0.031,0.0,0.009,0.001,0.005,0.034,0.002,0.002,0.004,0.001,0.032,0.009,0.002,0.001,0.034,0.037,0.001,0.0,0.051,0.021,0.0,0.036,0.022,0.004,0.002,0.008,0.009,0.0,0.004,0.002,0.132,0.022,0.0,0.064,0.002,0.0,0.0,0.008,0.015,0.268,0.575,0.266,0.32,0.474,0.162,0.77,0.257,0.527,0.198,0.217,1.142,0.346,0.193,0.162,3.129,0.463,0.597,0.619,0.134,1.23,0.0,1.284,0.298,0.189,1.016,0.393,0.193,0.092,0.442,0.39,0.168,1.451,0.0,0.011,0.0,0.0,0.037,0.017,11.952,2.425,1.046,0.0,0.22,0.215,0.025,0.306,0.544,0.062,0.011,0.009,0.052,0.04,0.008,0.019,0.023,0.061,0.012,0.024,0.027,0.003,0.001,0.018,0.035,0.005,0.026,0.02,0.031,0.022,0.013,0.014,0.211,0.057,0.008,0.029,2.568,0.0,0.108
Bandung Barat,32,Jawa Barat,Jawa,Kabupaten,0.014,0.016,0.065,0.022,0.018,0.007,0.066,0.012,0.05,0.107,0.042,0.229,0.029,0.028,0.0,0.006,0.186,0.001,0.017,0.0,0.009,0.0,0.012,0.001,0.004,0.089,0.0,0.0,0.0,0.003,0.031,0.0,0.001,0.008,0.0,0.018,0.028,0.001,0.0,0.098,0.012,0.0,0.0,0.005,0.047,0.0,0.01,0.07,0.007,0.0,0.066,0.102,0.0,0.011,0.0,0.074,0.004,0.0,0.147,0.0,0.002,0.0,0.005,0.003,0.099,0.18,0.272,0.113,0.255,0.145,0.474,0.32,0.14,0.1,0.041,1.112,0.482,0.13,0.277,3.207,0.446,0.665,0.601,0.064,0.54,0.002,0.359,0.066,0.072,1.245,0.251,0.542,0.046,0.204,0.458,0.031,1.503,0.003,0.114,0.007,0.0,0.066,0.017,9.777,6.876,0.744,0.013,0.067,0.226,0.016,0.265,0.345,0.034,0.04,0.004,0.045,0.071,0.028,0.019,0.016,0.059,0.041,0.04,0.042,0.002,0.001,0.013,0.034,0.019,0.022,0.02,0.038,0.032,0.006,0.007,0.173,0.056,0.005,0.014,2.342,0.017,0.049
Pangandaran,32,Jawa Barat,Jawa,Kabupaten,0.058,0.017,0.078,0.028,0.219,0.005,0.071,0.017,0.072,0.042,0.129,0.213,0.028,0.051,0.004,0.047,0.153,0.001,0.006,0.001,0.005,0.002,0.003,0.002,0.014,0.003,0.001,0.006,0.006,0.011,0.0,0.003,0.005,0.001,0.005,0.026,0.011,0.044,0.0,0.1,0.055,0.004,0.002,0.007,0.033,0.0,0.104,0.011,0.003,0.003,0.008,0.003,0.0,0.002,0.002,0.008,0.017,0.0,0.006,0.0,0.0,0.004,0.002,0.01,0.066,0.265,0.286,0.374,0.162,0.214,0.572,0.355,0.318,0.326,0.173,1.21,0.542,0.128,0.294,2.508,0.238,0.704,0.505,0.109,0.705,0.0,0.098,0.146,0.286,1.083,0.262,0.241,0.161,0.418,0.341,0.218,1.85,0.005,0.029,0.0,0.0,0.134,0.117,5.84,9.88,0.979,0.095,0.079,0.211,0.013,0.285,0.531,0.07,0.023,0.011,0.009,0.042,0.092,0.008,0.067,0.125,0.038,0.034,0.102,0.008,0.029,0.01,0.011,0.053,0.016,0.062,0.046,0.026,0.006,0.006,0.085,0.102,0.003,0.096,1.714,0.044,0.044
Kota Bogor,32,Jawa Barat,Jawa,Kota,0.028,0.012,0.155,0.014,0.016,0.01,0.078,0.013,0.05,0.075,0.027,0.041,0.038,0.032,0.002,0.004,0.164,0.0,0.019,0.0,0.013,0.001,0.014,0.002,0.002,0.016,0.0,0.001,0.0,0.003,0.07,0.0,0.0,0.015,0.005,0.011,0.027,0.001,0.0,0.041,0.019,0.001,0.0,0.025,0.025,0.0,0.031,0.016,0.0,0.001,0.122,0.025,0.001,0.006,0.0,0.136,0.007,0.0,0.188,0.003,0.003,0.001,0.019,0.012,0.171,0.114,0.178,0.256,0.477,0.07,0.496,0.275,0.294,0.184,0.097,0.585,0.38,0.113,0.455,2.709,0.391,0.448,0.756,0.067,0.761,0.0,0.737,0.167,0.147,0.807,0.618,0.071,0.069,0.177,0.352,0.165,1.352,0.002,0.043,0.0,0.0,0.052,0.052,10.719,1.822,1.997,0.009,0.147,0.199,0.041,0.324,0.546,0.079,0.016,0.003,0.032,0.031,0.009,0.006,0.026,0.079,0.013,0.022,0.027,0.002,0.001,0.019,0.039,0.014,0.025,0.015,0.031,0.031,0.018,0.008,0.334,0.044,0.018,0.017,2.821,0.002,0.011
Kota Sukabumi,32,Jawa Barat,Jawa,Kota,0.029,0.016,0.235,0.008,0.043,0.009,0.08,0.01,0.06,0.084,0.063,0.108,0.021,0.035,0.005,0.008,0.177,0.0,0.029,0.001,0.01,0.003,0.027,0.003,0.0,0.007,0.0,0.003,0.0,0.008,0.039,0.0,0.001,0.021,0.001,0.028,0.041,0.001,0.0,0.031,0.011,0.002,0.0,0.008,0.023,0.0,0.004,0.043,0.002,0.001,0.083,0.077,0.0,0.001,0.001,0.144,0.011,0.0,0.473,0.001,0.004,0.001,0.022,0.01,0.19,0.28,0.45,0.317,0.529,0.179,0.669,0.351,0.3,0.102,0.081,1.462,0.654,0.087,0.811,3.333,0.702,0.626,0.692,0.051,0.768,0.001,0.695,0.132,0.145,0.983,0.62,0.337,0.145,0.203,0.257,0.069,1.452,0.002,0.053,0.004,0.001,0.046,0.09,8.87,4.158,1.147,0.006,0.111,0.134,0.044,0.277,0.373,0.044,0.018,0.002,0.016,0.022,0.013,0.011,0.006,0.056,0.017,0.018,0.045,0.002,0.0,0.021,0.029,0.026,0.017,0.023,0.047,0.041,0.013,0.011,0.262,0.06,0.096,0.018,2.951,0.0,0.203
Kota Bandung,32,Jawa Barat,Jawa,Kota,0.031,0.017,0.092,0.032,0.012,0.004,0.076,0.007,0.078,0.139,0.022,0.095,0.036,0.059,0.002,0.004,0.218,0.0,0.045,0.0,0.019,0.005,0.014,0.004,0.006,0.039,0.0,0.004,0.0,0.011,0.031,0.0,0.0,0.005,0.005,0.021,0.027,0.001,0.002,0.029,0.022,0.001,0.001,0.013,0.065,0.0,0.018,0.024,0.008,0.0,0.019,0.045,0.0,0.0,0.0,0.018,0.008,0.0,0.097,0.0,0.0,0.001,0.004,0.013,0.289,0.434,0.534,0.344,0.634,0.182,0.316,0.289,0.12,0.117,0.087,1.207,0.337,0.22,0.239,3.113,0.567,0.585,0.702,0.063,0.767,0.0,0.658,0.252,0.152,1.144,0.596,0.235,0.156,0.394,0.495,0.15,1.209,0.001,0.018,0.006,0.001,0.048,0.148,11.868,2.946,0.69,0.0,0.118,0.214,0.074,0.307,0.374,0.046,0.024,0.007,0.015,0.035,0.003,0.007,0.008,0.067,0.026,0.031,0.018,0.002,0.002,0.02,0.03,0.024,0.03,0.013,0.024,0.041,0.013,0.009,0.366,0.064,0.041,0.027,2.94,0.019,0.104
Kota Cirebon,32,Jawa Barat,Jawa,Kota,0.013,0.008,0.076,0.03,0.012,0.004,0.059,0.001,0.079,0.105,0.037,0.06,0.051,0.034,0.003,0.002,0.169,0.0,0.015,0.0,0.011,0.001,0.019,0.001,0.021,0.079,0.0,0.002,0.0,0.007,0.018,0.0,0.0,0.001,0.007,0.011,0.042,0.006,0.003,0.007,0.022,0.008,0.002,0.04,0.007,0.0,0.022,0.007,0.0,0.0,0.002,0.014,0.0,0.001,0.001,0.013,0.011,0.0,0.009,0.001,0.001,0.002,0.007,0.015,0.214,0.292,0.12,0.372,0.353,0.35,0.918,0.266,1.578,0.233,0.213,1.457,0.448,0.451,0.354,3.143,0.512,0.482,0.819,0.117,0.822,0.0,1.379,0.214,0.076,1.008,0.412,0.105,0.179,0.938,0.575,0.221,1.228,0.003,0.014,0.003,0.001,0.036,0.001,10.978,1.108,0.0,0.001,0.342,0.377,0.031,0.298,0.368,0.032,0.015,0.012,0.032,0.029,0.005,0.004,0.021,0.059,0.015,0.033,0.017,0.001,0.0,0.016,0.022,0.011,0.017,0.018,0.024,0.027,0.013,0.005,0.218,0.058,0.013,0.009,2.515,0.002,0.106
Kota Bekasi,32,Jawa Barat,Jawa,Kota,0.033,0.028,0.116,0.045,0.026,0.007,0.094,0.008,0.108,0.076,0.04,0.045,0.041,0.057,0.003,0.007,0.221,0.001,0.052,0.0,0.021,0.003,0.016,0.004,0.017,0.045,0.0,0.013,0.0,0.013,0.055,0.007,0.001,0.004,0.007,0.015,0.017,0.005,0.004,0.019,0.052,0.003,0.0,0.067,0.022,0.0,0.019,0.039,0.005,0.005,0.003,0.011,0.002,0.0,0.001,0.143,0.032,0.0,0.079,0.009,0.004,0.003,0.01,0.03,0.448,0.482,0.26,0.419,0.316,0.143,0.493,0.275,0.366,0.173,0.155,0.936,0.375,0.144,0.263,2.15,0.297,0.595,0.597,0.12,0.909,0.001,1.176,0.27,0.199,0.856,0.713,0.217,0.11,0.274,0.387,0.233,1.327,0.002,0.038,0.002,0.0,0.049,0.147,11.555,0.682,0.714,0.001,0.172,0.234,0.081,0.372,0.559,0.075,0.021,0.009,0.054,0.037,0.009,0.006,0.028,0.076,0.013,0.028,0.035,0.003,0.002,0.031,0.049,0.018,0.025,0.026,0.047,0.031,0.031,0.015,0.365,0.065,0.048,0.043,3.083,0.008,0.263
Kota Depok,32,Jawa Barat,Jawa,Kota,0.032,0.018,0.119,0.037,0.045,0.015,0.101,0.015,0.09,0.077,0.026,0.064,0.046,0.068,0.003,0.007,0.211,0.0,0.051,0.001,0.026,0.001,0.013,0.004,0.012,0.017,0.0,0.009,0.0,0.009,0.066,0.005,0.001,0.036,0.005,0.018,0.047,0.002,0.003,0.027,0.05,0.004,0.0,0.073,0.047,0.0,0.025,0.023,0.005,0.006,0.014,0.039,0.001,0.005,0.001,0.121,0.024,0.0,0.086,0.008,0.002,0.001,0.028,0.02,0.309,0.281,0.283,0.315,0.389,0.157,0.321,0.324,0.479,0.241,0.089,0.86,0.592,0.205,0.166,2.157,0.304,0.567,0.585,0.064,0.779,0.0,0.853,0.209,0.246,1.112,0.619,0.138,0.108,0.213,0.359,0.229,1.284,0.002,0.044,0.002,0.001,0.066,0.126,9.32,2.193,1.571,0.002,0.185,0.247,0.062,0.338,0.473,0.059,0.018,0.007,0.06,0.04,0.014,0.006,0.021,0.057,0.009,0.025,0.032,0.001,0.001,0.02,0.037,0.017,0.026,0.022,0.033,0.025,0.028,0.013,0.447,0.054,0.023,0.018,2.841,0.001,0.159
Kota Cimahi,32,Jawa Barat,Jawa,Kota,0.011,0.018,0.087,0.025,0.017,0.006,0.074,0.013,0.063,0.101,0.029,0.125,0.033,0.053,0.001,0.004,0.234,0.0,0.047,0.0,0.014,0.002,0.018,0.002,0.007,0.043,0.0,0.003,0.0,0.01,0.041,0.001,0.0,0.002,0.003,0.023,0.039,0.0,0.001,0.062,0.022,0.002,0.0,0.022,0.06,0.0,0.006,0.053,0.008,0.0,0.014,0.036,0.0,0.002,0.001,0.014,0.007,0.0,0.096,0.0,0.001,0.0,0.003,0.01,0.233,0.38,0.449,0.344,0.403,0.182,0.392,0.305,0.254,0.115,0.089,1.378,0.553,0.18,0.481,3.033,0.384,0.661,0.735,0.087,0.676,0.0,0.454,0.178,0.311,1.178,0.61,0.336,0.131,0.434,0.587,0.14,1.163,0.003,0.034,0.007,0.001,0.065,0.094,8.103,2.213,0.846,0.021,0.115,0.215,0.063,0.325,0.376,0.05,0.023,0.005,0.021,0.023,0.01,0.006,0.012,0.067,0.026,0.024,0.024,0.004,0.001,0.02,0.024,0.015,0.033,0.016,0.026,0.038,0.026,0.009,0.344,0.062,0.016,0.019,2.762,0.009,0.141
Kota Tasikmalaya,32,Jawa Barat,Jawa,Kota,0.035,0.016,0.077,0.021,0.081,0.006,0.081,0.009,0.07,0.064,0.08,0.216,0.03,0.033,0.002,0.013,0.154,0.002,0.019,0.0,0.011,0.004,0.01,0.001,0.003,0.065,0.0,0.005,0.0,0.003,0.027,0.0,0.002,0.001,0.01,0.015,0.023,0.003,0.0,0.062,0.001,0.0,0.0,0.022,0.045,0.0,0.102,0.019,0.004,0.0,0.004,0.013,0.0,0.001,0.0,0.021,0.002,0.0,0.081,0.0,0.002,0.0,0.001,0.005,0.076,0.283,0.443,0.485,0.77,0.405,0.762,0.361,0.535,0.174,0.178,1.861,0.609,0.095,1.116,4.185,0.744,0.95,0.872,0.087,0.618,0.001,0.295,0.251,0.23,1.482,0.571,0.324,0.158,2.999,0.524,0.104,1.713,0.007,0.016,0.0,0.002,0.075,0.013,7.396,7.319,0.497,0.004,0.104,0.242,0.019,0.213,0.337,0.037,0.021,0.008,0.008,0.018,0.01,0.007,0.014,0.057,0.022,0.021,0.038,0.0,0.0,0.009,0.013,0.018,0.017,0.012,0.031,0.041,0.011,0.008,0.238,0.092,0.009,0.059,2.365,0.021,0.108
Kota Banjar,32,Jawa Barat,Jawa,Kota,0.092,0.019,0.087,0.02,0.101,0.01,0.089,0.012,0.177,0.07,0.174,0.241,0.049,0.053,0.003,0.016,0.169,0.0,0.014,0.0,0.012,0.0,0.023,0.003,0.002,0.044,0.0,0.004,0.0,0.003,0.012,0.0,0.008,0.007,0.004,0.024,0.053,0.003,0.001,0.115,0.002,0.0,0.0,0.043,0.024,0.0,0.145,0.006,0.003,0.0,0.001,0.013,0.0,0.002,0.0,0.029,0.002,0.0,0.039,0.0,0.002,0.001,0.0,0.002,0.044,0.298,0.182,0.501,0.35,0.473,0.693,0.354,0.963,0.373,0.17,2.123,0.585,0.28,0.465,3.411,0.489,0.633,0.965,0.073,0.667,0.008,0.207,0.197,0.345,2.307,0.576,0.236,0.2,1.232,0.392,0.286,1.807,0.006,0.015,0.004,0.002,0.083,0.006,9.207,7.108,0.33,0.003,0.107,0.297,0.009,0.281,0.471,0.051,0.012,0.021,0.012,0.042,0.047,0.007,0.048,0.075,0.019,0.033,0.085,0.006,0.029,0.005,0.016,0.024,0.009,0.033,0.028,0.026,0.009,0.007,0.187,0.173,0.009,0.043,2.269,0.008,0.141
Cilacap,33,Jawa Tengah,Jawa,Kabupaten,0.012,0.011,0.107,0.043,0.015,0.009,0.057,0.004,0.078,0.027,0.123,0.081,0.049,0.032,0.001,0.024,0.117,0.0,0.015,0.0,0.002,0.002,0.009,0.001,0.01,0.064,0.0,0.006,0.002,0.006,0.0,0.006,0.006,0.001,0.002,0.004,0.048,0.015,0.0,0.05,0.031,0.005,0.0,0.023,0.004,0.0,0.033,0.003,0.003,0.0,0.014,0.005,0.0,0.002,0.001,0.016,0.008,0.0,0.012,0.0,0.008,0.002,0.003,0.006,0.042,0.16,0.129,0.202,0.05,0.093,0.545,0.222,0.578,0.148,0.053,0.894,0.321,0.029,0.296,2.234,0.242,0.358,0.413,0.091,0.79,0.0,0.587,0.08,0.281,1.035,0.158,0.089,0.04,0.355,0.409,0.087,1.539,0.002,0.025,0.001,0.0,0.069,0.116,8.896,5.871,0.397,0.058,0.058,0.248,0.01,0.441,0.551,0.044,0.027,0.009,0.013,0.044,0.067,0.004,0.09,0.111,0.013,0.043,0.024,0.009,0.061,0.011,0.012,0.062,0.01,0.078,0.018,0.017,0.007,0.005,0.12,0.061,0.012,0.034,2.083,0.042,0.077
Banyumas,33,Jawa Tengah,Jawa,Kabupaten,0.024,0.011,0.073,0.087,0.065,0.01,0.067,0.005,0.073,0.076,0.105,0.103,0.052,0.042,0.0,0.026,0.14,0.0,0.018,0.0,0.004,0.001,0.005,0.002,0.017,0.045,0.0,0.009,0.0,0.003,0.002,0.005,0.001,0.001,0.003,0.007,0.028,0.006,0.001,0.108,0.016,0.0,0.0,0.037,0.0,0.0,0.022,0.002,0.002,0.0,0.004,0.002,0.0,0.0,0.0,0.028,0.007,0.0,0.069,0.0,0.004,0.0,0.017,0.003,0.141,0.107,0.119,0.34,0.11,0.175,0.683,0.278,0.414,0.17,0.077,1.684,0.393,0.039,0.274,2.787,0.393,0.448,0.602,0.086,1.454,0.0,0.809,0.125,0.109,1.05,0.202,0.061,0.139,0.426,0.537,0.195,1.468,0.001,0.044,0.003,0.006,0.085,0.148,7.531,7.062,0.097,0.035,0.053,0.278,0.017,0.462,0.582,0.041,0.052,0.013,0.033,0.055,0.068,0.003,0.082,0.105,0.017,0.032,0.019,0.022,0.082,0.022,0.028,0.078,0.013,0.056,0.015,0.025,0.014,0.008,0.162,0.067,0.03,0.054,1.943,0.026,0.145
Purbalingga,33,Jawa Tengah,Jawa,Kabupaten,0.016,0.008,0.102,0.111,0.033,0.015,0.053,0.003,0.066,0.049,0.093,0.162,0.055,0.038,0.0,0.009,0.104,0.0,0.013,0.001,0.001,0.0,0.008,0.001,0.003,0.041,0.0,0.011,0.0,0.001,0.002,0.0,0.0,0.001,0.003,0.001,0.06,0.006,0.0,0.095,0.004,0.0,0.0,0.031,0.001,0.0,0.003,0.002,0.003,0.0,0.016,0.002,0.0,0.003,0.0,0.036,0.006,0.0,0.133,0.0,0.004,0.001,0.029,0.001,0.085,0.057,0.2,0.499,0.085,0.212,0.762,0.317,0.226,0.151,0.066,1.891,0.313,0.095,0.586,2.616,0.37,0.524,0.658,0.042,0.837,0.001,0.492,0.074,0.481,1.041,0.117,0.086,0.111,0.648,0.555,0.128,1.219,0.001,0.041,0.018,0.013,0.072,0.072,7.138,7.336,0.326,0.064,0.026,0.232,0.009,0.364,0.455,0.042,0.047,0.009,0.016,0.041,0.1,0.004,0.081,0.09,0.029,0.049,0.021,0.008,0.046,0.026,0.047,0.098,0.012,0.054,0.015,0.018,0.013,0.005,0.134,0.066,0.016,0.051,1.728,0.011,0.311
Banjarnegara,33,Jawa Tengah,Jawa,Kabupaten,0.015,0.011,0.059,0.07,0.056,0.011,0.052,0.002,0.036,0.063,0.125,0.08,0.072,0.046,0.0,0.009,0.141,0.0,0.016,0.0,0.004,0.005,0.016,0.0,0.003,0.009,0.0,0.006,0.0,0.002,0.001,0.0,0.0,0.001,0.001,0.002,0.361,0.004,0.001,0.145,0.004,0.0,0.0,0.037,0.0,0.0,0.052,0.001,0.002,0.0,0.029,0.005,0.0,0.012,0.0,0.034,0.019,0.0,0.141,0.0,0.02,0.001,0.008,0.002,0.069,0.038,0.195,0.293,0.058,0.105,0.793,0.256,0.259,0.055,0.071,1.251,0.337,0.02,0.271,3.426,0.489,0.898,0.397,0.049,0.999,0.0,0.835,0.064,0.151,0.638,0.127,0.108,0.071,0.252,0.399,0.057,1.274,0.007,0.007,0.033,0.003,0.093,0.116,6.275,6.291,0.383,0.12,0.02,0.208,0.006,0.404,0.444,0.074,0.056,0.008,0.014,0.074,0.103,0.001,0.046,0.058,0.082,0.039,0.015,0.011,0.011,0.044,0.054,0.096,0.004,0.026,0.01,0.033,0.007,0.007,0.097,0.058,0.01,0.041,2.095,0.005,0.069
Kebumen,33,Jawa Tengah,Jawa,Kabupaten,0.021,0.01,0.095,0.034,0.012,0.017,0.074,0.004,0.074,0.031,0.177,0.078,0.063,0.034,0.001,0.022,0.124,0.0,0.018,0.0,0.001,0.002,0.015,0.0,0.009,0.026,0.0,0.004,0.0,0.001,0.0,0.0,0.004,0.001,0.001,0.007,0.077,0.037,0.0,0.117,0.016,0.001,0.001,0.038,0.001,0.0,0.002,0.007,0.002,0.001,0.003,0.002,0.0,0.0,0.0,0.031,0.013,0.0,0.021,0.0,0.002,0.004,0.006,0.006,0.145,0.095,0.147,0.444,0.091,0.095,0.474,0.214,0.499,0.122,0.092,1.568,0.429,0.037,0.237,2.189,0.446,0.504,0.407,0.028,1.717,0.001,0.952,0.06,0.274,1.058,0.181,0.083,0.064,0.516,0.432,0.09,1.376,0.001,0.05,0.002,0.004,0.085,0.1,5.579,4.999,0.181,0.081,0.045,0.276,0.004,0.402,0.507,0.053,0.033,0.006,0.012,0.044,0.075,0.001,0.058,0.102,0.022,0.032,0.03,0.009,0.047,0.016,0.026,0.117,0.012,0.062,0.021,0.024,0.012,0.007,0.144,0.08,0.015,0.089,1.806,0.158,0.097
Purworejo,33,Jawa Tengah,Jawa,Kabupaten,0.024,0.007,0.061,0.042,0.033,0.02,0.084,0.001,0.092,0.047,0.176,0.06,0.031,0.02,0.0,0.018,0.118,0.001,0.012,0.0,0.002,0.002,0.01,0.001,0.019,0.01,0.0,0.001,0.005,0.0,0.001,0.0,0.002,0.001,0.002,0.003,0.091,0.012,0.0,0.057,0.005,0.0,0.0,0.065,0.0,0.0,0.004,0.013,0.004,0.0,0.01,0.001,0.001,0.0,0.0,0.015,0.011,0.0,0.049,0.001,0.001,0.001,0.007,0.01,0.091,0.057,0.134,0.362,0.041,0.075,0.406,0.131,0.368,0.109,0.076,1.553,0.612,0.025,0.164,2.229,0.214,0.594,0.324,0.018,1.433,0.001,0.415,0.038,0.443,1.166,0.075,0.047,0.057,0.453,0.282,0.173,1.366,0.002,0.022,0.0,0.001,0.085,0.068,5.413,6.249,0.537,0.033,0.079,0.262,0.002,0.555,0.604,0.067,0.017,0.002,0.022,0.038,0.1,0.001,0.086,0.061,0.033,0.031,0.021,0.015,0.047,0.028,0.025,0.081,0.008,0.071,0.02,0.021,0.019,0.006,0.055,0.089,0.006,0.08,1.72,0.132,0.09
Wonosobo,33,Jawa Tengah,Jawa,Kabupaten,0.023,0.005,0.066,0.04,0.082,0.014,0.05,0.002,0.034,0.063,0.096,0.064,0.064,0.019,0.001,0.012,0.125,0.0,0.012,0.0,0.004,0.003,0.015,0.001,0.003,0.008,0.0,0.002,0.0,0.0,0.0,0.0,0.0,0.002,0.0,0.0,0.277,0.002,0.0,0.273,0.003,0.0,0.0,0.016,0.002,0.0,0.013,0.021,0.0,0.0,0.013,0.007,0.0,0.002,0.0,0.025,0.004,0.0,0.205,0.0,0.001,0.0,0.006,0.001,0.092,0.019,0.15,0.739,0.009,0.055,0.846,0.329,0.141,0.019,0.085,1.141,0.566,0.03,0.458,3.904,0.456,0.578,0.628,0.062,1.519,0.0,0.798,0.051,0.515,0.836,0.138,0.124,0.069,0.483,0.387,0.065,1.201,0.015,0.025,0.048,0.007,0.072,0.414,5.999,2.983,0.331,0.167,0.009,0.098,0.002,0.403,0.396,0.061,0.055,0.014,0.018,0.056,0.095,0.001,0.038,0.027,0.147,0.042,0.021,0.01,0.005,0.071,0.032,0.118,0.006,0.028,0.012,0.026,0.009,0.004,0.114,0.062,0.013,0.06,1.967,0.02,0.033
Magelang,33,Jawa Tengah,Jawa,Kabupaten,0.014,0.008,0.061,0.03,0.062,0.013,0.056,0.004,0.06,0.035,0.102,0.107,0.041,0.027,0.001,0.017,0.119,0.0,0.011,0.0,0.004,0.001,0.009,0.001,0.003,0.051,0.0,0.009,0.0,0.001,0.002,0.0,0.0,0.001,0.001,0.004,0.195,0.004,0.0,0.006,0.001,0.0,0.0,0.051,0.0,0.0,0.007,0.01,0.001,0.0,0.016,0.001,0.0,0.004,0.0,0.011,0.004,0.0,0.059,0.0,0.004,0.0,0.011,0.001,0.052,0.021,0.073,0.305,0.069,0.07,0.525,0.25,0.173,0.057,0.06,1.513,0.464,0.02,0.313,3.243,0.744,0.582,0.548,0.026,1.612,0.0,0.737,0.106,0.291,1.069,0.135,0.146,0.111,0.441,0.226,0.219,1.178,0.002,0.024,0.004,0.001,0.084,0.335,9.046,2.06,0.341,0.135,0.016,0.147,0.002,0.545,0.554,0.037,0.078,0.004,0.012,0.042,0.047,0.001,0.056,0.02,0.119,0.034,0.014,0.019,0.02,0.063,0.049,0.068,0.012,0.072,0.017,0.021,0.01,0.005,0.07,0.066,0.014,0.093,1.813,0.025,0.165
Boyolali,33,Jawa Tengah,Jawa,Kabupaten,0.07,0.014,0.059,0.012,0.045,0.006,0.074,0.001,0.053,0.041,0.128,0.032,0.033,0.019,0.001,0.014,0.144,0.0,0.009,0.0,0.002,0.001,0.015,0.001,0.014,0.207,0.0,0.002,0.0,0.002,0.0,0.0,0.001,0.0,0.001,0.002,0.055,0.001,0.003,0.09,0.001,0.0,0.0,0.05,0.0,0.0,0.007,0.009,0.006,0.0,0.001,0.002,0.001,0.001,0.001,0.041,0.005,0.0,0.072,0.0,0.001,0.0,0.005,0.003,0.133,0.085,0.046,0.21,0.074,0.072,0.357,0.189,0.447,0.081,0.052,1.026,0.318,0.058,0.146,2.602,0.266,0.682,0.45,0.031,1.721,0.0,0.871,0.099,0.353,0.769,0.065,0.086,0.059,0.351,0.564,0.413,1.201,0.003,0.009,0.003,0.0,0.085,0.177,10.333,2.874,0.403,0.061,0.119,0.367,0.009,0.573,0.608,0.069,0.036,0.002,0.018,0.039,0.062,0.001,0.044,0.042,0.033,0.024,0.012,0.007,0.029,0.031,0.037,0.06,0.011,0.072,0.016,0.03,0.017,0.008,0.13,0.06,0.011,0.13,2.179,0.012,0.139
Klaten,33,Jawa Tengah,Jawa,Kabupaten,0.042,0.02,0.079,0.011,0.029,0.008,0.081,0.003,0.119,0.037,0.079,0.053,0.025,0.049,0.001,0.007,0.163,0.0,0.014,0.0,0.001,0.0,0.01,0.0,0.013,0.148,0.0,0.001,0.0,0.003,0.002,0.0,0.001,0.001,0.001,0.004,0.024,0.003,0.005,0.058,0.001,0.001,0.0,0.063,0.001,0.0,0.0,0.015,0.006,0.0,0.008,0.006,0.0,0.002,0.001,0.054,0.006,0.0,0.051,0.0,0.001,0.0,0.003,0.003,0.199,0.127,0.092,0.39,0.072,0.05,0.51,0.156,0.322,0.124,0.135,1.065,0.403,0.04,0.134,2.586,0.397,0.683,0.439,0.045,1.502,0.0,0.602,0.118,0.579,0.71,0.226,0.076,0.105,0.58,0.369,0.599,1.225,0.003,0.016,0.001,0.002,0.07,0.19,10.43,1.891,0.031,0.021,0.095,0.29,0.014,0.443,0.462,0.078,0.04,0.007,0.021,0.028,0.044,0.002,0.048,0.052,0.034,0.016,0.015,0.01,0.035,0.031,0.032,0.042,0.019,0.059,0.021,0.046,0.017,0.01,0.128,0.051,0.055,0.104,2.136,0.043,0.138
Sukoharjo,33,Jawa Tengah,Jawa,Kabupaten,0.033,0.02,0.064,0.013,0.028,0.009,0.068,0.004,0.094,0.089,0.043,0.014,0.041,0.055,0.001,0.006,0.141,0.0,0.004,0.0,0.004,0.001,0.006,0.0,0.009,0.194,0.001,0.0,0.0,0.002,0.0,0.0,0.0,0.004,0.003,0.015,0.013,0.001,0.013,0.002,0.002,0.0,0.0,0.058,0.001,0.0,0.001,0.016,0.011,0.0,0.007,0.004,0.0,0.005,0.0,0.024,0.004,0.0,0.049,0.0,0.002,0.0,0.006,0.006,0.204,0.207,0.065,0.355,0.088,0.128,0.318,0.16,0.645,0.242,0.092,1.198,0.246,0.044,0.154,3.165,0.336,0.522,0.452,0.049,1.768,0.0,0.828,0.141,0.345,0.954,0.18,0.058,0.073,0.611,0.318,0.544,1.257,0.004,0.019,0.001,0.001,0.06,0.126,9.215,1.848,0.134,0.01,0.277,0.386,0.03,0.463,0.475,0.065,0.021,0.013,0.026,0.03,0.023,0.0,0.045,0.054,0.017,0.02,0.01,0.006,0.009,0.023,0.033,0.013,0.02,0.034,0.018,0.037,0.022,0.012,0.103,0.054,0.02,0.068,2.071,0.031,0.178
Wonogiri,33,Jawa Tengah,Jawa,Kabupaten,0.017,0.015,0.092,0.003,0.058,0.005,0.07,0.001,0.063,0.03,0.11,0.02,0.023,0.016,0.001,0.021,0.132,0.0,0.014,0.0,0.005,0.001,0.01,0.002,0.009,0.095,0.0,0.0,0.001,0.002,0.0,0.0,0.002,0.001,0.0,0.004,0.042,0.009,0.001,0.012,0.003,0.0,0.0,0.052,0.001,0.0,0.005,0.02,0.002,0.0,0.011,0.0,0.0,0.01,0.001,0.057,0.021,0.0,0.21,0.003,0.0,0.002,0.002,0.002,0.098,0.085,0.044,0.227,0.022,0.052,0.442,0.126,0.218,0.136,0.083,0.981,0.266,0.013,0.088,2.259,0.306,0.402,0.399,0.072,1.34,0.002,0.861,0.099,0.212,0.918,0.102,0.092,0.061,0.356,0.191,0.312,1.455,0.008,0.052,0.004,0.013,0.078,0.007,7.986,4.924,0.57,0.024,0.064,0.444,0.008,0.669,0.73,0.076,0.059,0.018,0.016,0.056,0.048,0.002,0.057,0.037,0.017,0.026,0.023,0.004,0.03,0.024,0.022,0.059,0.017,0.078,0.012,0.025,0.018,0.006,0.077,0.059,0.07,0.123,2.457,0.005,0.127
Karanganyar,33,Jawa Tengah,Jawa,Kabupaten,0.03,0.011,0.065,0.018,0.063,0.015,0.079,0.001,0.067,0.069,0.07,0.034,0.031,0.051,0.002,0.013,0.162,0.0,0.007,0.0,0.005,0.0,0.007,0.0,0.04,0.211,0.0,0.0,0.0,0.0,0.001,0.003,0.001,0.0,0.0,0.003,0.031,0.002,0.006,0.034,0.002,0.0,0.0,0.066,0.0,0.0,0.0,0.016,0.008,0.0,0.018,0.0,0.0,0.001,0.001,0.026,0.014,0.0,0.04,0.0,0.001,0.0,0.003,0.002,0.185,0.125,0.047,0.452,0.145,0.144,0.498,0.225,0.378,0.154,0.107,1.394,0.441,0.052,0.133,3.126,0.206,0.972,0.572,0.098,1.521,0.0,0.977,0.252,1.058,1.124,0.164,0.059,0.077,0.732,0.382,0.711,1.442,0.003,0.01,0.001,0.002,0.087,0.033,9.021,1.076,0.672,0.011,0.238,0.417,0.019,0.499,0.527,0.097,0.037,0.01,0.025,0.049,0.076,0.001,0.057,0.054,0.03,0.042,0.015,0.019,0.015,0.028,0.031,0.031,0.014,0.044,0.017,0.034,0.017,0.009,0.058,0.043,0.017,0.125,2.523,0.008,0.032
Sragen,33,Jawa Tengah,Jawa,Kabupaten,0.034,0.014,0.099,0.015,0.016,0.014,0.092,0.0,0.061,0.056,0.079,0.048,0.069,0.076,0.001,0.021,0.149,0.0,0.008,0.0,0.002,0.0,0.017,0.0,0.022,0.389,0.0,0.001,0.0,0.0,0.0,0.0,0.0,0.0,0.0,0.002,0.029,0.001,0.002,0.076,0.001,0.0,0.0,0.095,0.0,0.0,0.003,0.024,0.019,0.0,0.092,0.007,0.0,0.0,0.001,0.074,0.011,0.0,0.106,0.001,0.003,0.001,0.026,0.002,0.262,0.269,0.063,0.248,0.094,0.144,0.732,0.166,0.579,0.242,0.028,1.067,0.351,0.118,0.152,2.723,0.423,0.929,0.539,0.065,1.493,0.008,0.684,0.153,0.277,1.013,0.126,0.061,0.088,0.382,0.361,0.538,1.43,0.003,0.012,0.0,0.0,0.069,0.033,13.469,1.791,0.289,0.006,0.291,0.395,0.01,0.557,0.591,0.095,0.021,0.01,0.028,0.057,0.077,0.0,0.056,0.075,0.024,0.022,0.016,0.014,0.035,0.026,0.03,0.03,0.02,0.059,0.04,0.037,0.017,0.01,0.102,0.071,0.017,0.101,2.172,0.013,0.148
Grobogan,33,Jawa Tengah,Jawa,Kabupaten,0.008,0.008,0.093,0.008,0.011,0.008,0.076,0.0,0.051,0.016,0.12,0.117,0.054,0.057,0.001,0.021,0.104,0.0,0.008,0.0,0.002,0.001,0.011,0.0,0.016,0.047,0.0,0.002,0.0,0.002,0.001,0.0,0.002,0.003,0.0,0.005,0.119,0.004,0.0,0.183,0.011,0.0,0.0,0.086,0.001,0.0,0.004,0.013,0.003,0.001,0.106,0.002,0.0,0.001,0.0,0.066,0.005,0.0,0.026,0.0,0.004,0.003,0.006,0.003,0.22,0.465,0.12,0.231,0.043,0.134,1.313,0.28,0.934,0.322,0.045,1.284,0.376,0.389,0.24,3.331,0.215,0.975,0.738,0.059,1.755,0.004,1.473,0.145,0.279,0.814,0.086,0.118,0.078,0.408,0.581,0.275,1.435,0.002,0.021,0.002,0.004,0.081,0.008,14.117,1.559,0.778,0.038,0.226,0.387,0.007,0.494,0.746,0.12,0.01,0.009,0.026,0.065,0.099,0.001,0.064,0.069,0.024,0.011,0.026,0.01,0.038,0.015,0.01,0.066,0.019,0.092,0.046,0.023,0.007,0.006,0.113,0.077,0.023,0.085,2.168,0.016,0.039
Blora,33,Jawa Tengah,Jawa,Kabupaten,0.004,0.021,0.114,0.017,0.016,0.008,0.049,0.0,0.021,0.008,0.093,0.057,0.05,0.077,0.001,0.032,0.055,0.0,0.013,0.0,0.004,0.001,0.022,0.0,0.015,0.002,0.001,0.002,0.0,0.004,0.0,0.001,0.001,0.0,0.001,0.003,0.432,0.004,0.001,0.055,0.0,0.0,0.0,0.036,0.0,0.0,0.001,0.003,0.002,0.0,0.039,0.004,0.0,0.0,0.0,0.031,0.003,0.0,0.114,0.0,0.006,0.001,0.004,0.005,0.13,0.361,0.092,0.486,0.018,0.086,1.056,0.215,0.553,0.414,0.09,1.575,0.337,0.218,0.295,3.183,0.381,1.083,0.596,0.09,2.312,0.0,1.069,0.151,0.533,0.698,0.144,0.09,0.094,0.64,0.334,0.185,1.411,0.001,0.034,0.009,0.005,0.037,0.043,16.582,1.834,0.444,0.027,0.056,0.254,0.003,0.371,0.797,0.055,0.006,0.009,0.029,0.066,0.049,0.0,0.038,0.042,0.004,0.033,0.021,0.006,0.018,0.011,0.008,0.081,0.015,0.055,0.046,0.007,0.009,0.011,0.134,0.029,0.017,0.107,1.616,0.0,0.192
Rembang,33,Jawa Tengah,Jawa,Kabupaten,0.007,0.017,0.098,0.021,0.022,0.009,0.089,0.0,0.019,0.005,0.08,0.062,0.072,0.103,0.003,0.026,0.105,0.0,0.008,0.001,0.005,0.002,0.011,0.0,0.037,0.01,0.0,0.002,0.003,0.016,0.0,0.009,0.0,0.0,0.0,0.0,0.263,0.037,0.002,0.122,0.05,0.0,0.002,0.015,0.0,0.0,0.002,0.005,0.001,0.019,0.041,0.0,0.005,0.001,0.004,0.018,0.029,0.0,0.155,0.0,0.009,0.002,0.0,0.013,0.193,0.297,0.098,0.484,0.036,0.091,1.086,0.224,0.547,0.321,0.18,1.731,0.383,0.196,0.147,3.511,0.594,1.109,0.618,0.084,1.637,0.005,0.921,0.155,0.618,0.835,0.126,0.069,0.073,0.384,0.254,0.143,1.545,0.019,0.057,0.008,0.001,0.047,0.112,14.774,0.851,0.247,0.031,0.113,0.288,0.01,0.397,0.731,0.049,0.007,0.013,0.036,0.075,0.032,0.0,0.052,0.073,0.012,0.018,0.031,0.017,0.029,0.012,0.01,0.021,0.017,0.052,0.052,0.014,0.004,0.007,0.1,0.031,0.008,0.081,2.118,0.002,0.048
Pati,33,Jawa Tengah,Jawa,Kabupaten,0.021,0.021,0.091,0.042,0.023,0.01,0.112,0.011,0.07,0.029,0.095,0.078,0.054,0.161,0.001,0.003,0.1,0.0,0.006,0.001,0.01,0.001,0.01,0.002,0.102,0.017,0.0,0.008,0.0,0.012,0.001,0.011,0.001,0.0,0.001,0.004,0.225,0.015,0.003,0.117,0.032,0.007,0.002,0.084,0.001,0.0,0.05,0.04,0.006,0.003,0.016,0.003,0.001,0.002,0.004,0.036,0.014,0.0,0.041,0.0,0.0,0.005,0.003,0.031,0.109,0.3,0.095,0.254,0.05,0.16,0.851,0.175,0.565,0.274,0.437,1.59,0.427,0.269,0.226,2.891,0.352,0.887,0.487,0.122,1.5,0.001,0.648,0.17,0.502,0.708,0.072,0.089,0.081,0.669,0.384,0.189,1.484,0.001,0.03,0.002,0.006,0.053,0.029,13.802,1.048,0.772,0.002,0.138,0.204,0.01,0.444,0.762,0.065,0.013,0.014,0.043,0.038,0.049,0.004,0.045,0.076,0.024,0.023,0.031,0.014,0.031,0.015,0.004,0.025,0.027,0.048,0.023,0.019,0.005,0.01,0.113,0.057,0.015,0.025,1.839,0.004,0.103
Kudus,33,Jawa Tengah,Jawa,Kabupaten,0.015,0.013,0.058,0.019,0.013,0.011,0.086,0.001,0.035,0.014,0.077,0.046,0.035,0.064,0.0,0.004,0.11,0.0,0.015,0.0,0.001,0.001,0.008,0.003,0.053,0.015,0.0,0.007,0.0,0.009,0.0,0.008,0.004,0.001,0.0,0.002,0.024,0.004,0.001,0.043,0.009,0.001,0.0,0.084,0.002,0.0,0.024,0.025,0.003,0.001,0.005,0.0,0.0,0.0,0.006,0.022,0.005,0.0,0.041,0.0,0.001,0.001,0.0,0.016,0.121,0.232,0.107,0.529,0.067,0.092,1.096,0.239,0.481,0.426,0.522,1.111,0.433,0.149,0.196,3.219,0.552,1.017,0.569,0.052,2.155,0.0,0.814,0.144,0.74,0.613,0.261,0.131,0.127,0.682,0.408,0.387,1.203,0.001,0.019,0.003,0.005,0.048,0.021,12.465,1.152,0.098,0.003,0.222,0.288,0.011,0.392,0.586,0.043,0.015,0.006,0.028,0.029,0.02,0.001,0.024,0.057,0.033,0.027,0.014,0.007,0.008,0.027,0.009,0.009,0.017,0.049,0.019,0.026,0.014,0.015,0.103,0.063,0.024,0.031,2.04,0.0,0.198
Jepara,33,Jawa Tengah,Jawa,Kabupaten,0.013,0.006,0.102,0.033,0.01,0.011,0.062,0.004,0.05,0.03,0.082,0.093,0.055,0.035,0.0,0.011,0.1,0.0,0.004,0.0,0.003,0.0,0.006,0.001,0.046,0.001,0.0,0.007,0.0,0.024,0.0,0.004,0.001,0.001,0.001,0.0,0.061,0.032,0.0,0.053,0.08,0.004,0.001,0.037,0.0,0.0,0.027,0.006,0.0,0.012,0.006,0.0,0.001,0.001,0.015,0.033,0.046,0.0,0.131,0.0,0.0,0.008,0.0,0.014,0.06,0.115,0.128,0.327,0.044,0.148,1.129,0.206,0.311,0.214,0.15,1.248,0.305,0.107,0.164,2.481,0.229,0.621,0.565,0.082,1.741,0.001,0.721,0.154,0.257,0.845,0.074,0.067,0.084,0.176,0.329,0.166,1.416,0.001,0.014,0.0,0.002,0.04,0.032,14.259,0.697,0.291,0.001,0.239,0.29,0.003,0.41,0.632,0.042,0.006,0.007,0.02,0.019,0.073,0.003,0.037,0.067,0.015,0.009,0.021,0.016,0.03,0.009,0.007,0.04,0.008,0.051,0.018,0.012,0.007,0.009,0.034,0.067,0.004,0.035,1.854,0.001,0.171
Demak,33,Jawa Tengah,Jawa,Kabupaten,0.004,0.013,0.059,0.028,0.015,0.01,0.082,0.001,0.048,0.039,0.042,0.046,0.048,0.051,0.002,0.003,0.141,0.0,0.006,0.0,0.002,0.001,0.008,0.0,0.037,0.012,0.0,0.013,0.0,0.011,0.0,0.002,0.006,0.001,0.003,0.002,0.147,0.018,0.002,0.05,0.036,0.005,0.003,0.09,0.004,0.0,0.02,0.032,0.006,0.001,0.022,0.015,0.001,0.005,0.007,0.051,0.007,0.0,0.107,0.001,0.015,0.004,0.001,0.015,0.122,0.443,0.155,0.127,0.03,0.109,1.017,0.233,0.566,0.399,0.251,0.968,0.389,0.1,0.182,3.488,0.327,1.003,0.595,0.061,1.731,0.002,0.616,0.145,0.11,1.202,0.103,0.173,0.05,0.357,0.395,0.272,1.39,0.002,0.009,0.0,0.0,0.03,0.002,13.695,1.372,0.139,0.018,0.141,0.328,0.011,0.455,0.621,0.111,0.008,0.011,0.052,0.041,0.046,0.001,0.043,0.086,0.019,0.022,0.027,0.002,0.004,0.012,0.007,0.032,0.01,0.088,0.02,0.018,0.01,0.011,0.052,0.059,0.007,0.045,2.087,0.002,0.104
Semarang,33,Jawa Tengah,Jawa,Kabupaten,0.038,0.016,0.089,0.027,0.071,0.01,0.069,0.001,0.061,0.043,0.127,0.067,0.05,0.027,0.001,0.023,0.153,0.0,0.018,0.002,0.002,0.001,0.014,0.001,0.009,0.09,0.0,0.005,0.0,0.002,0.002,0.001,0.0,0.0,0.001,0.002,0.121,0.003,0.001,0.044,0.002,0.0,0.0,0.047,0.001,0.0,0.024,0.01,0.002,0.0,0.011,0.005,0.0,0.0,0.001,0.032,0.003,0.0,0.08,0.0,0.003,0.0,0.002,0.003,0.152,0.059,0.129,0.282,0.075,0.094,0.606,0.198,0.329,0.083,0.037,1.214,0.379,0.059,0.221,2.88,0.27,0.441,0.471,0.042,1.566,0.0,0.707,0.139,0.403,0.813,0.134,0.086,0.084,0.463,0.401,0.402,1.209,0.002,0.019,0.002,0.004,0.087,0.076,9.815,3.255,0.182,0.046,0.103,0.341,0.009,0.585,0.579,0.072,0.046,0.003,0.034,0.042,0.065,0.004,0.051,0.044,0.068,0.035,0.013,0.008,0.007,0.073,0.031,0.053,0.006,0.08,0.017,0.031,0.018,0.013,0.107,0.056,0.027,0.024,2.394,0.012,0.116
Temanggung,33,Jawa Tengah,Jawa,Kabupaten,0.02,0.007,0.049,0.015,0.061,0.012,0.073,0.002,0.052,0.03,0.07,0.074,0.041,0.019,0.001,0.033,0.121,0.0,0.01,0.0,0.004,0.002,0.012,0.0,0.002,0.023,0.0,0.001,0.0,0.001,0.0,0.0,0.0,0.0,0.0,0.0,0.259,0.003,0.002,0.03,0.0,0.0,0.0,0.04,0.0,0.0,0.003,0.019,0.0,0.0,0.019,0.017,0.0,0.007,0.001,0.016,0.013,0.0,0.251,0.0,0.003,0.0,0.012,0.001,0.037,0.008,0.092,0.302,0.055,0.081,0.999,0.215,0.119,0.038,0.021,1.428,0.352,0.017,0.201,2.92,0.219,0.648,0.703,0.117,1.458,0.0,0.789,0.089,0.15,0.926,0.129,0.076,0.11,0.186,0.278,0.151,1.248,0.009,0.009,0.024,0.001,0.07,0.758,3.719,0.694,0.065,0.243,0.017,0.117,0.004,0.461,0.521,0.055,0.069,0.017,0.026,0.053,0.074,0.006,0.058,0.03,0.178,0.054,0.015,0.011,0.008,0.082,0.025,0.054,0.006,0.075,0.016,0.023,0.01,0.004,0.049,0.063,0.014,0.06,1.977,0.025,0.106
Kendal,33,Jawa Tengah,Jawa,Kabupaten,0.016,0.012,0.087,0.02,0.033,0.013,0.082,0.004,0.04,0.028,0.065,0.025,0.032,0.057,0.001,0.011,0.142,0.0,0.015,0.0,0.003,0.001,0.005,0.001,0.034,0.016,0.0,0.015,0.0,0.016,0.0,0.0,0.001,0.0,0.002,0.001,0.106,0.027,0.002,0.098,0.02,0.002,0.001,0.035,0.0,0.0,0.02,0.011,0.004,0.005,0.017,0.014,0.001,0.023,0.003,0.046,0.027,0.0,0.13,0.0,0.011,0.002,0.0,0.009,0.178,0.15,0.155,0.248,0.071,0.075,1.327,0.216,0.501,0.142,0.079,0.768,0.506,0.035,0.205,2.571,0.23,0.65,0.531,0.088,1.559,0.0,0.77,0.193,0.159,1.138,0.261,0.069,0.12,0.381,0.518,0.195,1.46,0.001,0.028,0.009,0.001,0.067,0.277,10.148,1.692,0.213,0.077,0.097,0.377,0.013,0.517,0.573,0.084,0.035,0.007,0.028,0.046,0.08,0.001,0.059,0.051,0.07,0.028,0.033,0.012,0.01,0.05,0.025,0.048,0.01,0.076,0.02,0.024,0.014,0.013,0.093,0.075,0.011,0.052,2.307,0.018,0.144
Batang,33,Jawa Tengah,Jawa,Kabupaten,0.017,0.006,0.072,0.027,0.013,0.011,0.075,0.006,0.046,0.039,0.071,0.036,0.057,0.051,0.0,0.012,0.107,0.0,0.007,0.0,0.002,0.0,0.008,0.002,0.018,0.011,0.0,0.013,0.0,0.011,0.002,0.006,0.0,0.0,0.0,0.006,0.444,0.009,0.001,0.054,0.013,0.003,0.0,0.045,0.001,0.0,0.01,0.006,0.001,0.008,0.154,0.011,0.0,0.035,0.002,0.079,0.02,0.0,0.361,0.0,0.017,0.001,0.008,0.006,0.107,0.03,0.207,0.472,0.106,0.178,1.171,0.263,0.489,0.19,0.294,1.733,0.556,0.051,0.399,5.686,0.312,0.951,0.76,0.089,2.122,0.0,1.916,0.172,0.311,1.096,0.17,0.076,0.071,0.564,0.524,0.218,1.39,0.002,0.008,0.003,0.002,0.057,0.071,10.022,3.407,0.381,0.055,0.127,0.526,0.003,0.506,0.634,0.064,0.029,0.008,0.019,0.037,0.074,0.003,0.042,0.045,0.059,0.023,0.03,0.023,0.009,0.059,0.016,0.031,0.008,0.063,0.018,0.024,0.008,0.011,0.075,0.074,0.027,0.072,1.935,0.018,0.077
Pekalongan,33,Jawa Tengah,Jawa,Kabupaten,0.012,0.009,0.077,0.023,0.037,0.008,0.059,0.002,0.055,0.045,0.088,0.043,0.056,0.066,0.002,0.01,0.13,0.001,0.016,0.0,0.005,0.0,0.013,0.002,0.019,0.023,0.001,0.016,0.0,0.011,0.003,0.007,0.001,0.008,0.0,0.0,0.253,0.003,0.0,0.104,0.008,0.001,0.0,0.041,0.001,0.0,0.012,0.003,0.001,0.004,0.071,0.008,0.0,0.027,0.001,0.044,0.012,0.0,0.161,0.0,0.013,0.001,0.001,0.007,0.094,0.098,0.236,0.435,0.217,0.225,0.967,0.263,0.731,0.308,0.321,1.81,0.781,0.087,0.402,4.952,0.543,1.036,0.809,0.074,1.78,0.002,1.443,0.169,0.365,1.364,0.167,0.085,0.06,0.688,0.618,0.215,1.352,0.0,0.008,0.004,0.008,0.042,0.07,9.975,4.177,0.259,0.014,0.204,0.429,0.006,0.369,0.498,0.032,0.009,0.005,0.027,0.039,0.058,0.004,0.031,0.044,0.035,0.018,0.025,0.012,0.003,0.012,0.012,0.028,0.014,0.042,0.029,0.02,0.01,0.005,0.074,0.081,0.012,0.03,2.005,0.074,0.122
Pemalang,33,Jawa Tengah,Jawa,Kabupaten,0.016,0.008,0.068,0.03,0.02,0.009,0.068,0.005,0.045,0.021,0.101,0.095,0.068,0.041,0.001,0.008,0.113,0.0,0.018,0.0,0.003,0.002,0.01,0.002,0.011,0.049,0.0,0.01,0.001,0.015,0.008,0.001,0.0,0.001,0.001,0.004,0.171,0.005,0.001,0.071,0.02,0.002,0.0,0.016,0.001,0.0,0.008,0.0,0.0,0.003,0.051,0.015,0.003,0.021,0.002,0.029,0.013,0.0,0.147,0.001,0.004,0.001,0.0,0.005,0.107,0.116,0.157,0.437,0.183,0.135,1.425,0.284,0.857,0.284,0.209,2.27,0.575,0.134,0.469,5.013,0.497,0.957,0.677,0.064,1.207,0.0,1.819,0.105,0.246,1.259,0.207,0.082,0.073,0.769,0.655,0.11,1.4,0.006,0.033,0.014,0.008,0.051,0.013,9.148,7.538,0.277,0.014,0.189,0.272,0.005,0.368,0.528,0.048,0.013,0.01,0.018,0.038,0.096,0.004,0.048,0.073,0.037,0.034,0.034,0.005,0.012,0.028,0.037,0.039,0.015,0.04,0.031,0.016,0.008,0.003,0.185,0.074,0.019,0.058,1.707,0.005,0.187
Tegal,33,Jawa Tengah,Jawa,Kabupaten,0.007,0.01,0.05,0.026,0.004,0.006,0.067,0.002,0.031,0.04,0.08,0.089,0.037,0.032,0.001,0.005,0.103,0.0,0.004,0.0,0.003,0.001,0.004,0.0,0.008,0.023,0.0,0.005,0.001,0.007,0.002,0.002,0.0,0.0,0.001,0.002,0.083,0.009,0.001,0.057,0.025,0.002,0.0,0.018,0.001,0.0,0.01,0.0,0.0,0.0,0.016,0.009,0.001,0.001,0.002,0.018,0.01,0.0,0.076,0.0,0.0,0.0,0.002,0.005,0.059,0.153,0.144,0.265,0.236,0.211,0.799,0.265,0.573,0.135,0.156,1.324,0.482,0.216,0.197,3.272,0.087,0.757,0.622,0.093,0.516,0.002,1.822,0.139,0.095,0.932,0.253,0.084,0.051,0.802,0.676,0.094,1.397,0.001,0.013,0.001,0.002,0.042,0.002,9.778,4.843,0.041,0.002,0.246,0.279,0.008,0.367,0.553,0.038,0.007,0.004,0.028,0.032,0.016,0.002,0.022,0.047,0.024,0.019,0.031,0.004,0.005,0.02,0.017,0.012,0.015,0.037,0.027,0.015,0.009,0.004,0.157,0.057,0.003,0.025,1.739,0.006,0.063
Brebes,33,Jawa Tengah,Jawa,Kabupaten,0.005,0.01,0.048,0.023,0.025,0.011,0.07,0.001,0.034,0.021,0.068,0.092,0.036,0.043,0.001,0.005,0.111,0.0,0.005,0.0,0.001,0.001,0.002,0.001,0.018,0.04,0.0,0.007,0.001,0.007,0.0,0.001,0.0,0.001,0.0,0.011,0.029,0.007,0.001,0.092,0.009,0.001,0.0,0.028,0.002,0.0,0.016,0.001,0.0,0.001,0.002,0.004,0.0,0.001,0.002,0.021,0.011,0.0,0.03,0.001,0.0,0.001,0.001,0.005,0.171,0.197,0.21,0.309,0.307,0.288,1.011,0.247,1.269,0.187,0.29,1.855,0.417,0.188,0.542,4.62,0.278,0.686,0.784,0.126,0.774,0.0,1.578,0.111,0.097,1.241,0.146,0.07,0.041,0.964,0.699,0.137,1.437,0.001,0.016,0.0,0.001,0.052,0.007,10.764,7.286,0.102,0.022,0.235,0.263,0.003,0.316,0.515,0.04,0.017,0.006,0.02,0.036,0.032,0.005,0.04,0.07,0.032,0.024,0.04,0.003,0.01,0.019,0.012,0.024,0.016,0.053,0.019,0.01,0.006,0.004,0.114,0.073,0.004,0.014,1.852,0.003,0.037
Kota Magelang,33,Jawa Tengah,Jawa,Kota,0.021,0.027,0.081,0.025,0.033,0.013,0.068,0.001,0.074,0.067,0.062,0.025,0.043,0.052,0.001,0.007,0.145,0.0,0.02,0.001,0.011,0.0,0.007,0.004,0.006,0.036,0.0,0.003,0.002,0.003,0.008,0.0,0.001,0.0,0.005,0.004,0.079,0.002,0.003,0.008,0.007,0.001,0.0,0.062,0.001,0.0,0.001,0.026,0.003,0.0,0.01,0.0,0.0,0.0,0.0,0.008,0.007,0.0,0.05,0.0,0.0,0.0,0.009,0.006,0.145,0.058,0.092,0.386,0.104,0.115,0.34,0.195,0.17,0.124,0.129,1.041,0.287,0.044,0.271,2.623,0.289,0.384,0.609,0.057,1.343,0.002,0.661,0.288,0.255,0.936,0.292,0.136,0.16,0.78,0.307,0.436,1.037,0.0,0.016,0.004,0.001,0.037,0.38,8.858,1.22,0.185,0.025,0.112,0.245,0.036,0.484,0.474,0.067,0.04,0.007,0.02,0.023,0.012,0.0,0.055,0.05,0.072,0.028,0.019,0.009,0.009,0.063,0.04,0.032,0.017,0.045,0.018,0.04,0.023,0.014,0.128,0.022,0.061,0.057,2.124,0.024,0.073
Kota Surakarta,33,Jawa Tengah,Jawa,Kota,0.044,0.023,0.06,0.008,0.017,0.007,0.049,0.002,0.093,0.1,0.023,0.014,0.032,0.059,0.005,0.003,0.175,0.0,0.016,0.001,0.008,0.002,0.015,0.003,0.024,0.184,0.0,0.001,0.0,0.004,0.001,0.0,0.0,0.0,0.004,0.005,0.017,0.001,0.016,0.006,0.002,0.0,0.0,0.064,0.002,0.0,0.002,0.021,0.012,0.0,0.006,0.001,0.0,0.002,0.001,0.017,0.005,0.0,0.029,0.0,0.0,0.0,0.003,0.008,0.236,0.352,0.052,0.452,0.157,0.221,0.445,0.256,0.37,0.295,0.115,0.948,0.307,0.07,0.376,3.005,0.401,0.547,0.517,0.076,2.283,0.0,0.633,0.222,0.699,1.07,0.365,0.071,0.117,1.133,0.325,0.546,1.169,0.001,0.014,0.002,0.002,0.042,0.027,7.186,1.484,0.272,0.005,0.293,0.434,0.047,0.458,0.471,0.062,0.017,0.012,0.037,0.04,0.01,0.001,0.038,0.07,0.017,0.009,0.009,0.002,0.005,0.032,0.033,0.013,0.013,0.033,0.017,0.031,0.023,0.016,0.103,0.056,0.045,0.109,2.175,0.008,0.115
Kota Salatiga,33,Jawa Tengah,Jawa,Kota,0.081,0.024,0.135,0.043,0.039,0.013,0.07,0.004,0.078,0.099,0.069,0.035,0.038,0.017,0.002,0.004,0.164,0.005,0.037,0.0,0.008,0.004,0.015,0.005,0.007,0.156,0.0,0.001,0.0,0.002,0.007,0.0,0.0,0.0,0.002,0.006,0.118,0.001,0.0,0.052,0.004,0.0,0.0,0.042,0.001,0.0,0.05,0.005,0.006,0.0,0.006,0.001,0.0,0.0,0.0,0.018,0.002,0.0,0.04,0.002,0.014,0.0,0.0,0.007,0.19,0.117,0.083,0.665,0.035,0.08,0.317,0.197,0.19,0.101,0.214,1.566,0.403,0.02,0.355,2.569,0.612,0.632,0.375,0.028,1.325,0.0,0.577,0.242,0.638,0.765,0.468,0.11,0.112,0.659,0.21,0.377,1.119,0.0,0.034,0.001,0.008,0.048,0.168,9.25,1.978,0.528,0.027,0.095,0.211,0.057,0.473,0.44,0.062,0.039,0.006,0.022,0.026,0.029,0.0,0.041,0.041,0.045,0.034,0.019,0.002,0.007,0.061,0.057,0.065,0.014,0.031,0.016,0.034,0.026,0.008,0.171,0.028,0.121,0.071,2.256,0.022,0.266
Kota Semarang,33,Jawa Tengah,Jawa,Kota,0.026,0.016,0.1,0.017,0.026,0.008,0.077,0.006,0.075,0.076,0.041,0.05,0.042,0.068,0.007,0.004,0.18,0.0,0.041,0.0,0.011,0.003,0.013,0.001,0.043,0.063,0.0,0.007,0.0,0.015,0.002,0.001,0.001,0.0,0.007,0.024,0.089,0.009,0.004,0.055,0.009,0.005,0.0,0.063,0.001,0.0,0.018,0.024,0.001,0.0,0.02,0.0,0.0,0.002,0.002,0.018,0.006,0.0,0.044,0.002,0.001,0.002,0.003,0.022,0.487,0.379,0.147,0.392,0.096,0.082,0.415,0.216,0.313,0.173,0.138,0.99,0.253,0.064,0.39,2.391,0.299,0.462,0.463,0.068,2.003,0.002,1.136,0.209,0.226,0.883,0.388,0.111,0.132,0.47,0.3,0.371,1.14,0.002,0.026,0.002,0.003,0.041,0.271,9.507,1.122,0.169,0.006,0.211,0.338,0.056,0.547,0.547,0.086,0.021,0.009,0.032,0.024,0.017,0.0,0.034,0.075,0.029,0.018,0.018,0.004,0.007,0.032,0.039,0.029,0.015,0.04,0.021,0.034,0.025,0.01,0.227,0.051,0.044,0.038,2.666,0.007,0.255
Kota Pekalongan,33,Jawa Tengah,Jawa,Kota,0.01,0.011,0.048,0.01,0.01,0.008,0.039,0.007,0.06,0.034,0.072,0.018,0.056,0.048,0.0,0.004,0.119,0.0,0.012,0.001,0.008,0.0,0.011,0.004,0.021,0.012,0.0,0.004,0.0,0.014,0.0,0.007,0.001,0.0,0.001,0.0,0.064,0.011,0.003,0.037,0.016,0.002,0.0,0.02,0.0,0.0,0.018,0.007,0.0,0.003,0.008,0.001,0.002,0.007,0.001,0.017,0.012,0.0,0.146,0.001,0.002,0.001,0.004,0.012,0.133,0.116,0.055,0.748,0.283,0.225,0.931,0.273,0.51,0.2,0.547,1.111,0.504,0.064,0.649,5.109,0.706,0.861,0.738,0.109,2.049,0.005,2.091,0.229,0.35,1.164,0.274,0.074,0.091,0.954,0.453,0.257,1.207,0.001,0.01,0.0,0.003,0.035,0.019,8.725,2.849,0.062,0.006,0.251,0.351,0.026,0.263,0.384,0.036,0.008,0.008,0.023,0.028,0.002,0.0,0.017,0.039,0.013,0.011,0.017,0.007,0.0,0.008,0.017,0.012,0.009,0.026,0.021,0.024,0.007,0.01,0.164,0.039,0.002,0.042,2.298,0.037,0.192
Kota Tegal,33,Jawa Tengah,Jawa,Kota,0.009,0.01,0.041,0.009,0.005,0.005,0.069,0.002,0.049,0.017,0.118,0.079,0.035,0.052,0.0,0.002,0.131,0.0,0.009,0.0,0.002,0.0,0.004,0.001,0.022,0.027,0.0,0.005,0.0,0.018,0.0,0.001,0.0,0.0,0.002,0.006,0.03,0.012,0.007,0.016,0.032,0.001,0.002,0.028,0.001,0.0,0.017,0.002,0.001,0.002,0.006,0.0,0.003,0.001,0.001,0.004,0.014,0.0,0.057,0.0,0.001,0.001,0.0,0.01,0.191,0.051,0.313,0.478,0.289,0.258,0.738,0.17,0.796,0.171,0.276,2.148,0.812,0.338,0.249,4.021,0.317,0.935,0.732,0.06,0.955,0.0,3.827,0.178,0.156,1.24,0.217,0.089,0.072,0.725,0.475,0.247,1.22,0.0,0.008,0.001,0.001,0.024,0.001,8.021,3.625,0.101,0.001,0.303,0.334,0.015,0.304,0.442,0.034,0.005,0.008,0.038,0.018,0.003,0.001,0.009,0.046,0.005,0.011,0.018,0.001,0.001,0.01,0.012,0.004,0.013,0.026,0.018,0.022,0.021,0.007,0.165,0.057,0.013,0.017,2.059,0.005,0.215
Kulon Progo,34,DI Yogyakarta,Jawa,Kabupaten,0.025,0.015,0.076,0.014,0.057,0.005,0.076,0.003,0.045,0.041,0.19,0.042,0.035,0.029,0.004,0.019,0.117,0.0,0.018,0.0,0.001,0.001,0.007,0.0,0.005,0.031,0.0,0.002,0.006,0.001,0.0,0.0,0.002,0.0,0.0,0.001,0.01,0.01,0.001,0.096,0.009,0.0,0.0,0.03,0.001,0.0,0.001,0.01,0.001,0.001,0.0,0.001,0.0,0.002,0.0,0.006,0.01,0.0,0.045,0.001,0.0,0.0,0.001,0.004,0.113,0.074,0.084,0.32,0.034,0.112,0.233,0.13,0.176,0.089,0.114,1.761,0.532,0.007,0.373,2.573,0.262,0.592,0.419,0.037,1.338,0.013,0.705,0.054,0.315,0.896,0.089,0.075,0.083,0.45,0.235,0.23,1.304,0.002,0.02,0.001,0.001,0.08,0.179,6.656,3.248,0.447,0.049,0.077,0.291,0.004,0.39,0.541,0.072,0.041,0.007,0.016,0.022,0.086,0.0,0.05,0.053,0.021,0.032,0.012,0.012,0.046,0.025,0.03,0.071,0.009,0.062,0.016,0.02,0.015,0.005,0.083,0.04,0.011,0.092,2.113,0.048,0.079
Bantul,34,DI Yogyakarta,Jawa,Kabupaten,0.043,0.023,0.092,0.03,0.017,0.012,0.092,0.002,0.094,0.029,0.131,0.02,0.034,0.061,0.002,0.007,0.152,0.0,0.038,0.0,0.004,0.002,0.016,0.001,0.004,0.053,0.0,0.002,0.003,0.004,0.0,0.001,0.001,0.0,0.001,0.004,0.032,0.007,0.0,0.003,0.006,0.001,0.0,0.045,0.0,0.0,0.0,0.014,0.002,0.0,0.0,0.0,0.001,0.001,0.0,0.036,0.01,0.0,0.107,0.002,0.0,0.002,0.001,0.005,0.245,0.163,0.098,0.628,0.122,0.103,0.468,0.256,0.463,0.141,0.321,1.932,0.56,0.027,0.381,3.154,0.479,0.984,0.668,0.035,1.699,0.001,0.761,0.177,0.625,1.314,0.26,0.097,0.21,1.025,0.353,0.464,1.155,0.0,0.024,0.001,0.0,0.047,0.143,9.798,1.132,0.307,0.011,0.053,0.312,0.02,0.52,0.661,0.063,0.026,0.008,0.015,0.03,0.035,0.001,0.047,0.053,0.026,0.024,0.015,0.009,0.031,0.032,0.033,0.052,0.01,0.077,0.027,0.034,0.03,0.007,0.243,0.067,0.055,0.13,2.721,0.041,0.134
Gunung Kidul,34,DI Yogyakarta,Jawa,Kabupaten,0.014,0.015,0.091,0.023,0.005,0.004,0.083,0.001,0.053,0.015,0.096,0.022,0.036,0.037,0.0,0.015,0.132,0.0,0.01,0.0,0.002,0.001,0.005,0.001,0.008,0.064,0.0,0.004,0.001,0.004,0.0,0.001,0.002,0.0,0.001,0.002,0.09,0.026,0.001,0.01,0.008,0.001,0.0,0.04,0.001,0.0,0.005,0.018,0.002,0.002,0.007,0.003,0.0,0.011,0.008,0.027,0.027,0.0,0.035,0.01,0.0,0.003,0.004,0.004,0.125,0.046,0.132,0.175,0.03,0.1,0.331,0.173,0.142,0.093,0.08,1.542,0.395,0.007,0.116,3.886,0.14,0.541,0.409,0.021,1.447,0.0,0.721,0.057,0.162,0.925,0.038,0.09,0.07,0.271,0.239,0.231,1.452,0.004,0.052,0.009,0.001,0.068,0.086,6.522,3.626,0.527,0.059,0.047,0.379,0.006,0.569,0.732,0.082,0.047,0.023,0.011,0.054,0.065,0.0,0.057,0.045,0.021,0.023,0.029,0.006,0.049,0.023,0.018,0.064,0.013,0.083,0.009,0.024,0.011,0.012,0.064,0.061,0.061,0.106,2.114,0.002,0.054
Sleman,34,DI Yogyakarta,Jawa,Kabupaten,0.051,0.023,0.094,0.04,0.027,0.012,0.101,0.003,0.11,0.062,0.101,0.033,0.042,0.075,0.003,0.005,0.172,0.001,0.026,0.0,0.005,0.0,0.007,0.001,0.006,0.077,0.0,0.007,0.002,0.003,0.001,0.0,0.001,0.0,0.004,0.012,0.025,0.001,0.001,0.075,0.006,0.001,0.0,0.072,0.0,0.0,0.001,0.038,0.005,0.0,0.0,0.0,0.0,0.0,0.0,0.032,0.007,0.0,0.026,0.006,0.0,0.0,0.002,0.005,0.176,0.124,0.138,0.892,0.121,0.121,0.472,0.244,0.284,0.189,0.486,1.949,0.651,0.067,0.306,3.562,0.347,1.058,0.633,0.061,1.967,0.002,0.8,0.201,1.083,1.346,0.506,0.116,0.179,1.242,0.254,0.54,1.114,0.001,0.039,0.001,0.003,0.063,0.105,9.278,1.873,0.843,0.011,0.077,0.247,0.036,0.462,0.519,0.056,0.04,0.008,0.015,0.027,0.028,0.0,0.045,0.052,0.035,0.035,0.022,0.026,0.033,0.045,0.049,0.037,0.014,0.068,0.026,0.034,0.029,0.007,0.342,0.06,0.054,0.084,2.578,0.031,0.161
Kota Yogyakarta,34,DI Yogyakarta,Jawa,Kota,0.036,0.015,0.088,0.032,0.02,0.015,0.072,0.006,0.085,0.058,0.07,0.023,0.027,0.069,0.002,0.008,0.162,0.0,0.027,0.0,0.009,0.002,0.012,0.002,0.004,0.095,0.0,0.0,0.0,0.002,0.005,0.0,0.0,0.003,0.002,0.023,0.026,0.005,0.0,0.043,0.009,0.002,0.0,0.05,0.001,0.0,0.0,0.031,0.004,0.001,0.0,0.0,0.002,0.0,0.001,0.022,0.007,0.0,0.065,0.007,0.0,0.001,0.0,0.007,0.373,0.239,0.127,0.988,0.128,0.176,0.348,0.236,0.355,0.27,0.497,1.941,0.474,0.07,0.224,3.295,0.348,0.465,0.632,0.099,2.016,0.001,0.922,0.253,0.996,1.255,0.486,0.115,0.19,1.405,0.332,0.543,1.001,0.001,0.024,0.001,0.004,0.027,0.265,7.762,0.885,0.24,0.009,0.073,0.194,0.048,0.392,0.417,0.06,0.031,0.01,0.022,0.022,0.01,0.0,0.033,0.051,0.025,0.025,0.017,0.006,0.006,0.037,0.035,0.023,0.015,0.048,0.023,0.036,0.022,0.012,0.356,0.035,0.027,0.063,2.339,0.032,0.18
Pacitan,35,Jawa Timur,Jawa,Kabupaten,0.04,0.011,0.04,0.004,0.18,0.011,0.06,0.007,0.072,0.057,0.162,0.048,0.028,0.024,0.001,0.018,0.095,0.0,0.003,0.0,0.001,0.003,0.003,0.001,0.008,0.002,0.0,0.0,0.006,0.001,0.0,0.002,0.0,0.0,0.0,0.002,0.034,0.038,0.001,0.0,0.052,0.002,0.0,0.02,0.0,0.0,0.0,0.003,0.0,0.002,0.0,0.0,0.0,0.001,0.016,0.055,0.064,0.0,0.013,0.011,0.0,0.0,0.007,0.003,0.108,0.03,0.064,0.123,0.012,0.177,0.425,0.173,0.196,0.144,0.102,1.592,0.386,0.178,0.181,2.685,0.167,0.465,0.231,0.069,2.919,0.0,1.01,0.1,0.094,1.096,0.061,0.105,0.041,0.17,0.241,0.298,1.513,0.005,0.05,0.001,0.0,0.059,0.049,2.555,6.035,0.177,0.127,0.013,0.388,0.002,0.515,0.715,0.095,0.044,0.013,0.02,0.079,0.184,0.001,0.082,0.068,0.021,0.022,0.033,0.025,0.041,0.02,0.019,0.076,0.009,0.084,0.012,0.027,0.011,0.008,0.028,0.055,0.0,0.118,2.327,0.001,0.012
Ponorogo,35,Jawa Timur,Jawa,Kabupaten,0.036,0.012,0.123,0.005,0.043,0.007,0.036,0.0,0.069,0.023,0.097,0.007,0.034,0.048,0.002,0.032,0.07,0.0,0.008,0.0,0.007,0.012,0.003,0.0,0.012,0.002,0.0,0.0,0.0,0.001,0.002,0.0,0.0,0.001,0.002,0.001,0.021,0.007,0.0,0.006,0.003,0.0,0.0,0.046,0.0,0.0,0.0,0.008,0.01,0.0,0.006,0.001,0.001,0.001,0.0,0.027,0.06,0.0,0.098,0.007,0.0,0.0,0.001,0.001,0.048,0.157,0.124,0.291,0.023,0.109,0.481,0.183,0.45,0.444,0.04,1.246,0.321,0.068,0.172,2.854,0.395,0.372,0.445,0.036,1.88,0.0,0.478,0.11,0.408,0.69,0.17,0.098,0.078,0.356,0.135,0.343,1.456,0.003,0.033,0.003,0.011,0.057,0.202,6.821,4.784,0.404,0.072,0.043,0.271,0.01,0.475,0.64,0.077,0.039,0.002,0.007,0.053,0.076,0.0,0.063,0.047,0.024,0.033,0.02,0.016,0.044,0.022,0.015,0.057,0.017,0.102,0.04,0.027,0.015,0.008,0.041,0.031,0.008,0.096,1.946,0.009,0.137
Trenggalek,35,Jawa Timur,Jawa,Kabupaten,0.062,0.016,0.113,0.009,0.142,0.007,0.03,0.003,0.094,0.024,0.161,0.034,0.03,0.045,0.002,0.025,0.096,0.0,0.003,0.001,0.003,0.0,0.01,0.0,0.006,0.003,0.0,0.0,0.004,0.005,0.001,0.001,0.0,0.0,0.001,0.0,0.114,0.035,0.001,0.004,0.032,0.0,0.001,0.034,0.0,0.0,0.0,0.001,0.004,0.0,0.004,0.002,0.001,0.0,0.047,0.078,0.112,0.0,0.198,0.014,0.006,0.0,0.002,0.005,0.072,0.062,0.111,0.108,0.006,0.171,0.372,0.171,0.219,0.137,0.075,1.112,0.324,0.085,0.113,1.711,0.237,0.511,0.386,0.114,1.206,0.0,0.772,0.089,0.252,0.444,0.048,0.092,0.031,0.252,0.143,0.237,1.496,0.001,0.025,0.002,0.002,0.026,0.105,4.307,6.344,0.094,0.051,0.027,0.267,0.003,0.401,0.748,0.074,0.052,0.01,0.004,0.055,0.149,0.0,0.07,0.053,0.013,0.051,0.029,0.038,0.025,0.023,0.012,0.09,0.01,0.083,0.014,0.011,0.016,0.009,0.035,0.027,0.002,0.114,2.044,0.009,0.032
Tulungagung,35,Jawa Timur,Jawa,Kabupaten,0.061,0.015,0.091,0.014,0.068,0.007,0.02,0.001,0.127,0.065,0.077,0.031,0.038,0.08,0.001,0.013,0.124,0.0,0.006,0.0,0.004,0.0,0.011,0.0,0.016,0.001,0.0,0.0,0.002,0.001,0.001,0.001,0.001,0.003,0.017,0.012,0.066,0.014,0.001,0.03,0.015,0.0,0.0,0.095,0.0,0.0,0.0,0.016,0.014,0.004,0.002,0.001,0.001,0.008,0.01,0.065,0.052,0.0,0.218,0.01,0.003,0.0,0.018,0.003,0.102,0.13,0.27,0.22,0.053,0.107,0.658,0.194,0.34,0.363,0.071,1.175,0.283,0.133,0.185,1.894,0.2,0.373,0.517,0.072,1.469,0.001,0.464,0.217,0.327,0.684,0.087,0.057,0.073,0.367,0.142,0.392,1.388,0.0,0.021,0.003,0.003,0.028,0.047,6.112,5.053,0.312,0.045,0.079,0.367,0.007,0.619,0.847,0.088,0.012,0.002,0.008,0.061,0.088,0.0,0.063,0.065,0.007,0.023,0.022,0.029,0.066,0.031,0.01,0.026,0.014,0.096,0.022,0.011,0.019,0.021,0.073,0.027,0.01,0.104,2.296,0.003,0.148
Blitar,35,Jawa Timur,Jawa,Kabupaten,0.088,0.012,0.114,0.008,0.054,0.006,0.021,0.002,0.088,0.042,0.12,0.034,0.036,0.088,0.001,0.009,0.091,0.0,0.011,0.002,0.005,0.001,0.012,0.0,0.006,0.001,0.0,0.0,0.001,0.002,0.001,0.001,0.0,0.001,0.004,0.001,0.071,0.009,0.0,0.033,0.001,0.001,0.0,0.068,0.0,0.0,0.007,0.011,0.015,0.001,0.007,0.0,0.0,0.0,0.001,0.028,0.031,0.0,0.307,0.002,0.0,0.001,0.021,0.003,0.082,0.057,0.204,0.3,0.018,0.049,0.495,0.241,0.276,0.279,0.073,1.237,0.328,0.039,0.227,1.824,0.313,0.749,0.674,0.057,1.115,0.0,0.883,0.18,0.363,0.637,0.091,0.102,0.069,0.47,0.088,0.267,1.303,0.003,0.035,0.011,0.004,0.022,0.082,8.847,2.824,0.27,0.051,0.026,0.3,0.004,0.465,0.789,0.075,0.022,0.0,0.003,0.06,0.09,0.001,0.081,0.043,0.013,0.036,0.011,0.026,0.124,0.034,0.023,0.219,0.017,0.117,0.039,0.012,0.02,0.006,0.141,0.033,0.028,0.109,1.975,0.01,0.053
Kediri,35,Jawa Timur,Jawa,Kabupaten,0.058,0.014,0.083,0.006,0.067,0.004,0.045,0.003,0.088,0.034,0.077,0.03,0.05,0.07,0.0,0.012,0.131,0.001,0.006,0.0,0.006,0.001,0.007,0.001,0.02,0.004,0.001,0.001,0.0,0.001,0.0,0.0,0.0,0.0,0.004,0.001,0.133,0.001,0.0,0.011,0.001,0.0,0.0,0.095,0.0,0.0,0.006,0.002,0.006,0.0,0.013,0.008,0.0,0.001,0.0,0.039,0.012,0.0,0.063,0.001,0.001,0.001,0.031,0.002,0.081,0.048,0.155,0.222,0.027,0.119,0.493,0.179,0.32,0.311,0.063,1.041,0.319,0.129,0.24,1.607,0.314,0.778,0.647,0.065,1.022,0.0,0.508,0.232,0.274,0.579,0.159,0.071,0.09,0.278,0.317,0.268,1.406,0.008,0.047,0.018,0.004,0.038,0.049,9.722,4.239,0.082,0.024,0.122,0.281,0.006,0.508,0.667,0.084,0.015,0.002,0.014,0.043,0.071,0.0,0.073,0.07,0.02,0.022,0.027,0.016,0.1,0.037,0.022,0.061,0.014,0.121,0.033,0.02,0.013,0.01,0.089,0.052,0.007,0.143,1.983,0.003,0.118
Malang,35,Jawa Timur,Jawa,Kabupaten,0.074,0.015,0.111,0.003,0.097,0.011,0.027,0.004,0.087,0.047,0.095,0.073,0.048,0.065,0.002,0.008,0.119,0.0,0.012,0.0,0.011,0.002,0.017,0.001,0.01,0.026,0.0,0.0,0.003,0.004,0.0,0.0,0.0,0.0,0.002,0.001,0.077,0.002,0.0,0.023,0.004,0.0,0.001,0.043,0.0,0.0,0.026,0.001,0.001,0.002,0.055,0.013,0.0,0.002,0.003,0.025,0.047,0.0,0.281,0.007,0.004,0.0,0.007,0.009,0.095,0.046,0.168,0.154,0.016,0.071,0.557,0.25,0.226,0.156,0.063,1.095,0.342,0.074,0.235,1.996,0.392,0.699,0.893,0.074,1.349,0.0,0.377,0.218,0.321,0.603,0.12,0.144,0.083,0.216,0.106,0.304,1.294,0.003,0.053,0.033,0.001,0.042,0.012,14.837,4.366,0.101,0.013,0.066,0.302,0.014,0.531,0.769,0.068,0.017,0.001,0.009,0.047,0.052,0.002,0.067,0.043,0.044,0.071,0.021,0.023,0.026,0.036,0.025,0.041,0.019,0.086,0.053,0.017,0.01,0.016,0.116,0.035,0.011,0.104,2.171,0.019,0.297
Lumajang,35,Jawa Timur,Jawa,Kabupaten,0.058,0.018,0.101,0.013,0.074,0.012,0.021,0.012,0.159,0.025,0.169,0.072,0.105,0.133,0.004,0.014,0.122,0.0,0.006,0.001,0.021,0.001,0.014,0.002,0.012,0.011,0.0,0.002,0.007,0.005,0.001,0.011,0.001,0.0,0.003,0.012,0.083,0.004,0.001,0.054,0.025,0.003,0.001,0.065,0.0,0.0,0.055,0.018,0.002,0.0,0.011,0.002,0.001,0.004,0.007,0.049,0.041,0.0,0.367,0.001,0.008,0.002,0.008,0.015,0.134,0.066,0.183,0.285,0.032,0.074,0.321,0.261,0.454,0.289,0.09,1.514,0.302,0.186,0.373,2.13,0.512,1.732,0.746,0.155,1.201,0.0,0.225,0.291,0.959,0.701,0.164,0.164,0.098,0.182,0.173,0.512,1.688,0.004,0.082,0.089,0.001,0.06,0.308,6.074,1.777,0.03,0.535,0.06,0.274,0.003,0.411,0.53,0.08,0.017,0.004,0.011,0.05,0.053,0.001,0.064,0.062,0.036,0.041,0.073,0.018,0.029,0.03,0.013,0.094,0.031,0.116,0.07,0.018,0.005,0.013,0.07,0.043,0.061,0.209,1.949,0.031,0.222
Jember,35,Jawa Timur,Jawa,Kabupaten,0.044,0.013,0.13,0.027,0.069,0.029,0.021,0.006,0.119,0.033,0.1,0.049,0.073,0.074,0.001,0.012,0.126,0.0,0.007,0.0,0.008,0.001,0.021,0.003,0.002,0.002,0.0,0.001,0.014,0.007,0.001,0.012,0.002,0.001,0.007,0.001,0.111,0.013,0.0,0.046,0.01,0.001,0.0,0.044,0.0,0.0,0.006,0.005,0.0,0.002,0.012,0.003,0.001,0.004,0.004,0.053,0.034,0.0,0.309,0.001,0.005,0.002,0.038,0.012,0.149,0.07,0.155,0.171,0.02,0.071,0.927,0.31,0.532,0.22,0.101,1.256,0.348,0.121,0.124,1.936,0.573,0.691,0.789,0.09,0.717,0.0,0.343,0.189,0.402,0.797,0.143,0.11,0.043,0.202,0.121,0.232,1.602,0.001,0.123,0.032,0.003,0.057,0.373,9.314,3.186,0.29,0.094,0.06,0.273,0.004,0.428,0.418,0.077,0.005,0.004,0.004,0.026,0.041,0.0,0.063,0.059,0.035,0.032,0.059,0.015,0.058,0.029,0.013,0.076,0.029,0.113,0.059,0.01,0.008,0.009,0.089,0.024,0.017,0.142,1.788,0.045,0.119
Banyuwangi,35,Jawa Timur,Jawa,Kabupaten,0.039,0.02,0.137,0.012,0.08,0.013,0.036,0.016,0.139,0.046,0.092,0.045,0.117,0.152,0.001,0.015,0.134,0.0,0.01,0.001,0.01,0.001,0.018,0.0,0.001,0.001,0.001,0.0,0.022,0.017,0.011,0.006,0.001,0.007,0.002,0.016,0.033,0.08,0.001,0.053,0.034,0.004,0.002,0.04,0.0,0.0,0.009,0.007,0.0,0.002,0.004,0.005,0.0,0.005,0.013,0.047,0.1,0.0,0.068,0.005,0.002,0.002,0.021,0.023,0.265,0.168,0.307,0.333,0.054,0.149,0.703,0.288,0.645,0.289,0.174,2.139,0.688,0.152,0.258,3.136,0.608,1.09,0.689,0.109,1.388,0.0,0.326,0.298,0.769,1.312,0.201,0.128,0.102,0.342,0.115,0.43,1.519,0.005,0.138,0.018,0.001,0.036,0.218,12.88,3.121,0.088,0.057,0.023,0.345,0.004,0.498,0.706,0.093,0.022,0.001,0.028,0.068,0.069,0.002,0.063,0.112,0.035,0.065,0.041,0.022,0.053,0.035,0.011,0.13,0.02,0.093,0.051,0.018,0.021,0.014,0.126,0.028,0.013,0.062,1.971,0.058,0.181
Bondowoso,35,Jawa Timur,Jawa,Kabupaten,0.034,0.008,0.128,0.01,0.114,0.014,0.017,0.003,0.064,0.045,0.067,0.018,0.063,0.033,0.001,0.01,0.126,0.001,0.005,0.0,0.016,0.001,0.012,0.001,0.0,0.005,0.0,0.0,0.035,0.004,0.0,0.007,0.0,0.0,0.003,0.002,0.075,0.008,0.001,0.014,0.001,0.001,0.0,0.02,0.003,0.0,0.001,0.004,0.0,0.001,0.002,0.0,0.0,0.003,0.005,0.118,0.035,0.0,1.136,0.0,0.0,0.001,0.034,0.018,0.216,0.016,0.141,0.106,0.015,0.038,0.842,0.303,0.186,0.139,0.028,1.654,0.428,0.032,0.192,1.957,0.416,1.473,0.732,0.08,0.996,0.0,1.044,0.117,0.198,0.621,0.079,0.08,0.042,0.043,0.152,0.174,1.591,0.003,0.103,0.036,0.001,0.05,0.245,12.508,3.56,0.124,0.131,0.014,0.17,0.014,0.454,0.459,0.052,0.026,0.003,0.006,0.041,0.039,0.0,0.053,0.042,0.035,0.058,0.062,0.003,0.004,0.046,0.008,0.055,0.008,0.111,0.078,0.009,0.007,0.009,0.039,0.016,0.001,0.137,1.924,0.007,0.089
Situbondo,35,Jawa Timur,Jawa,Kabupaten,0.017,0.007,0.121,0.005,0.06,0.015,0.027,0.006,0.085,0.038,0.089,0.029,0.059,0.11,0.004,0.004,0.091,0.0,0.006,0.0,0.01,0.0,0.009,0.001,0.001,0.0,0.0,0.002,0.05,0.015,0.001,0.02,0.0,0.003,0.0,0.0,0.026,0.051,0.002,0.018,0.013,0.002,0.001,0.012,0.0,0.0,0.005,0.006,0.0,0.021,0.004,0.0,0.002,0.004,0.016,0.054,0.11,0.0,0.006,0.002,0.003,0.001,0.0,0.017,0.276,0.061,0.3,0.157,0.06,0.034,0.89,0.318,0.479,0.445,0.31,1.63,0.678,0.095,0.615,2.635,0.365,1.602,0.674,0.136,1.254,0.0,0.339,0.216,0.625,0.991,0.156,0.191,0.065,0.251,0.07,0.254,1.559,0.004,0.073,0.06,0.001,0.034,0.291,11.436,5.462,0.044,0.138,0.03,0.349,0.013,0.41,0.45,0.071,0.007,0.003,0.014,0.032,0.034,0.0,0.06,0.1,0.02,0.052,0.077,0.01,0.01,0.034,0.009,0.079,0.014,0.133,0.062,0.009,0.005,0.013,0.083,0.026,0.004,0.18,1.445,0.006,0.085
Probolinggo,35,Jawa Timur,Jawa,Kabupaten,0.044,0.009,0.094,0.005,0.098,0.006,0.014,0.003,0.046,0.012,0.106,0.026,0.079,0.029,0.001,0.007,0.079,0.0,0.003,0.0,0.007,0.001,0.013,0.002,0.003,0.001,0.0,0.001,0.04,0.016,0.004,0.015,0.0,0.0,0.001,0.0,0.058,0.052,0.001,0.025,0.037,0.004,0.002,0.011,0.0,0.0,0.009,0.005,0.0,0.007,0.006,0.001,0.0,0.003,0.008,0.051,0.094,0.0,0.133,0.001,0.003,0.003,0.0,0.018,0.126,0.047,0.187,0.121,0.003,0.015,0.866,0.258,0.6,0.172,0.138,0.919,0.327,0.058,0.292,1.386,0.694,0.742,0.559,0.081,1.236,0.0,0.368,0.147,0.506,0.755,0.063,0.081,0.069,0.132,0.141,0.286,1.677,0.002,0.045,0.071,0.003,0.03,0.322,8.177,2.891,0.001,0.349,0.016,0.27,0.005,0.553,0.433,0.028,0.015,0.001,0.006,0.031,0.043,0.0,0.024,0.036,0.03,0.029,0.035,0.004,0.006,0.013,0.006,0.089,0.01,0.072,0.057,0.011,0.004,0.014,0.065,0.014,0.005,0.111,1.749,0.008,0.054
Pasuruan,35,Jawa Timur,Jawa,Kabupaten,0.058,0.015,0.082,0.009,0.163,0.009,0.026,0.002,0.035,0.023,0.064,0.04,0.057,0.063,0.001,0.008,0.1,0.0,0.014,0.001,0.011,0.0,0.015,0.002,0.027,0.009,0.0,0.0,0.0,0.009,0.001,0.003,0.002,0.003,0.002,0.002,0.109,0.002,0.0,0.04,0.011,0.007,0.001,0.034,0.001,0.0,0.059,0.003,0.002,0.001,0.033,0.008,0.001,0.007,0.008,0.026,0.051,0.0,0.265,0.0,0.005,0.004,0.007,0.022,0.164,0.078,0.11,0.142,0.019,0.061,0.984,0.353,0.626,0.147,0.25,0.855,0.473,0.11,0.246,1.967,0.534,1.147,0.973,0.119,1.165,0.003,0.193,0.262,0.513,0.771,0.145,0.095,0.078,0.13,0.094,0.279,1.485,0.001,0.067,0.039,0.001,0.041,0.046,14.244,2.048,0.011,0.024,0.115,0.296,0.006,0.452,0.518,0.036,0.014,0.001,0.027,0.029,0.021,0.001,0.019,0.035,0.038,0.031,0.024,0.006,0.001,0.016,0.016,0.045,0.011,0.053,0.037,0.01,0.021,0.01,0.066,0.024,0.01,0.114,1.763,0.006,0.149
Sidoarjo,35,Jawa Timur,Jawa,Kabupaten,0.053,0.021,0.102,0.012,0.026,0.008,0.045,0.004,0.083,0.03,0.07,0.033,0.051,0.118,0.004,0.009,0.166,0.0,0.017,0.0,0.033,0.001,0.013,0.005,0.05,0.013,0.001,0.001,0.0,0.008,0.0,0.002,0.002,0.0,0.012,0.013,0.025,0.002,0.002,0.015,0.01,0.005,0.002,0.093,0.0,0.0,0.107,0.014,0.007,0.001,0.003,0.001,0.001,0.002,0.001,0.022,0.041,0.0,0.091,0.002,0.0,0.004,0.005,0.032,0.24,0.361,0.141,0.265,0.075,0.096,0.689,0.226,0.426,0.255,0.131,0.872,0.311,0.074,0.315,1.711,0.414,0.555,0.826,0.093,1.233,0.0,0.385,0.4,0.184,0.586,0.36,0.082,0.121,0.105,0.218,0.264,1.296,0.001,0.097,0.005,0.002,0.036,0.018,11.998,0.511,0.273,0.005,0.243,0.29,0.028,0.426,0.489,0.046,0.008,0.004,0.019,0.03,0.007,0.001,0.018,0.055,0.014,0.016,0.017,0.007,0.004,0.023,0.015,0.006,0.018,0.047,0.041,0.025,0.014,0.028,0.143,0.031,0.019,0.066,2.387,0.004,0.299
Mojokerto,35,Jawa Timur,Jawa,Kabupaten,0.045,0.014,0.096,0.015,0.051,0.003,0.037,0.003,0.07,0.031,0.066,0.069,0.061,0.094,0.003,0.01,0.111,0.0,0.008,0.0,0.02,0.001,0.011,0.004,0.044,0.011,0.0,0.001,0.0,0.003,0.001,0.001,0.0,0.003,0.006,0.011,0.107,0.001,0.001,0.012,0.001,0.002,0.0,0.065,0.001,0.0,0.066,0.006,0.008,0.0,0.011,0.05,0.0,0.006,0.001,0.039,0.019,0.0,0.196,0.001,0.01,0.004,0.01,0.021,0.13,0.225,0.141,0.168,0.034,0.085,0.634,0.295,0.436,0.258,0.125,0.959,0.383,0.102,0.227,1.945,0.691,1.043,0.802,0.101,1.308,0.0,0.284,0.366,0.218,0.648,0.2,0.138,0.104,0.113,0.179,0.191,1.376,0.002,0.127,0.014,0.002,0.048,0.002,13.082,2.025,0.027,0.01,0.206,0.266,0.008,0.439,0.655,0.061,0.007,0.003,0.012,0.043,0.033,0.001,0.035,0.066,0.015,0.014,0.011,0.01,0.026,0.017,0.01,0.034,0.011,0.06,0.047,0.014,0.018,0.018,0.065,0.039,0.008,0.104,1.864,0.01,0.176
Jombang,35,Jawa Timur,Jawa,Kabupaten,0.036,0.015,0.16,0.007,0.03,0.005,0.03,0.002,0.047,0.02,0.09,0.022,0.065,0.046,0.001,0.007,0.106,0.0,0.012,0.0,0.012,0.006,0.014,0.003,0.023,0.002,0.0,0.001,0.0,0.001,0.0,0.002,0.0,0.001,0.006,0.0,0.054,0.002,0.0,0.052,0.001,0.001,0.0,0.063,0.001,0.0,0.025,0.003,0.009,0.0,0.072,0.039,0.0,0.001,0.0,0.027,0.009,0.0,0.26,0.0,0.0,0.007,0.006,0.009,0.266,0.256,0.221,0.345,0.018,0.098,1.043,0.291,0.581,0.234,0.224,1.222,0.524,0.084,0.373,2.515,0.794,1.045,0.92,0.085,1.462,0.0,0.204,0.322,0.82,0.816,0.197,0.082,0.071,0.42,0.239,0.286,1.28,0.001,0.065,0.008,0.002,0.022,0.009,14.082,2.156,0.013,0.022,0.121,0.222,0.012,0.385,0.647,0.033,0.005,0.002,0.01,0.037,0.023,0.0,0.041,0.058,0.012,0.028,0.014,0.01,0.032,0.012,0.009,0.035,0.014,0.069,0.035,0.013,0.013,0.014,0.196,0.028,0.013,0.056,1.826,0.001,0.179
Nganjuk,35,Jawa Timur,Jawa,Kabupaten,0.033,0.02,0.143,0.001,0.03,0.006,0.031,0.001,0.062,0.01,0.121,0.01,0.042,0.033,0.0,0.01,0.113,0.001,0.008,0.001,0.007,0.001,0.019,0.001,0.012,0.004,0.0,0.0,0.0,0.001,0.0,0.0,0.0,0.0,0.002,0.002,0.134,0.002,0.0,0.105,0.0,0.0,0.0,0.083,0.0,0.0,0.009,0.005,0.001,0.001,0.033,0.006,0.0,0.0,0.0,0.054,0.003,0.0,0.252,0.001,0.0,0.0,0.046,0.002,0.138,0.2,0.132,0.245,0.029,0.095,0.869,0.302,0.465,0.57,0.055,1.454,0.443,0.129,0.249,3.401,0.477,1.209,0.881,0.096,1.353,0.0,0.866,0.392,0.673,1.007,0.187,0.081,0.122,0.335,0.217,0.179,1.601,0.002,0.086,0.013,0.002,0.05,0.034,12.692,4.232,0.001,0.029,0.097,0.249,0.004,0.459,0.694,0.084,0.014,0.005,0.017,0.079,0.062,0.0,0.058,0.068,0.02,0.033,0.021,0.022,0.058,0.034,0.014,0.044,0.018,0.106,0.049,0.03,0.02,0.014,0.096,0.027,0.018,0.157,2.296,0.034,0.253
Madiun,35,Jawa Timur,Jawa,Kabupaten,0.027,0.016,0.108,0.003,0.12,0.007,0.041,0.003,0.063,0.009,0.097,0.04,0.036,0.049,0.004,0.013,0.131,0.0,0.011,0.0,0.002,0.001,0.014,0.0,0.02,0.018,0.0,0.0,0.0,0.001,0.0,0.001,0.0,0.003,0.001,0.001,0.075,0.003,0.001,0.015,0.002,0.0,0.0,0.081,0.0,0.0,0.002,0.008,0.007,0.0,0.021,0.009,0.001,0.02,0.001,0.066,0.024,0.0,0.269,0.002,0.01,0.002,0.003,0.002,0.156,0.128,0.119,0.259,0.008,0.103,0.532,0.21,0.564,0.672,0.057,1.269,0.355,0.109,0.118,2.669,0.282,0.834,0.693,0.081,1.652,0.002,0.513,0.124,0.35,0.775,0.081,0.05,0.071,0.387,0.125,0.288,1.451,0.002,0.061,0.002,0.001,0.071,0.054,10.02,4.715,0.055,0.039,0.049,0.339,0.007,0.478,0.55,0.107,0.019,0.004,0.011,0.048,0.064,0.002,0.054,0.09,0.016,0.045,0.026,0.016,0.039,0.029,0.02,0.03,0.023,0.087,0.045,0.038,0.013,0.012,0.096,0.029,0.024,0.111,2.194,0.0,0.093
Magetan,35,Jawa Timur,Jawa,Kabupaten,0.044,0.013,0.085,0.004,0.043,0.009,0.051,0.001,0.085,0.026,0.126,0.019,0.025,0.053,0.002,0.007,0.157,0.0,0.008,0.0,0.005,0.001,0.011,0.0,0.013,0.046,0.0,0.001,0.001,0.001,0.0,0.0,0.001,0.0,0.004,0.012,0.028,0.002,0.0,0.042,0.001,0.0,0.0,0.077,0.0,0.0,0.001,0.008,0.004,0.0,0.027,0.003,0.0,0.004,0.001,0.041,0.02,0.0,0.304,0.004,0.001,0.0,0.004,0.005,0.069,0.073,0.159,0.183,0.051,0.07,0.513,0.2,0.285,0.478,0.046,1.245,0.41,0.12,0.205,2.4,0.358,0.836,0.701,0.049,1.533,0.0,0.329,0.126,0.398,0.696,0.117,0.078,0.076,0.368,0.136,0.288,1.371,0.002,0.042,0.002,0.001,0.063,0.073,11.072,2.411,0.244,0.009,0.101,0.295,0.01,0.534,0.63,0.065,0.032,0.008,0.029,0.042,0.054,0.001,0.048,0.055,0.046,0.05,0.008,0.017,0.036,0.064,0.02,0.033,0.02,0.071,0.043,0.047,0.021,0.013,0.096,0.043,0.016,0.178,2.272,0.005,0.073
Ngawi,35,Jawa Timur,Jawa,Kabupaten,0.03,0.013,0.114,0.002,0.064,0.007,0.083,0.002,0.101,0.022,0.129,0.075,0.062,0.09,0.0,0.03,0.133,0.0,0.014,0.0,0.002,0.0,0.011,0.0,0.033,0.259,0.0,0.001,0.0,0.001,0.0,0.003,0.001,0.0,0.002,0.01,0.03,0.004,0.0,0.043,0.002,0.0,0.0,0.113,0.001,0.0,0.001,0.012,0.027,0.0,0.04,0.01,0.0,0.019,0.0,0.063,0.005,0.0,0.101,0.001,0.0,0.001,0.004,0.002,0.106,0.245,0.141,0.28,0.042,0.114,0.76,0.225,0.675,0.567,0.061,1.455,0.318,0.176,0.091,4.592,0.407,1.069,0.644,0.148,1.875,0.005,0.508,0.163,1.777,0.99,0.125,0.089,0.108,0.666,0.261,0.373,1.798,0.003,0.029,0.002,0.002,0.089,0.025,10.745,2.37,0.066,0.036,0.173,0.381,0.007,0.492,0.567,0.108,0.023,0.01,0.025,0.058,0.106,0.001,0.06,0.075,0.019,0.053,0.018,0.019,0.036,0.04,0.024,0.03,0.022,0.092,0.052,0.034,0.011,0.009,0.115,0.057,0.018,0.23,2.537,0.009,0.103
Bojonegoro,35,Jawa Timur,Jawa,Kabupaten,0.007,0.01,0.072,0.012,0.013,0.007,0.048,0.0,0.057,0.004,0.078,0.123,0.078,0.108,0.001,0.016,0.105,0.0,0.007,0.0,0.012,0.0,0.019,0.001,0.03,0.008,0.0,0.0,0.0,0.003,0.0,0.0,0.002,0.0,0.001,0.009,0.27,0.004,0.001,0.072,0.0,0.0,0.0,0.106,0.0,0.0,0.015,0.012,0.014,0.0,0.037,0.002,0.0,0.022,0.001,0.071,0.003,0.0,0.117,0.0,0.003,0.002,0.004,0.009,0.06,0.326,0.15,0.091,0.043,0.122,0.749,0.23,0.898,0.446,0.043,1.501,0.222,0.338,0.173,3.19,0.416,0.573,0.7,0.09,1.444,0.001,0.23,0.244,0.142,0.68,0.138,0.072,0.05,0.199,0.292,0.151,1.612,0.001,0.066,0.006,0.018,0.069,0.065,13.262,3.231,0.131,0.05,0.081,0.317,0.001,0.397,0.736,0.068,0.005,0.007,0.026,0.064,0.039,0.0,0.055,0.066,0.008,0.022,0.012,0.014,0.042,0.011,0.006,0.017,0.013,0.088,0.061,0.011,0.012,0.006,0.047,0.021,0.01,0.065,1.814,0.003,0.085
Tuban,35,Jawa Timur,Jawa,Kabupaten,0.007,0.019,0.122,0.022,0.012,0.008,0.071,0.001,0.043,0.006,0.089,0.121,0.063,0.12,0.001,0.023,0.095,0.0,0.008,0.001,0.014,0.0,0.018,0.002,0.029,0.007,0.001,0.001,0.004,0.016,0.001,0.025,0.002,0.0,0.001,0.002,0.25,0.013,0.001,0.086,0.015,0.001,0.001,0.068,0.0,0.0,0.026,0.006,0.006,0.008,0.123,0.007,0.002,0.027,0.001,0.041,0.039,0.0,0.231,0.0,0.012,0.002,0.006,0.013,0.12,0.35,0.091,0.151,0.025,0.126,1.075,0.237,0.749,0.501,0.146,1.295,0.315,0.191,0.203,3.089,0.494,0.841,0.667,0.091,1.094,0.01,0.217,0.347,0.259,0.736,0.157,0.056,0.083,0.218,0.22,0.186,1.496,0.017,0.121,0.015,0.012,0.054,0.043,13.209,2.291,0.104,0.052,0.053,0.23,0.007,0.445,0.817,0.045,0.005,0.01,0.028,0.057,0.024,0.0,0.041,0.056,0.007,0.028,0.015,0.016,0.038,0.008,0.004,0.04,0.011,0.075,0.049,0.01,0.008,0.006,0.089,0.021,0.022,0.07,1.71,0.014,0.147
Lamongan,35,Jawa Timur,Jawa,Kabupaten,0.011,0.016,0.097,0.014,0.009,0.006,0.06,0.004,0.055,0.004,0.078,0.095,0.057,0.089,0.005,0.005,0.114,0.0,0.004,0.0,0.016,0.001,0.02,0.001,0.077,0.036,0.0,0.001,0.0,0.011,0.002,0.006,0.008,0.001,0.001,0.003,0.15,0.016,0.0,0.094,0.011,0.003,0.001,0.057,0.007,0.0,0.093,0.007,0.005,0.002,0.002,0.004,0.001,0.017,0.001,0.051,0.021,0.0,0.174,0.001,0.004,0.004,0.001,0.029,0.282,0.445,0.219,0.189,0.037,0.103,1.144,0.295,0.831,0.222,0.165,1.125,0.386,0.154,0.209,2.856,0.239,0.714,0.78,0.131,1.617,0.001,0.206,0.365,0.478,0.708,0.324,0.117,0.078,0.211,0.197,0.281,1.552,0.008,0.082,0.016,0.001,0.054,0.003,12.782,3.009,0.161,0.016,0.08,0.278,0.003,0.408,0.653,0.314,0.003,0.005,0.023,0.046,0.014,0.0,0.047,0.045,0.009,0.026,0.025,0.005,0.014,0.012,0.004,0.009,0.018,0.064,0.046,0.01,0.004,0.012,0.122,0.028,0.003,0.064,1.883,0.005,0.131
Gresik,35,Jawa Timur,Jawa,Kabupaten,0.031,0.022,0.076,0.017,0.025,0.008,0.059,0.003,0.076,0.037,0.082,0.069,0.059,0.123,0.002,0.01,0.159,0.0,0.01,0.0,0.024,0.001,0.015,0.002,0.1,0.028,0.002,0.002,0.0,0.013,0.002,0.005,0.006,0.0,0.008,0.012,0.058,0.015,0.001,0.048,0.016,0.011,0.004,0.051,0.003,0.0,0.112,0.004,0.012,0.001,0.003,0.005,0.001,0.01,0.003,0.061,0.036,0.0,0.186,0.003,0.0,0.003,0.004,0.045,0.437,0.525,0.175,0.264,0.04,0.14,1.177,0.302,0.682,0.26,0.206,1.232,0.413,0.162,0.298,3.142,0.374,0.705,0.826,0.139,1.938,0.0,0.268,0.397,0.288,1.061,0.413,0.155,0.133,0.165,0.293,0.299,1.291,0.003,0.066,0.004,0.001,0.051,0.0,12.042,2.083,0.184,0.009,0.166,0.258,0.028,0.495,0.693,0.043,0.006,0.004,0.024,0.042,0.008,0.0,0.038,0.048,0.009,0.026,0.023,0.004,0.003,0.017,0.007,0.01,0.019,0.046,0.051,0.015,0.021,0.018,0.255,0.045,0.021,0.054,2.401,0.005,0.325
Bangkalan,35,Jawa Timur,Jawa,Kabupaten,0.011,0.006,0.078,0.012,0.015,0.003,0.032,0.0,0.044,0.016,0.044,0.065,0.052,0.03,0.0,0.006,0.084,0.0,0.004,0.0,0.014,0.0,0.009,0.003,0.04,0.077,0.0,0.001,0.012,0.009,0.002,0.036,0.004,0.014,0.001,0.007,0.131,0.024,0.002,0.067,0.031,0.022,0.007,0.042,0.002,0.0,0.032,0.001,0.002,0.003,0.015,0.041,0.004,0.026,0.009,0.105,0.047,0.0,0.282,0.001,0.018,0.004,0.012,0.022,0.204,0.085,0.291,0.115,0.034,0.117,0.606,0.15,0.619,0.203,0.054,0.621,0.215,0.206,0.295,1.862,0.413,0.663,0.359,0.104,0.953,0.002,0.174,0.196,0.145,0.602,0.256,0.072,0.099,0.05,0.155,0.141,1.635,0.003,0.023,0.148,0.0,0.026,0.061,15.521,4.057,0.0,0.0,0.071,0.203,0.009,0.431,0.593,0.051,0.003,0.002,0.028,0.038,0.021,0.0,0.024,0.045,0.008,0.004,0.03,0.007,0.026,0.007,0.002,0.02,0.014,0.028,0.031,0.007,0.002,0.008,0.029,0.03,0.001,0.201,1.396,0.038,0.229
Sampang,35,Jawa Timur,Jawa,Kabupaten,0.004,0.001,0.063,0.001,0.005,0.002,0.013,0.0,0.045,0.011,0.062,0.049,0.047,0.022,0.0,0.014,0.071,0.0,0.002,0.0,0.006,0.0,0.004,0.0,0.018,0.015,0.0,0.001,0.034,0.008,0.0,0.013,0.0,0.0,0.001,0.0,0.237,0.087,0.0,0.144,0.056,0.001,0.0,0.022,0.0,0.0,0.014,0.0,0.001,0.033,0.102,0.001,0.003,0.009,0.038,0.042,0.057,0.0,0.554,0.0,0.014,0.007,0.0,0.007,0.309,0.044,0.048,0.017,0.005,0.024,1.198,0.162,0.347,0.149,0.017,0.554,0.16,0.195,0.097,1.434,2.004,0.623,0.269,0.045,0.459,0.0,0.522,0.088,0.077,0.547,0.051,0.148,0.033,0.01,0.066,0.069,1.891,0.0,0.007,0.143,0.0,0.005,0.039,21.128,2.661,0.273,0.005,0.016,0.305,0.001,0.377,0.577,0.073,0.002,0.001,0.004,0.025,0.011,0.0,0.033,0.049,0.006,0.008,0.036,0.001,0.006,0.007,0.001,0.063,0.013,0.033,0.039,0.004,0.005,0.006,0.021,0.017,0.001,0.092,1.424,0.008,0.032
Pamekasan,35,Jawa Timur,Jawa,Kabupaten,0.013,0.007,0.057,0.003,0.024,0.014,0.032,0.004,0.038,0.007,0.062,0.028,0.037,0.004,0.004,0.012,0.074,0.0,0.001,0.0,0.011,0.0,0.004,0.001,0.003,0.001,0.0,0.0,0.04,0.013,0.001,0.022,0.001,0.0,0.0,0.0,0.063,0.058,0.001,0.028,0.015,0.001,0.0,0.008,0.0,0.0,0.004,0.0,0.0,0.016,0.016,0.001,0.001,0.005,0.037,0.022,0.053,0.0,0.41,0.001,0.001,0.004,0.001,0.007,0.493,0.039,0.174,0.06,0.014,0.046,0.962,0.323,0.207,0.109,0.023,0.865,0.394,0.049,0.156,1.688,0.53,1.311,0.316,0.081,0.662,0.002,0.624,0.121,0.115,0.763,0.145,0.129,0.033,0.024,0.095,0.062,1.456,0.003,0.026,0.162,0.0,0.02,0.0,23.183,0.777,0.001,0.002,0.01,0.254,0.008,0.386,0.415,0.053,0.003,0.003,0.008,0.03,0.005,0.0,0.028,0.03,0.008,0.007,0.047,0.001,0.004,0.012,0.001,0.062,0.011,0.046,0.028,0.009,0.002,0.005,0.054,0.028,0.001,0.192,1.372,0.013,0.064
Sumenep,35,Jawa Timur,Jawa,Kabupaten,0.014,0.014,0.062,0.004,0.04,0.009,0.046,0.014,0.079,0.025,0.151,0.048,0.051,0.043,0.003,0.019,0.089,0.0,0.003,0.001,0.019,0.001,0.014,0.002,0.022,0.0,0.058,0.001,0.062,0.025,0.003,0.022,0.0,0.001,0.001,0.009,0.182,0.077,0.017,0.015,0.043,0.008,0.004,0.014,0.001,0.0,0.006,0.0,0.001,0.013,0.01,0.008,0.007,0.004,0.026,0.07,0.104,0.0,0.6,0.004,0.008,0.004,0.002,0.017,0.917,0.048,0.387,0.264,0.074,0.087,0.925,0.266,0.439,0.451,0.071,1.725,0.596,0.2,0.543,3.291,0.562,1.249,0.467,0.13,1.241,0.0,0.768,0.202,0.426,0.964,0.265,0.298,0.09,0.058,0.101,0.498,1.567,0.008,0.053,0.261,0.0,0.056,0.009,23.608,2.997,0.336,0.015,0.02,0.258,0.009,0.527,0.52,0.078,0.009,0.003,0.026,0.032,0.023,0.0,0.047,0.059,0.025,0.016,0.083,0.002,0.012,0.017,0.003,0.098,0.027,0.051,0.031,0.017,0.014,0.012,0.121,0.073,0.012,0.511,2.051,0.025,0.204
Kota Kediri,35,Jawa Timur,Jawa,Kota,0.06,0.015,0.107,0.014,0.037,0.006,0.043,0.002,0.081,0.068,0.079,0.004,0.065,0.107,0.004,0.002,0.163,0.0,0.017,0.0,0.012,0.001,0.013,0.001,0.014,0.007,0.0,0.0,0.0,0.002,0.0,0.0,0.0,0.0,0.003,0.008,0.134,0.002,0.0,0.01,0.002,0.001,0.0,0.074,0.001,0.0,0.0,0.012,0.016,0.0,0.003,0.003,0.0,0.0,0.001,0.014,0.001,0.0,0.151,0.003,0.005,0.001,0.005,0.005,0.196,0.165,0.168,0.452,0.096,0.189,0.625,0.191,0.891,0.452,0.116,1.261,0.316,0.2,0.677,2.539,0.523,0.849,0.826,0.099,1.51,0.0,0.66,0.397,0.501,0.96,0.392,0.124,0.177,0.608,0.354,0.322,1.21,0.0,0.055,0.003,0.002,0.014,0.019,7.895,2.502,0.007,0.009,0.155,0.298,0.025,0.478,0.494,0.048,0.01,0.001,0.027,0.031,0.023,0.0,0.053,0.058,0.013,0.027,0.018,0.009,0.042,0.044,0.021,0.016,0.011,0.086,0.032,0.029,0.027,0.015,0.098,0.03,0.038,0.096,2.223,0.0,0.138
Kota Blitar,35,Jawa Timur,Jawa,Kota,0.12,0.021,0.146,0.002,0.03,0.011,0.036,0.002,0.096,0.093,0.07,0.023,0.027,0.095,0.004,0.01,0.092,0.0,0.017,0.0,0.005,0.004,0.01,0.002,0.003,0.009,0.0,0.001,0.002,0.001,0.0,0.0,0.0,0.0,0.006,0.008,0.088,0.006,0.001,0.018,0.008,0.0,0.0,0.076,0.0,0.0,0.002,0.023,0.016,0.0,0.006,0.0,0.0,0.006,0.0,0.009,0.007,0.0,0.126,0.003,0.0,0.0,0.003,0.006,0.279,0.13,0.235,0.474,0.04,0.045,0.432,0.253,0.532,0.45,0.154,1.762,0.323,0.101,0.447,2.27,0.464,0.984,0.77,0.03,1.127,0.001,0.871,0.338,0.473,0.582,0.259,0.092,0.146,0.654,0.133,0.379,1.052,0.002,0.032,0.002,0.002,0.019,0.012,9.238,2.905,0.053,0.028,0.05,0.268,0.021,0.422,0.558,0.045,0.007,0.001,0.005,0.036,0.029,0.0,0.06,0.047,0.013,0.025,0.011,0.024,0.045,0.043,0.019,0.046,0.015,0.072,0.019,0.018,0.019,0.016,0.183,0.019,0.023,0.082,1.949,0.0,0.078
Kota Malang,35,Jawa Timur,Jawa,Kota,0.089,0.026,0.131,0.001,0.054,0.01,0.041,0.004,0.07,0.073,0.054,0.059,0.045,0.067,0.002,0.007,0.173,0.0,0.029,0.0,0.027,0.0,0.009,0.002,0.016,0.021,0.0,0.001,0.002,0.005,0.0,0.004,0.0,0.0,0.006,0.01,0.068,0.002,0.001,0.009,0.006,0.002,0.0,0.069,0.0,0.0,0.045,0.012,0.006,0.0,0.012,0.001,0.0,0.0,0.003,0.005,0.025,0.0,0.184,0.005,0.004,0.004,0.001,0.017,0.163,0.161,0.196,0.319,0.067,0.062,0.205,0.186,0.176,0.175,0.088,1.135,0.306,0.046,0.309,1.53,0.39,0.369,0.72,0.058,0.851,0.0,0.38,0.283,0.371,0.704,0.588,0.103,0.101,0.216,0.145,0.231,1.133,0.002,0.034,0.007,0.004,0.046,0.046,7.827,1.086,0.377,0.002,0.123,0.315,0.042,0.508,0.579,0.062,0.014,0.002,0.016,0.031,0.005,0.004,0.027,0.057,0.022,0.034,0.019,0.008,0.003,0.04,0.021,0.018,0.017,0.048,0.042,0.029,0.02,0.012,0.247,0.033,0.055,0.056,2.521,0.018,0.274
Kota Probolinggo,35,Jawa Timur,Jawa,Kota,0.077,0.011,0.09,0.009,0.028,0.004,0.012,0.001,0.035,0.004,0.083,0.027,0.086,0.038,0.001,0.002,0.107,0.0,0.01,0.0,0.013,0.0,0.006,0.002,0.012,0.009,0.001,0.003,0.003,0.024,0.0,0.008,0.001,0.001,0.002,0.0,0.082,0.026,0.0,0.038,0.042,0.006,0.0,0.033,0.0,0.0,0.006,0.003,0.0,0.006,0.008,0.004,0.0,0.0,0.007,0.018,0.067,0.0,0.26,0.001,0.003,0.002,0.001,0.028,0.19,0.302,0.126,0.244,0.017,0.047,0.553,0.299,0.738,0.159,0.185,0.777,0.323,0.059,0.306,1.794,0.539,0.779,0.606,0.012,0.802,0.0,0.454,0.232,0.456,0.72,0.187,0.116,0.11,0.168,0.167,0.174,1.516,0.0,0.049,0.039,0.008,0.017,0.114,5.978,2.35,0.072,0.121,0.016,0.234,0.007,0.324,0.327,0.024,0.004,0.0,0.011,0.023,0.013,0.0,0.033,0.037,0.015,0.011,0.025,0.004,0.0,0.016,0.011,0.057,0.01,0.046,0.06,0.009,0.021,0.022,0.153,0.022,0.019,0.059,1.821,0.004,0.278
Kota Pasuruan,35,Jawa Timur,Jawa,Kota,0.072,0.013,0.134,0.004,0.156,0.005,0.026,0.008,0.057,0.028,0.095,0.017,0.063,0.081,0.002,0.003,0.154,0.0,0.023,0.001,0.016,0.0,0.01,0.003,0.032,0.047,0.0,0.005,0.0,0.018,0.001,0.012,0.0,0.0,0.002,0.005,0.084,0.006,0.001,0.1,0.045,0.01,0.004,0.046,0.0,0.0,0.07,0.008,0.003,0.0,0.004,0.008,0.001,0.0,0.01,0.017,0.047,0.0,0.321,0.001,0.003,0.002,0.002,0.024,0.175,0.302,0.118,0.236,0.073,0.071,0.655,0.27,0.863,0.267,0.225,1.381,0.501,0.036,0.397,1.952,0.621,1.192,1.251,0.176,1.342,0.0,0.655,0.538,0.254,0.778,0.339,0.047,0.126,0.225,0.162,0.254,1.311,0.003,0.044,0.007,0.002,0.041,0.023,12.343,0.821,0.117,0.003,0.171,0.388,0.01,0.435,0.487,0.053,0.011,0.001,0.02,0.02,0.006,0.0,0.022,0.045,0.014,0.014,0.013,0.004,0.0,0.022,0.011,0.026,0.009,0.04,0.039,0.018,0.02,0.028,0.108,0.021,0.007,0.049,2.123,0.006,0.202
Kota Mojokerto,35,Jawa Timur,Jawa,Kota,0.038,0.019,0.115,0.016,0.051,0.003,0.035,0.001,0.105,0.033,0.088,0.003,0.035,0.073,0.002,0.006,0.162,0.0,0.016,0.0,0.026,0.0,0.01,0.002,0.037,0.025,0.0,0.0,0.0,0.003,0.002,0.003,0.0,0.0,0.012,0.003,0.067,0.004,0.0,0.017,0.004,0.002,0.0,0.104,0.0,0.0,0.089,0.005,0.016,0.0,0.022,0.004,0.0,0.001,0.0,0.017,0.016,0.0,0.207,0.003,0.0,0.001,0.003,0.022,0.128,0.453,0.063,0.233,0.05,0.083,0.661,0.214,0.481,0.208,0.152,1.046,0.448,0.07,0.184,2.107,0.313,0.826,0.733,0.063,0.91,0.002,0.479,0.356,0.296,0.649,0.414,0.104,0.091,0.198,0.221,0.314,1.251,0.0,0.097,0.009,0.001,0.027,0.025,8.378,1.521,0.019,0.011,0.145,0.258,0.038,0.542,0.646,0.049,0.007,0.003,0.021,0.033,0.006,0.0,0.026,0.067,0.016,0.02,0.012,0.007,0.003,0.034,0.015,0.009,0.014,0.047,0.047,0.031,0.029,0.024,0.153,0.011,0.018,0.033,2.204,0.004,0.123
Kota Madiun,35,Jawa Timur,Jawa,Kota,0.062,0.03,0.12,0.017,0.12,0.016,0.077,0.003,0.126,0.045,0.116,0.013,0.047,0.106,0.015,0.012,0.162,0.0,0.022,0.0,0.018,0.0,0.019,0.001,0.02,0.087,0.0,0.003,0.002,0.005,0.001,0.0,0.0,0.001,0.011,0.027,0.058,0.004,0.001,0.012,0.005,0.0,0.0,0.093,0.001,0.0,0.008,0.031,0.011,0.0,0.005,0.0,0.002,0.011,0.0,0.031,0.011,0.0,0.27,0.006,0.0,0.001,0.006,0.01,0.224,0.37,0.074,0.408,0.139,0.235,0.463,0.233,0.659,0.823,0.14,1.567,0.344,0.104,0.379,2.264,0.402,0.635,0.724,0.103,1.226,0.0,0.956,0.389,0.535,1.256,0.492,0.078,0.165,0.54,0.227,0.426,1.105,0.001,0.046,0.004,0.005,0.053,0.086,9.446,0.549,0.319,0.013,0.101,0.287,0.066,0.528,0.523,0.048,0.015,0.004,0.017,0.039,0.016,0.0,0.034,0.05,0.024,0.03,0.02,0.01,0.003,0.037,0.034,0.02,0.02,0.05,0.038,0.052,0.033,0.016,0.135,0.058,0.115,0.215,2.453,0.002,0.167
Kota Surabaya,35,Jawa Timur,Jawa,Kota,0.046,0.024,0.13,0.018,0.048,0.008,0.049,0.004,0.103,0.016,0.091,0.037,0.053,0.11,0.004,0.008,0.187,0.002,0.027,0.0,0.035,0.002,0.015,0.004,0.048,0.034,0.001,0.002,0.002,0.01,0.0,0.005,0.001,0.002,0.012,0.03,0.059,0.006,0.005,0.017,0.006,0.005,0.002,0.065,0.001,0.0,0.058,0.006,0.013,0.0,0.011,0.007,0.003,0.011,0.001,0.018,0.025,0.0,0.196,0.003,0.006,0.009,0.002,0.029,0.498,0.566,0.179,0.355,0.13,0.116,0.799,0.271,0.508,0.308,0.131,1.089,0.384,0.127,0.387,2.023,0.266,0.684,0.812,0.093,1.211,0.001,0.513,0.419,0.358,0.753,0.679,0.132,0.192,0.185,0.219,0.418,1.326,0.004,0.072,0.006,0.004,0.038,0.146,10.61,0.564,0.104,0.003,0.183,0.215,0.073,0.504,0.595,0.045,0.017,0.004,0.036,0.039,0.01,0.001,0.026,0.051,0.016,0.024,0.015,0.009,0.002,0.032,0.024,0.016,0.024,0.048,0.045,0.026,0.041,0.033,0.312,0.048,0.042,0.053,2.735,0.013,0.248
Kota Batu,35,Jawa Timur,Jawa,Kota,0.081,0.024,0.126,0.002,0.095,0.015,0.043,0.005,0.055,0.068,0.069,0.024,0.035,0.086,0.0,0.002,0.162,0.0,0.02,0.0,0.022,0.001,0.009,0.001,0.017,0.093,0.0,0.0,0.0,0.003,0.0,0.002,0.0,0.0,0.007,0.006,0.147,0.001,0.0,0.017,0.004,0.001,0.0,0.047,0.0,0.0,0.042,0.007,0.002,0.0,0.006,0.001,0.0,0.0,0.0,0.004,0.014,0.0,0.291,0.0,0.004,0.001,0.001,0.012,0.096,0.083,0.164,0.374,0.033,0.093,0.321,0.298,0.151,0.164,0.064,0.961,0.396,0.055,0.127,1.626,0.23,0.677,0.861,0.032,1.527,0.0,0.573,0.316,0.483,0.908,0.214,0.08,0.167,0.206,0.214,0.32,1.11,0.002,0.041,0.009,0.0,0.043,0.039,13.347,2.039,0.401,0.003,0.092,0.259,0.02,0.465,0.567,0.046,0.024,0.001,0.011,0.035,0.021,0.0,0.025,0.034,0.044,0.086,0.016,0.02,0.001,0.066,0.058,0.04,0.013,0.064,0.04,0.024,0.012,0.015,0.226,0.023,0.017,0.032,2.14,0.0,0.077
Pandeglang,36,Banten,Jawa,Kabupaten,0.002,0.005,0.024,0.143,0.124,0.003,0.049,0.005,0.022,0.012,0.085,0.103,0.026,0.011,0.002,0.012,0.095,0.0,0.006,0.001,0.0,0.002,0.009,0.0,0.012,0.004,0.0,0.011,0.0,0.016,0.02,0.012,0.001,0.001,0.002,0.011,0.125,0.023,0.0,0.115,0.067,0.006,0.0,0.022,0.033,0.0,0.001,0.01,0.0,0.022,0.065,0.036,0.002,0.003,0.008,0.051,0.059,0.0,0.017,0.001,0.003,0.003,0.009,0.002,0.081,0.076,0.178,0.06,0.425,0.078,0.52,0.19,0.975,0.206,0.077,1.386,0.594,0.291,0.259,3.155,1.111,1.004,0.488,0.068,0.776,0.0,0.426,0.1,0.06,1.038,0.037,0.372,0.027,0.104,0.258,0.03,1.988,0.004,0.011,0.0,0.0,0.044,0.019,21.316,4.76,0.437,0.0,0.351,0.255,0.007,0.209,0.372,0.021,0.004,0.004,0.016,0.028,0.038,0.024,0.041,0.065,0.004,0.014,0.066,0.007,0.021,0.013,0.002,0.04,0.012,0.03,0.063,0.007,0.002,0.006,0.05,0.053,0.002,0.028,1.401,0.048,0.05
Lebak,36,Banten,Jawa,Kabupaten,0.007,0.004,0.052,0.158,0.188,0.007,0.065,0.01,0.031,0.036,0.134,0.216,0.033,0.022,0.005,0.03,0.134,0.002,0.002,0.0,0.001,0.0,0.006,0.0,0.018,0.078,0.0,0.031,0.005,0.016,0.009,0.009,0.002,0.009,0.001,0.023,0.229,0.007,0.0,0.174,0.056,0.0,0.0,0.012,0.04,0.0,0.005,0.01,0.001,0.005,0.046,0.049,0.003,0.004,0.004,0.071,0.06,0.0,0.116,0.002,0.009,0.001,0.1,0.0,0.245,0.059,0.315,0.145,0.273,0.089,0.516,0.241,0.886,0.234,0.142,0.999,0.706,0.142,0.199,3.845,0.312,1.069,0.717,0.219,1.456,0.0,0.639,0.137,0.475,1.407,0.104,0.415,0.025,0.129,0.107,0.02,2.07,0.012,0.014,0.001,0.0,0.08,0.0,17.302,7.274,0.67,0.0,0.251,0.39,0.001,0.268,0.44,0.032,0.003,0.009,0.024,0.04,0.073,0.02,0.041,0.077,0.006,0.037,0.089,0.008,0.013,0.003,0.003,0.018,0.018,0.02,0.049,0.007,0.002,0.005,0.033,0.097,0.008,0.068,1.947,0.009,0.012
Tangerang,36,Banten,Jawa,Kabupaten,0.013,0.011,0.084,0.068,0.023,0.006,0.069,0.015,0.071,0.021,0.032,0.085,0.031,0.032,0.002,0.005,0.168,0.0,0.013,0.0,0.006,0.0,0.013,0.001,0.049,0.007,0.0,0.042,0.001,0.008,0.047,0.009,0.003,0.018,0.002,0.038,0.015,0.005,0.002,0.022,0.08,0.004,0.001,0.05,0.016,0.0,0.03,0.006,0.005,0.008,0.013,0.035,0.001,0.003,0.007,0.122,0.04,0.0,0.029,0.0,0.003,0.002,0.051,0.011,0.258,0.401,0.112,0.193,0.452,0.275,0.806,0.241,0.891,0.283,0.123,1.274,0.43,0.394,0.114,3.12,0.232,0.518,0.625,0.134,0.864,0.0,1.017,0.229,0.126,1.207,0.352,0.126,0.104,0.21,0.462,0.082,1.593,0.003,0.022,0.002,0.0,0.061,0.0,14.831,4.757,0.402,0.002,0.224,0.291,0.02,0.357,0.661,0.063,0.01,0.004,0.052,0.04,0.009,0.018,0.026,0.079,0.005,0.02,0.05,0.002,0.006,0.016,0.024,0.012,0.029,0.025,0.04,0.014,0.019,0.022,0.122,0.093,0.011,0.043,2.421,0.009,0.265
Serang,36,Banten,Jawa,Kabupaten,0.002,0.008,0.059,0.085,0.084,0.002,0.077,0.007,0.034,0.028,0.035,0.259,0.058,0.035,0.008,0.016,0.148,0.0,0.006,0.0,0.003,0.0,0.01,0.0,0.089,0.012,0.0,0.06,0.002,0.014,0.013,0.006,0.002,0.001,0.002,0.003,0.026,0.007,0.002,0.062,0.049,0.003,0.0,0.04,0.011,0.0,0.029,0.009,0.001,0.016,0.116,0.04,0.0,0.004,0.009,0.054,0.024,0.0,0.005,0.001,0.002,0.0,0.012,0.009,0.226,0.234,0.113,0.111,0.519,0.21,0.598,0.322,1.244,0.21,0.039,0.701,0.348,0.322,0.298,3.79,0.445,0.716,0.713,0.146,1.107,0.001,0.877,0.136,0.094,1.543,0.15,0.125,0.093,0.042,0.424,0.036,1.627,0.009,0.018,0.0,0.014,0.057,0.067,18.799,4.841,0.042,0.0,0.326,0.336,0.003,0.277,0.551,0.042,0.004,0.007,0.057,0.049,0.028,0.018,0.039,0.072,0.005,0.013,0.063,0.006,0.008,0.005,0.002,0.019,0.011,0.033,0.041,0.011,0.002,0.012,0.05,0.063,0.001,0.006,2.164,0.022,0.006
Kota Tangerang,36,Banten,Jawa,Kota,0.028,0.026,0.137,0.063,0.015,0.011,0.123,0.011,0.125,0.064,0.049,0.069,0.039,0.062,0.006,0.01,0.213,0.003,0.05,0.0,0.022,0.001,0.012,0.005,0.033,0.007,0.0,0.031,0.0,0.016,0.051,0.008,0.002,0.013,0.007,0.027,0.019,0.004,0.004,0.024,0.087,0.005,0.001,0.072,0.016,0.0,0.032,0.026,0.004,0.009,0.017,0.025,0.004,0.007,0.008,0.113,0.031,0.0,0.029,0.005,0.006,0.001,0.045,0.028,0.538,0.525,0.156,0.399,0.471,0.336,0.674,0.332,0.819,0.274,0.197,1.392,0.556,0.261,0.255,2.616,0.263,0.694,0.672,0.108,0.84,0.0,1.144,0.364,0.198,1.12,0.783,0.166,0.151,0.296,0.546,0.248,1.361,0.005,0.047,0.002,0.001,0.051,0.216,12.749,1.545,0.803,0.009,0.201,0.255,0.047,0.408,0.512,0.059,0.016,0.008,0.057,0.044,0.01,0.013,0.026,0.057,0.009,0.039,0.048,0.004,0.001,0.03,0.038,0.009,0.023,0.025,0.038,0.029,0.029,0.015,0.321,0.093,0.121,0.011,3.027,0.003,0.226
Kota Cilegon,36,Banten,Jawa,Kota,0.013,0.01,0.085,0.094,0.066,0.002,0.077,0.009,0.047,0.024,0.041,0.203,0.045,0.039,0.018,0.008,0.144,0.001,0.018,0.0,0.004,0.0,0.008,0.002,0.041,0.003,0.0,0.038,0.0,0.035,0.01,0.011,0.001,0.0,0.004,0.018,0.008,0.011,0.003,0.028,0.051,0.004,0.003,0.065,0.012,0.0,0.025,0.004,0.002,0.036,0.037,0.008,0.001,0.0,0.035,0.034,0.02,0.0,0.003,0.0,0.0,0.002,0.001,0.027,0.251,0.431,0.116,0.206,0.275,0.33,0.934,0.326,1.059,0.268,0.078,1.004,0.755,0.284,0.358,3.31,0.404,0.958,0.759,0.13,0.839,0.0,0.638,0.211,0.084,1.517,0.34,0.105,0.124,0.108,0.898,0.1,1.292,0.009,0.044,0.002,0.001,0.074,0.0,15.423,2.989,0.994,0.009,0.207,0.228,0.025,0.311,0.57,0.042,0.008,0.004,0.047,0.04,0.019,0.002,0.032,0.056,0.001,0.015,0.04,0.003,0.006,0.011,0.012,0.022,0.013,0.024,0.037,0.021,0.008,0.008,0.27,0.065,0.011,0.021,2.239,0.002,0.063
Kota Serang,36,Banten,Jawa,Kota,0.008,0.008,0.085,0.059,0.039,0.005,0.059,0.006,0.038,0.019,0.039,0.204,0.053,0.016,0.002,0.005,0.146,0.0,0.016,0.0,0.005,0.003,0.025,0.001,0.073,0.003,0.0,0.039,0.0,0.015,0.025,0.001,0.001,0.0,0.002,0.02,0.021,0.01,0.001,0.037,0.056,0.006,0.0,0.045,0.006,0.0,0.04,0.003,0.001,0.009,0.103,0.031,0.0,0.0,0.005,0.026,0.013,0.0,0.001,0.002,0.0,0.003,0.013,0.01,0.297,0.351,0.137,0.078,0.599,0.222,0.779,0.343,2.048,0.203,0.077,0.865,0.573,0.348,0.367,4.141,0.466,0.76,0.887,0.1,0.663,0.0,1.638,0.208,0.105,1.696,0.2,0.109,0.067,0.09,0.638,0.07,1.507,0.002,0.037,0.003,0.001,0.044,0.092,20.183,2.329,0.401,0.0,0.277,0.308,0.022,0.31,0.497,0.037,0.003,0.004,0.035,0.029,0.013,0.014,0.022,0.061,0.004,0.013,0.048,0.002,0.002,0.012,0.006,0.022,0.009,0.025,0.037,0.013,0.008,0.011,0.156,0.072,0.04,0.001,2.299,0.013,0.038
Kota Tangerang Selatan,36,Banten,Jawa,Kota,0.025,0.024,0.091,0.043,0.021,0.013,0.104,0.022,0.121,0.075,0.049,0.048,0.043,0.043,0.006,0.007,0.228,0.001,0.044,0.001,0.034,0.002,0.01,0.005,0.027,0.024,0.0,0.009,0.001,0.011,0.058,0.011,0.001,0.037,0.006,0.03,0.032,0.003,0.004,0.012,0.077,0.002,0.0,0.083,0.045,0.0,0.021,0.028,0.006,0.011,0.008,0.024,0.002,0.006,0.004,0.116,0.036,0.0,0.039,0.008,0.004,0.002,0.036,0.02,0.226,0.303,0.156,0.237,0.42,0.216,0.335,0.243,0.318,0.287,0.084,0.862,0.308,0.142,0.127,1.892,0.137,0.387,0.514,0.083,0.687,0.002,0.731,0.343,0.128,0.979,1.099,0.139,0.123,0.162,0.403,0.228,1.366,0.005,0.04,0.003,0.001,0.065,0.045,8.928,1.538,1.754,0.001,0.196,0.267,0.087,0.506,0.67,0.07,0.023,0.008,0.084,0.041,0.013,0.011,0.023,0.061,0.008,0.022,0.038,0.005,0.004,0.022,0.051,0.01,0.033,0.022,0.031,0.026,0.025,0.014,0.314,0.067,0.054,0.041,2.821,0.004,0.215
Jembrana,51,Bali,Bali & Nusa Tenggara,Kabupaten,0.009,0.041,0.107,0.012,0.033,0.006,0.075,0.004,0.079,0.014,0.194,0.019,0.085,0.059,0.002,0.032,0.173,0.096,0.005,0.0,0.002,0.004,0.003,0.0,0.0,0.003,0.0,0.002,0.013,0.009,0.003,0.023,0.001,0.0,0.002,0.0,0.126,0.089,0.003,0.008,0.027,0.002,0.001,0.002,0.001,0.0,0.001,0.001,0.0,0.007,0.001,0.0,0.004,0.005,0.008,0.121,0.116,0.0,0.101,0.005,0.01,0.005,0.0,0.013,0.213,0.203,0.16,0.152,0.063,0.091,0.438,0.178,1.167,0.106,0.088,2.198,0.563,0.256,0.068,1.669,0.106,1.408,0.462,0.027,0.338,0.002,1.346,0.11,0.043,1.367,0.205,0.148,0.081,0.215,0.031,0.155,1.949,0.004,0.049,0.007,0.0,0.007,0.064,12.903,1.106,3.025,0.01,0.006,0.181,0.003,0.599,0.895,0.108,0.013,0.002,0.012,0.038,0.107,0.0,0.058,0.075,0.023,0.028,0.053,0.049,0.037,0.016,0.007,0.096,0.038,0.037,0.019,0.014,0.014,0.015,0.05,0.014,0.008,0.064,1.994,0.006,0.004
Tabanan,51,Bali,Bali & Nusa Tenggara,Kabupaten,0.009,0.075,0.075,0.014,0.03,0.006,0.134,0.03,0.078,0.034,0.177,0.019,0.094,0.023,0.002,0.008,0.195,0.194,0.007,0.001,0.001,0.0,0.011,0.0,0.0,0.0,0.0,0.0,0.007,0.001,0.0,0.005,0.0,0.0,0.006,0.023,0.005,0.004,0.0,0.003,0.007,0.0,0.0,0.016,0.0,0.0,0.012,0.009,0.0,0.002,0.005,0.0,0.0,0.013,0.002,0.094,0.045,0.0,0.328,0.008,0.0,0.002,0.007,0.017,0.238,0.169,0.369,0.2,0.351,0.237,0.606,0.26,0.439,0.143,0.048,2.409,0.409,0.172,0.078,1.827,0.33,0.891,0.549,0.069,0.695,0.018,0.56,0.288,0.071,1.538,0.427,0.205,0.155,0.172,0.056,0.157,1.812,0.003,0.03,0.003,0.0,0.006,0.408,11.92,1.201,3.035,0.004,0.006,0.178,0.005,0.654,0.974,0.082,0.052,0.004,0.01,0.072,0.065,0.0,0.036,0.087,0.058,0.08,0.031,0.078,0.018,0.045,0.027,0.044,0.043,0.033,0.01,0.021,0.014,0.019,0.042,0.02,0.004,0.047,2.047,0.005,0.017
Badung,51,Bali,Bali & Nusa Tenggara,Kabupaten,0.026,0.05,0.061,0.005,0.042,0.007,0.095,0.028,0.101,0.039,0.174,0.057,0.052,0.058,0.005,0.004,0.212,0.07,0.034,0.001,0.001,0.001,0.023,0.002,0.002,0.001,0.0,0.0,0.013,0.006,0.003,0.026,0.0,0.0,0.002,0.014,0.006,0.006,0.005,0.005,0.026,0.002,0.0,0.033,0.001,0.0,0.022,0.003,0.0,0.004,0.006,0.0,0.001,0.004,0.002,0.072,0.046,0.0,0.602,0.023,0.0,0.0,0.017,0.033,0.557,0.371,0.556,0.487,0.393,0.438,0.647,0.43,0.739,0.219,0.23,2.573,0.552,0.246,0.196,2.123,0.347,0.796,0.742,0.063,1.172,0.032,1.77,0.5,0.315,1.789,0.727,0.402,0.281,0.401,0.169,0.315,1.635,0.005,0.089,0.005,0.0,0.012,0.118,7.862,0.667,2.797,0.001,0.011,0.22,0.028,0.506,0.731,0.064,0.042,0.003,0.012,0.05,0.022,0.0,0.042,0.074,0.047,0.064,0.044,0.038,0.02,0.051,0.032,0.016,0.046,0.035,0.03,0.036,0.021,0.027,0.164,0.02,0.009,0.144,2.16,0.027,0.156
Gianyar,51,Bali,Bali & Nusa Tenggara,Kabupaten,0.011,0.064,0.051,0.003,0.06,0.004,0.184,0.027,0.066,0.066,0.191,0.083,0.098,0.042,0.009,0.006,0.19,0.155,0.009,0.001,0.001,0.0,0.015,0.002,0.0,0.009,0.0,0.0,0.004,0.003,0.0,0.001,0.0,0.0,0.002,0.001,0.006,0.003,0.0,0.001,0.001,0.001,0.0,0.014,0.001,0.0,0.036,0.002,0.0,0.0,0.0,0.0,0.0,0.003,0.001,0.09,0.009,0.0,0.838,0.003,0.007,0.006,0.004,0.009,0.367,0.083,0.3,0.243,0.483,0.502,1.023,0.319,0.754,0.184,0.029,2.777,0.304,0.16,0.049,2.113,0.386,1.121,0.686,0.162,1.028,0.009,1.325,0.413,0.068,1.472,0.502,0.398,0.234,0.18,0.07,0.205,1.953,0.01,0.022,0.0,0.0,0.006,0.126,5.924,0.626,2.609,0.004,0.007,0.269,0.006,0.59,0.904,0.069,0.044,0.007,0.023,0.054,0.03,0.003,0.049,0.057,0.045,0.062,0.03,0.056,0.048,0.03,0.013,0.009,0.042,0.047,0.006,0.016,0.02,0.013,0.037,0.013,0.018,0.016,2.019,0.067,0.068
Klungkung,51,Bali,Bali & Nusa Tenggara,Kabupaten,0.002,0.037,0.015,0.001,0.022,0.001,0.091,0.017,0.041,0.047,0.119,0.042,0.044,0.012,0.001,0.003,0.153,0.047,0.011,0.0,0.001,0.0,0.009,0.001,0.0,0.0,0.0,0.0,0.007,0.003,0.0,0.002,0.0,0.0,0.0,0.0,0.0,0.013,0.0,0.0,0.0,0.0,0.0,0.004,0.0,0.0,0.006,0.002,0.0,0.0,0.0,0.0,0.0,0.003,0.001,0.025,0.105,0.0,0.182,0.014,0.0,0.001,0.001,0.01,0.411,0.085,0.184,0.198,0.305,0.198,0.511,0.222,0.347,0.377,0.095,1.934,0.466,0.206,0.021,1.495,0.191,1.18,0.543,0.059,0.493,0.007,1.083,0.232,0.13,1.332,0.256,0.154,0.128,0.366,0.06,0.097,1.878,0.0,0.042,0.055,0.0,0.001,0.155,5.234,0.285,0.884,0.018,0.006,0.275,0.009,0.772,0.883,0.085,0.024,0.011,0.03,0.041,0.029,0.0,0.059,0.122,0.058,0.03,0.02,0.046,0.062,0.029,0.011,0.012,0.05,0.054,0.023,0.026,0.013,0.017,0.011,0.003,0.032,0.024,2.092,0.032,0.04
Bangli,51,Bali,Bali & Nusa Tenggara,Kabupaten,0.026,0.097,0.139,0.003,0.043,0.009,0.202,0.033,0.047,0.089,0.296,0.091,0.143,0.019,0.002,0.012,0.223,0.165,0.005,0.0,0.0,0.0,0.02,0.003,0.0,0.0,0.0,0.0,0.0,0.0,0.0,0.0,0.0,0.0,0.0,0.001,0.001,0.001,0.0,0.0,0.0,0.001,0.0,0.007,0.001,0.0,0.075,0.034,0.0,0.0,0.003,0.0,0.001,0.002,0.0,0.099,0.001,0.0,0.585,0.0,0.0,0.0,0.0,0.005,0.382,0.05,0.299,0.09,0.231,0.254,0.731,0.281,0.352,0.152,0.02,2.378,0.665,0.262,0.053,1.38,0.203,1.116,0.539,0.063,1.017,0.014,1.307,0.201,0.039,1.748,0.202,0.277,0.16,0.096,0.009,0.347,1.921,0.018,0.036,0.003,0.003,0.007,0.288,7.379,1.371,2.933,0.02,0.015,0.184,0.003,0.749,1.2,0.09,0.086,0.005,0.008,0.067,0.061,0.0,0.036,0.043,0.116,0.166,0.029,0.093,0.026,0.026,0.016,0.031,0.053,0.057,0.028,0.018,0.02,0.013,0.015,0.018,0.088,0.058,2.074,0.026,0.014
Karangasem,51,Bali,Bali & Nusa Tenggara,Kabupaten,0.003,0.043,0.066,0.002,0.13,0.003,0.082,0.012,0.023,0.027,0.17,0.077,0.097,0.006,0.03,0.015,0.103,0.071,0.003,0.0,0.0,0.0,0.014,0.001,0.001,0.0,0.0,0.0,0.005,0.002,0.0,0.001,0.0,0.0,0.0,0.0,0.0,0.0,0.0,0.0,0.0,0.0,0.0,0.0,0.0,0.0,0.008,0.0,0.0,0.0,0.0,0.0,0.002,0.001,0.002,0.08,0.103,0.0,0.895,0.008,0.0,0.001,0.001,0.002,0.233,0.049,0.248,0.095,0.024,0.073,0.522,0.232,0.351,0.336,0.042,2.38,0.349,0.057,0.005,1.294,0.136,0.922,0.446,0.032,0.863,0.047,0.931,0.079,0.02,1.417,0.047,0.209,0.122,0.106,0.004,0.067,1.985,0.019,0.027,0.005,0.001,0.003,0.133,7.692,0.791,1.017,0.009,0.009,0.227,0.002,0.614,0.893,0.059,0.029,0.001,0.015,0.064,0.037,0.0,0.024,0.05,0.041,0.048,0.017,0.027,0.018,0.009,0.003,0.057,0.043,0.046,0.007,0.007,0.03,0.011,0.007,0.009,0.007,0.035,1.546,0.008,0.002
Buleleng,51,Bali,Bali & Nusa Tenggara,Kabupaten,0.008,0.049,0.105,0.011,0.102,0.003,0.076,0.013,0.055,0.009,0.215,0.049,0.05,0.025,0.008,0.015,0.169,0.082,0.004,0.001,0.002,0.001,0.016,0.016,0.0,0.002,0.002,0.0,0.024,0.005,0.0,0.011,0.0,0.0,0.0,0.002,0.062,0.015,0.0,0.0,0.018,0.0,0.0,0.002,0.0,0.0,0.007,0.001,0.0,0.004,0.009,0.0,0.001,0.006,0.021,0.081,0.072,0.0,0.43,0.011,0.006,0.002,0.0,0.01,0.594,0.077,0.181,0.074,0.067,0.086,0.684,0.222,0.796,0.117,0.017,2.665,0.271,0.175,0.085,2.035,0.225,0.841,0.628,0.042,0.818,0.028,0.925,0.092,0.036,1.503,0.126,0.174,0.08,0.089,0.018,0.137,2.038,0.007,0.043,0.02,0.0,0.008,0.081,9.364,3.405,2.871,0.017,0.005,0.258,0.0,0.56,0.893,0.069,0.024,0.001,0.013,0.052,0.07,0.0,0.036,0.074,0.045,0.028,0.038,0.027,0.034,0.014,0.004,0.055,0.048,0.042,0.014,0.014,0.009,0.007,0.03,0.016,0.025,0.052,1.891,0.004,0.02
Kota Denpasar,51,Bali,Bali & Nusa Tenggara,Kota,0.011,0.035,0.038,0.002,0.014,0.018,0.11,0.034,0.139,0.059,0.078,0.031,0.042,0.09,0.007,0.006,0.253,0.059,0.03,0.001,0.004,0.0,0.024,0.002,0.001,0.008,0.0,0.002,0.015,0.009,0.0,0.011,0.0,0.0,0.007,0.008,0.0,0.004,0.001,0.008,0.05,0.0,0.0,0.025,0.001,0.0,0.023,0.004,0.0,0.003,0.001,0.0,0.001,0.002,0.002,0.069,0.05,0.0,0.485,0.026,0.0,0.001,0.001,0.028,0.679,0.53,0.35,0.412,0.254,0.372,0.657,0.293,0.774,0.217,0.097,3.174,0.4,0.143,0.13,2.004,0.211,0.731,0.69,0.033,0.58,0.006,1.79,0.392,0.2,1.587,0.711,0.298,0.317,0.289,0.151,0.266,1.472,0.0,0.071,0.005,0.0,0.006,0.209,6.877,0.371,2.578,0.001,0.032,0.35,0.014,0.469,0.678,0.067,0.045,0.001,0.025,0.04,0.015,0.0,0.032,0.08,0.028,0.069,0.052,0.023,0.008,0.052,0.033,0.006,0.051,0.04,0.031,0.026,0.032,0.009,0.199,0.017,0.008,0.069,2.308,0.004,0.078
Lombok Barat,52,Nusa Tenggara Barat,Bali & Nusa Tenggara,Kabupaten,0.025,0.032,0.091,0.016,0.151,0.006,0.046,0.005,0.084,0.02,0.066,0.132,0.083,0.071,0.002,0.02,0.096,0.005,0.005,0.0,0.012,0.005,0.014,0.002,0.003,0.001,0.0,0.0,0.002,0.012,0.01,0.004,0.003,0.009,0.0,0.0,0.023,0.012,0.001,0.006,0.011,0.01,0.001,0.002,0.0,0.0,0.026,0.059,0.001,0.003,0.01,0.006,0.0,0.003,0.009,0.101,0.161,0.0,0.117,0.001,0.001,0.001,0.009,0.021,0.375,0.133,0.433,0.239,0.018,0.076,1.29,0.348,1.576,0.309,0.134,2.234,0.917,0.12,0.285,3.184,1.181,1.603,0.298,0.14,1.13,0.002,1.175,0.083,0.223,2.235,0.384,0.137,0.068,0.278,0.039,0.084,1.805,0.003,0.099,0.004,0.0,0.011,0.313,12.191,0.711,1.252,0.221,0.014,0.147,0.008,0.489,0.707,0.059,0.007,0.005,0.013,0.059,0.059,0.001,0.062,0.107,0.03,0.029,0.096,0.011,0.041,0.016,0.009,0.084,0.03,0.063,0.061,0.01,0.006,0.006,0.202,0.025,0.039,0.069,1.865,0.024,0.227
Lombok Tengah,52,Nusa Tenggara Barat,Bali & Nusa Tenggara,Kabupaten,0.017,0.026,0.097,0.013,0.068,0.013,0.053,0.002,0.044,0.024,0.053,0.107,0.092,0.043,0.0,0.05,0.069,0.0,0.003,0.0,0.012,0.001,0.009,0.002,0.003,0.0,0.003,0.0,0.005,0.019,0.034,0.004,0.0,0.0,0.001,0.0,0.023,0.015,0.001,0.0,0.013,0.008,0.002,0.005,0.003,0.0,0.029,0.076,0.0,0.003,0.016,0.004,0.001,0.017,0.025,0.116,0.113,0.0,0.389,0.0,0.0,0.016,0.004,0.011,0.337,0.116,0.55,0.284,0.004,0.05,1.143,0.402,0.938,0.186,0.087,1.867,0.636,0.109,0.114,2.928,1.424,1.349,0.218,0.097,1.441,0.006,1.269,0.051,0.366,1.96,0.188,0.416,0.068,0.518,0.12,0.125,1.908,0.007,0.132,0.002,0.002,0.015,0.416,11.381,0.573,0.5,0.28,0.181,0.16,0.002,0.425,0.932,0.056,0.003,0.005,0.005,0.079,0.088,0.0,0.097,0.112,0.075,0.062,0.079,0.016,0.047,0.026,0.018,0.262,0.044,0.099,0.069,0.006,0.005,0.005,0.11,0.037,0.036,0.152,1.747,0.054,0.111
Lombok Timur,52,Nusa Tenggara Barat,Bali & Nusa Tenggara,Kabupaten,0.046,0.051,0.077,0.014,0.122,0.009,0.074,0.012,0.111,0.037,0.102,0.148,0.101,0.055,0.001,0.033,0.091,0.0,0.002,0.0,0.016,0.003,0.009,0.001,0.001,0.005,0.005,0.001,0.03,0.033,0.007,0.024,0.0,0.001,0.0,0.001,0.027,0.013,0.004,0.004,0.014,0.01,0.004,0.01,0.002,0.0,0.041,0.058,0.0,0.011,0.017,0.001,0.004,0.015,0.048,0.158,0.114,0.0,0.05,0.007,0.0,0.004,0.011,0.02,0.353,0.079,0.402,0.223,0.028,0.102,3.011,0.486,0.884,0.244,0.123,2.366,0.588,0.093,0.089,3.582,1.185,1.51,0.293,0.139,1.485,0.007,0.929,0.118,0.381,2.342,0.575,0.751,0.049,0.486,0.174,0.23,2.276,0.007,0.092,0.007,0.001,0.021,0.383,7.694,0.247,0.46,0.304,0.024,0.185,0.004,0.375,0.681,0.065,0.033,0.009,0.02,0.071,0.067,0.0,0.088,0.106,0.079,0.05,0.092,0.02,0.04,0.023,0.017,0.082,0.044,0.101,0.132,0.018,0.006,0.005,0.152,0.043,0.053,0.09,2.032,0.047,0.717
Sumbawa,52,Nusa Tenggara Barat,Bali & Nusa Tenggara,Kabupaten,0.018,0.035,0.09,0.003,0.03,0.008,0.054,0.008,0.037,0.013,0.109,0.066,0.065,0.019,0.001,0.048,0.097,0.006,0.001,0.0,0.017,0.0,0.003,0.001,0.034,0.001,0.037,0.003,0.006,0.031,0.003,0.039,0.001,0.0,0.0,0.001,0.028,0.101,0.029,0.006,0.022,0.002,0.005,0.006,0.0,0.0,0.025,0.078,0.0,0.009,0.003,0.003,0.017,0.012,0.032,0.101,0.1,0.0,0.0,0.005,0.001,0.001,0.004,0.047,0.42,0.321,0.359,0.076,0.016,0.041,0.646,0.244,0.232,0.229,0.139,1.215,0.55,0.022,0.126,2.3,0.272,1.066,0.448,0.119,0.826,0.005,0.894,0.08,0.193,1.98,0.5,0.299,0.05,0.16,0.032,0.093,1.806,0.003,0.099,0.005,0.001,0.04,0.208,9.765,4.669,1.027,0.064,0.027,0.117,0.01,0.315,0.614,0.059,0.003,0.001,0.013,0.043,0.021,0.0,0.042,0.061,0.045,0.014,0.089,0.003,0.016,0.033,0.007,0.076,0.013,0.059,0.079,0.012,0.005,0.011,0.125,0.03,0.007,0.086,1.866,0.003,0.071
Dompu,52,Nusa Tenggara Barat,Bali & Nusa Tenggara,Kabupaten,0.007,0.018,0.064,0.0,0.022,0.015,0.024,0.008,0.051,0.015,0.083,0.052,0.063,0.008,0.0,0.04,0.058,0.002,0.0,0.0,0.013,0.002,0.004,0.0,0.091,0.01,0.004,0.0,0.041,0.014,0.002,0.019,0.001,0.0,0.0,0.0,0.007,0.122,0.009,0.0,0.025,0.024,0.007,0.002,0.001,0.0,0.003,0.044,0.0,0.191,0.011,0.0,0.018,0.0,0.027,0.1,0.095,0.0,0.011,0.004,0.001,0.006,0.0,0.025,0.258,0.099,0.652,0.078,0.006,0.064,2.518,0.262,0.151,0.093,0.202,1.706,0.653,0.001,0.187,3.548,1.161,1.315,0.47,0.157,0.734,0.002,0.511,0.11,0.088,1.502,0.087,0.304,0.029,0.249,0.071,0.045,2.047,0.006,0.054,0.0,0.0,0.009,0.022,12.201,6.124,0.236,0.043,0.038,0.118,0.001,0.241,0.545,0.088,0.0,0.001,0.017,0.049,0.049,0.0,0.071,0.105,0.057,0.027,0.072,0.022,0.065,0.009,0.002,0.179,0.039,0.049,0.097,0.009,0.006,0.009,0.057,0.034,0.008,0.06,1.539,0.043,0.041
Bima,52,Nusa Tenggara Barat,Bali & Nusa Tenggara,Kabupaten,0.035,0.014,0.116,0.001,0.024,0.019,0.019,0.004,0.023,0.024,0.085,0.062,0.05,0.012,0.0,0.014,0.068,0.0,0.0,0.0,0.006,0.001,0.002,0.0,0.05,0.001,0.011,0.0,0.025,0.011,0.005,0.008,0.002,0.0,0.0,0.0,0.028,0.216,0.008,0.0,0.03,0.013,0.004,0.001,0.0,0.0,0.007,0.028,0.0,0.026,0.011,0.0,0.021,0.011,0.061,0.167,0.099,0.0,0.021,0.004,0.002,0.002,0.043,0.016,0.456,0.049,0.512,0.085,0.001,0.063,3.94,0.237,0.249,0.081,0.136,1.891,0.883,0.001,0.172,2.583,0.379,1.081,0.319,0.169,0.303,0.0,0.454,0.06,0.113,2.146,0.137,0.354,0.022,0.126,0.012,0.055,1.872,0.004,0.144,0.006,0.001,0.014,0.529,7.4,7.661,0.586,0.041,0.046,0.09,0.004,0.108,0.314,0.055,0.001,0.0,0.006,0.023,0.027,0.0,0.038,0.081,0.039,0.016,0.057,0.005,0.028,0.006,0.0,0.175,0.015,0.03,0.062,0.01,0.002,0.008,0.119,0.056,0.081,0.041,1.356,0.021,0.017
Sumbawa Barat,52,Nusa Tenggara Barat,Bali & Nusa Tenggara,Kabupaten,0.025,0.03,0.1,0.007,0.09,0.006,0.058,0.009,0.056,0.024,0.07,0.084,0.073,0.018,0.0,0.024,0.119,0.0,0.005,0.0,0.023,0.005,0.007,0.001,0.005,0.0,0.021,0.001,0.045,0.062,0.002,0.028,0.007,0.0,0.001,0.001,0.012,0.054,0.043,0.002,0.048,0.004,0.008,0.005,0.001,0.0,0.097,0.074,0.001,0.029,0.008,0.0,0.012,0.0,0.084,0.048,0.059,0.0,0.01,0.005,0.0,0.002,0.0,0.038,0.627,0.344,0.934,0.368,0.02,0.067,0.928,0.372,0.344,0.282,0.392,1.494,0.752,0.091,0.372,2.654,1.702,1.042,0.366,0.173,0.983,0.001,1.271,0.074,0.415,1.926,0.431,0.257,0.095,0.394,0.042,0.085,2.021,0.005,0.12,0.008,0.001,0.039,0.034,14.812,1.049,0.217,0.056,0.018,0.157,0.01,0.271,0.627,0.051,0.003,0.002,0.022,0.045,0.025,0.0,0.057,0.071,0.038,0.014,0.049,0.009,0.009,0.013,0.003,0.121,0.021,0.092,0.105,0.009,0.008,0.01,0.194,0.038,0.042,0.06,1.959,0.006,0.141
Lombok Utara,52,Nusa Tenggara Barat,Bali & Nusa Tenggara,Kabupaten,0.049,0.023,0.114,0.011,0.206,0.008,0.044,0.006,0.063,0.021,0.093,0.139,0.034,0.019,0.004,0.069,0.116,0.003,0.003,0.0,0.032,0.002,0.019,0.004,0.0,0.0,0.004,0.0,0.033,0.027,0.0,0.036,0.001,0.0,0.002,0.001,0.099,0.099,0.006,0.0,0.018,0.004,0.0,0.0,0.0,0.0,0.007,0.055,0.001,0.017,0.029,0.007,0.003,0.011,0.045,0.103,0.154,0.0,0.053,0.014,0.002,0.008,0.001,0.021,0.303,0.039,0.184,0.256,0.003,0.048,1.397,0.379,1.247,0.273,0.101,1.834,0.529,0.05,0.294,3.086,1.631,0.992,0.296,0.161,1.012,0.029,0.946,0.07,0.345,1.812,0.416,0.137,0.261,0.286,0.016,0.125,2.032,0.018,0.083,0.007,0.001,0.015,0.376,5.385,0.383,0.329,0.307,0.018,0.152,0.003,0.382,0.637,0.074,0.004,0.005,0.014,0.07,0.058,0.001,0.05,0.086,0.039,0.025,0.078,0.009,0.063,0.012,0.005,0.131,0.047,0.065,0.108,0.01,0.005,0.004,0.072,0.042,0.016,0.058,1.934,0.003,0.288
Kota Mataram,52,Nusa Tenggara Barat,Bali & Nusa Tenggara,Kota,0.046,0.041,0.093,0.02,0.065,0.008,0.081,0.008,0.13,0.02,0.123,0.053,0.076,0.108,0.004,0.021,0.177,0.003,0.011,0.0,0.023,0.002,0.021,0.004,0.001,0.0,0.001,0.0,0.004,0.022,0.016,0.007,0.002,0.001,0.001,0.004,0.016,0.027,0.004,0.006,0.032,0.005,0.001,0.011,0.002,0.0,0.015,0.089,0.0,0.009,0.01,0.007,0.007,0.009,0.007,0.083,0.108,0.0,0.234,0.002,0.001,0.001,0.008,0.026,0.631,0.233,0.59,0.639,0.04,0.094,1.401,0.416,1.839,0.267,0.464,2.653,0.587,0.058,0.43,3.68,1.343,1.665,0.442,0.135,0.995,0.005,1.739,0.186,0.46,1.535,0.435,0.233,0.159,0.509,0.082,0.231,1.555,0.002,0.075,0.002,0.001,0.019,0.146,12.924,0.881,0.24,0.058,0.037,0.227,0.028,0.386,0.576,0.046,0.006,0.008,0.057,0.042,0.016,0.001,0.025,0.071,0.028,0.021,0.061,0.007,0.009,0.043,0.024,0.05,0.025,0.055,0.084,0.018,0.016,0.005,0.312,0.041,0.009,0.061,2.304,0.023,0.275
Kota Bima,52,Nusa Tenggara Barat,Bali & Nusa Tenggara,Kota,0.04,0.029,0.136,0.008,0.031,0.007,0.032,0.002,0.037,0.005,0.121,0.059,0.077,0.008,0.0,0.012,0.089,0.0,0.002,0.0,0.012,0.0,0.006,0.0,0.065,0.004,0.002,0.0,0.005,0.018,0.003,0.015,0.0,0.0,0.001,0.001,0.054,0.133,0.02,0.0,0.01,0.001,0.0,0.002,0.0,0.0,0.002,0.056,0.0,0.008,0.003,0.0,0.016,0.019,0.039,0.066,0.074,0.0,0.07,0.016,0.0,0.001,0.0,0.022,0.818,0.242,0.487,0.149,0.019,0.114,4.687,0.342,0.577,0.176,0.229,1.934,0.661,0.009,0.351,3.426,0.389,0.56,0.676,0.131,0.647,0.001,1.27,0.295,0.141,2.185,0.384,0.148,0.093,0.212,0.042,0.075,1.738,0.006,0.094,0.001,0.004,0.008,0.002,14.55,2.534,0.716,0.005,0.246,0.219,0.022,0.154,0.328,0.077,0.002,0.0,0.007,0.016,0.016,0.0,0.03,0.051,0.03,0.022,0.061,0.002,0.008,0.012,0.002,0.112,0.023,0.024,0.07,0.018,0.005,0.006,0.17,0.038,0.007,0.043,1.798,0.021,0.028
Sumba Barat,53,Nusa Tenggara Timur,Bali & Nusa Tenggara,Kabupaten,0.037,0.004,0.036,0.0,0.004,0.002,0.004,0.001,0.045,0.059,0.062,0.031,0.001,0.001,0.004,0.044,0.031,0.052,0.001,0.0,0.005,0.019,0.0,0.0,0.001,0.0,0.0,0.0,0.02,0.005,0.005,0.007,0.0,0.0,0.0,0.007,0.019,0.155,0.015,0.0,0.004,0.0,0.001,0.003,0.0,0.0,0.0,0.0,0.0,0.001,0.0,0.0,0.002,0.0,0.014,0.133,0.05,0.0,0.0,0.001,0.0,0.0,0.0,0.002,0.06,0.005,0.182,0.115,0.0,0.01,0.016,0.083,0.042,0.004,0.048,0.127,0.182,0.003,0.038,0.94,0.002,0.473,0.046,0.027,1.008,0.017,0.13,0.01,0.245,0.997,0.099,0.239,0.004,0.166,0.001,0.013,2.085,0.0,0.182,0.073,0.0,0.004,0.203,5.631,3.332,0.116,0.021,0.0,0.002,0.003,0.302,0.363,0.07,0.018,0.005,0.001,0.063,0.169,0.0,0.02,0.076,0.002,0.078,0.002,0.001,0.051,0.083,0.012,0.122,0.008,0.042,0.027,0.008,0.01,0.01,0.001,0.005,0.001,0.086,0.732,0.0,0.0
Sumba Timur,53,Nusa Tenggara Timur,Bali & Nusa Tenggara,Kabupaten,0.028,0.005,0.018,0.0,0.0,0.014,0.004,0.006,0.058,0.031,0.105,0.019,0.003,0.006,0.002,0.078,0.064,0.012,0.0,0.0,0.01,0.004,0.0,0.0,0.0,0.0,0.019,0.0,0.003,0.018,0.001,0.018,0.002,0.0,0.0,0.003,0.012,0.184,0.009,0.0,0.017,0.002,0.002,0.002,0.0,0.0,0.013,0.005,0.0,0.0,0.0,0.0,0.006,0.001,0.003,0.097,0.042,0.0,0.009,0.0,0.0,0.001,0.0,0.001,0.239,0.03,0.056,0.149,0.005,0.037,0.041,0.068,0.255,0.021,0.083,0.354,0.143,0.002,0.122,1.606,0.183,0.209,0.108,0.044,1.018,0.027,0.584,0.047,0.328,1.506,0.086,0.201,0.012,0.235,0.007,0.024,2.295,0.001,0.131,0.227,0.0,0.011,0.315,7.205,6.453,0.702,0.052,0.0,0.011,0.001,0.228,0.354,0.086,0.014,0.0,0.003,0.021,0.205,0.0,0.026,0.104,0.003,0.064,0.015,0.005,0.08,0.047,0.008,0.118,0.005,0.106,0.025,0.004,0.004,0.008,0.01,0.011,0.0,0.207,0.772,0.01,0.0
Kupang,53,Nusa Tenggara Timur,Bali & Nusa Tenggara,Kabupaten,0.015,0.004,0.014,0.0,0.0,0.003,0.003,0.002,0.042,0.03,0.13,0.006,0.001,0.076,0.003,0.043,0.024,0.054,0.002,0.004,0.013,0.001,0.0,0.0,0.0,0.0,0.009,0.0,0.008,0.007,0.0,0.014,0.003,0.0,0.001,0.001,0.013,0.073,0.005,0.0,0.062,0.0,0.003,0.003,0.0,0.0,0.003,0.002,0.0,0.0,0.0,0.0,0.0,0.0,0.007,0.049,0.072,0.0,0.002,0.001,0.001,0.001,0.001,0.004,0.136,0.027,0.158,0.043,0.002,0.028,0.006,0.02,0.056,0.009,0.077,0.374,0.221,0.0,0.08,1.842,0.105,0.37,0.09,0.031,0.864,0.025,0.467,0.023,0.162,1.035,0.175,0.095,0.001,0.124,0.002,0.014,1.948,0.007,0.169,0.081,0.0,0.02,0.298,2.497,3.441,0.127,0.046,0.0,0.012,0.0,0.273,0.374,0.054,0.008,0.001,0.014,0.03,0.204,0.0,0.031,0.116,0.004,0.159,0.013,0.003,0.16,0.036,0.031,0.151,0.007,0.065,0.028,0.006,0.01,0.005,0.002,0.011,0.012,0.23,0.58,0.0,0.025
Timor Tengah Selatan,53,Nusa Tenggara Timur,Bali & Nusa Tenggara,Kabupaten,0.073,0.001,0.037,0.0,0.0,0.033,0.002,0.033,0.038,0.008,0.266,0.0,0.0,0.011,0.001,0.061,0.051,0.023,0.001,0.001,0.009,0.003,0.0,0.0,0.0,0.0,0.0,0.0,0.012,0.0,0.0,0.003,0.002,0.0,0.0,0.003,0.0,0.081,0.0,0.0,0.024,0.0,0.001,0.0,0.0,0.0,0.001,0.001,0.0,0.0,0.001,0.0,0.0,0.0,0.0,0.117,0.023,0.0,0.0,0.0,0.0,0.0,0.0,0.001,0.073,0.005,0.149,0.066,0.0,0.036,0.019,0.024,0.009,0.001,0.013,0.444,0.223,0.0,0.028,2.087,0.046,0.385,0.131,0.018,1.152,0.045,0.605,0.03,0.53,1.08,0.017,0.296,0.0,0.055,0.006,0.009,1.911,0.0,0.059,0.218,0.0,0.052,0.768,0.982,3.077,0.195,0.077,0.0,0.013,0.003,0.248,0.321,0.073,0.013,0.002,0.003,0.025,0.271,0.0,0.006,0.102,0.006,0.063,0.005,0.016,0.138,0.048,0.042,0.226,0.002,0.041,0.05,0.011,0.006,0.004,0.003,0.012,0.0,0.205,0.597,0.0,0.012
Timor Tengah Utara,53,Nusa Tenggara Timur,Bali & Nusa Tenggara,Kabupaten,0.052,0.006,0.035,0.0,0.002,0.018,0.006,0.033,0.049,0.035,0.112,0.006,0.0,0.037,0.0,0.042,0.052,0.032,0.0,0.003,0.026,0.004,0.001,0.0,0.002,0.0,0.0,0.0,0.026,0.003,0.0,0.018,0.001,0.0,0.0,0.002,0.019,0.049,0.0,0.005,0.066,0.001,0.001,0.001,0.0,0.0,0.003,0.002,0.0,0.016,0.002,0.0,0.001,0.001,0.002,0.058,0.059,0.0,0.003,0.005,0.004,0.0,0.0,0.009,0.131,0.024,0.11,0.041,0.003,0.04,0.046,0.039,0.031,0.016,0.026,0.553,0.334,0.0,0.149,2.103,0.057,1.039,0.121,0.039,0.671,0.03,0.488,0.063,0.023,1.302,0.294,0.265,0.007,0.047,0.046,0.015,2.067,0.0,0.128,0.055,0.0,0.017,0.7,2.383,3.758,0.262,0.069,0.0,0.012,0.008,0.35,0.353,0.126,0.018,0.001,0.003,0.036,0.282,0.0,0.022,0.147,0.01,0.157,0.052,0.007,0.133,0.062,0.048,0.147,0.01,0.094,0.14,0.014,0.017,0.009,0.005,0.014,0.002,0.123,0.874,0.0,0.0
Belu,53,Nusa Tenggara Timur,Bali & Nusa Tenggara,Kabupaten,0.024,0.005,0.007,0.0,0.0,0.01,0.004,0.015,0.041,0.014,0.119,0.003,0.0,0.008,0.004,0.025,0.045,0.04,0.002,0.0,0.016,0.001,0.0,0.0,0.002,0.0,0.0,0.0,0.058,0.006,0.0,0.05,0.002,0.0,0.0,0.001,0.007,0.027,0.003,0.016,0.03,0.0,0.0,0.001,0.001,0.0,0.01,0.002,0.0,0.004,0.001,0.0,0.002,0.009,0.001,0.043,0.073,0.0,0.009,0.005,0.0,0.0,0.0,0.001,0.19,0.031,0.048,0.045,0.002,0.021,0.102,0.071,0.118,0.01,0.023,0.919,0.13,0.003,0.094,2.058,0.421,0.586,0.18,0.029,0.488,0.032,0.188,0.015,0.019,1.993,0.796,0.129,0.004,0.015,0.311,0.011,2.011,0.002,0.129,0.1,0.0,0.017,0.284,2.981,2.495,0.724,0.047,0.002,0.023,0.004,0.266,0.276,0.057,0.016,0.003,0.016,0.039,0.135,0.0,0.049,0.127,0.007,0.112,0.034,0.007,0.1,0.099,0.021,0.053,0.009,0.076,0.093,0.012,0.026,0.005,0.01,0.03,0.017,0.145,0.789,0.0,0.0
Alor,53,Nusa Tenggara Timur,Bali & Nusa Tenggara,Kabupaten,0.017,0.003,0.045,0.0,0.0,0.016,0.005,0.003,0.026,0.072,0.216,0.016,0.0,0.008,0.0,0.019,0.011,0.01,0.001,0.0,0.001,0.003,0.001,0.0,0.0,0.0,0.006,0.0,0.013,0.013,0.0,0.023,0.0,0.0,0.0,0.003,0.105,0.191,0.031,0.013,0.04,0.002,0.002,0.002,0.0,0.0,0.0,0.0,0.0,0.089,0.009,0.002,0.001,0.005,0.023,0.033,0.088,0.0,0.002,0.002,0.0,0.0,0.0,0.001,0.136,0.031,0.023,0.12,0.0,0.049,0.011,0.046,0.526,0.013,0.268,0.58,0.313,0.002,0.139,1.261,0.194,0.745,0.028,0.022,0.793,0.016,0.132,0.009,0.356,1.794,0.052,0.079,0.0,0.252,0.011,0.009,1.507,0.001,0.224,0.152,0.007,0.047,1.719,2.134,5.016,0.057,0.11,0.002,0.02,0.0,0.236,0.306,0.122,0.007,0.0,0.003,0.018,0.22,0.002,0.019,0.085,0.002,0.103,0.007,0.019,0.118,0.01,0.009,0.336,0.004,0.056,0.02,0.004,0.007,0.013,0.016,0.01,0.002,0.072,0.517,0.0,0.003
Lembata,53,Nusa Tenggara Timur,Bali & Nusa Tenggara,Kabupaten,0.067,0.003,0.057,0.001,0.001,0.002,0.002,0.004,0.013,0.016,0.286,0.027,0.003,0.03,0.001,0.009,0.015,0.005,0.0,0.002,0.002,0.006,0.0,0.0,0.0,0.0,0.039,0.001,0.038,0.016,0.004,0.012,0.0,0.0,0.0,0.0,0.125,0.041,0.027,0.002,0.049,0.002,0.003,0.001,0.0,0.0,0.0,0.0,0.001,0.253,0.042,0.001,0.002,0.0,0.013,0.02,0.118,0.0,0.012,0.004,0.0,0.0,0.0,0.001,0.191,0.057,0.013,0.013,0.0,0.006,0.009,0.052,0.462,0.013,0.034,1.384,0.323,0.009,0.013,0.846,0.038,0.666,0.058,0.006,0.579,0.034,0.389,0.006,0.025,1.655,0.033,0.061,0.001,0.041,0.0,0.002,1.608,0.0,0.111,0.144,0.0,0.034,0.137,8.422,1.946,1.258,0.011,0.0,0.017,0.0,0.178,0.284,0.035,0.001,0.0,0.001,0.004,0.193,0.0,0.008,0.073,0.002,0.07,0.022,0.0,0.073,0.037,0.005,0.226,0.0,0.074,0.006,0.004,0.012,0.003,0.023,0.021,0.002,0.113,0.736,0.0,0.01
Flores Timur,53,Nusa Tenggara Timur,Bali & Nusa Tenggara,Kabupaten,0.034,0.002,0.044,0.0,0.006,0.003,0.002,0.002,0.041,0.021,0.156,0.051,0.01,0.038,0.001,0.006,0.017,0.005,0.0,0.001,0.0,0.002,0.0,0.0,0.0,0.0,0.031,0.0,0.104,0.017,0.004,0.026,0.0,0.0,0.0,0.001,0.08,0.048,0.015,0.013,0.113,0.002,0.0,0.001,0.0,0.0,0.001,0.0,0.0,0.162,0.036,0.0,0.008,0.005,0.022,0.067,0.1,0.0,0.084,0.004,0.0,0.0,0.0,0.0,0.048,0.068,0.022,0.012,0.0,0.017,0.028,0.024,0.024,0.006,0.071,0.818,0.157,0.002,0.059,1.296,0.032,0.445,0.082,0.009,0.366,0.006,0.076,0.015,0.083,1.439,0.241,0.192,0.006,0.051,0.015,0.005,2.365,0.004,0.155,0.136,0.005,0.039,0.004,10.132,0.87,1.724,0.015,0.001,0.012,0.0,0.289,0.427,0.043,0.001,0.001,0.004,0.008,0.235,0.0,0.021,0.078,0.007,0.082,0.024,0.002,0.071,0.037,0.013,0.135,0.005,0.063,0.032,0.008,0.012,0.005,0.002,0.027,0.026,0.052,0.883,0.0,0.028
Sikka,53,Nusa Tenggara Timur,Bali & Nusa Tenggara,Kabupaten,0.052,0.002,0.046,0.001,0.054,0.003,0.003,0.013,0.041,0.027,0.199,0.029,0.012,0.004,0.001,0.03,0.02,0.011,0.0,0.001,0.004,0.0,0.0,0.0,0.0,0.0,0.001,0.0,0.006,0.016,0.002,0.014,0.0,0.0,0.0,0.0,0.032,0.022,0.008,0.012,0.13,0.0,0.0,0.001,0.0,0.0,0.0,0.0,0.0,0.092,0.003,0.0,0.0,0.0,0.01,0.063,0.128,0.0,0.005,0.012,0.003,0.0,0.0,0.0,0.234,0.153,0.086,0.092,0.002,0.053,0.267,0.049,0.573,0.029,0.316,0.795,0.211,0.002,0.226,1.465,0.375,0.199,0.175,0.046,0.948,0.026,0.543,0.02,0.349,2.636,0.074,0.354,0.004,0.295,0.004,0.025,1.862,0.0,0.069,0.077,0.01,0.012,0.074,10.32,0.119,0.206,0.05,0.0,0.013,0.002,0.235,0.311,0.048,0.008,0.0,0.005,0.01,0.217,0.002,0.013,0.047,0.004,0.092,0.004,0.001,0.037,0.069,0.045,0.112,0.001,0.041,0.022,0.007,0.057,0.007,0.017,0.023,0.013,0.082,0.597,0.0,0.018
Ende,53,Nusa Tenggara Timur,Bali & Nusa Tenggara,Kabupaten,0.021,0.003,0.023,0.005,0.024,0.001,0.006,0.012,0.091,0.012,0.178,0.006,0.006,0.039,0.0,0.011,0.023,0.018,0.0,0.0,0.003,0.003,0.0,0.001,0.001,0.0,0.002,0.003,0.054,0.011,0.0,0.07,0.0,0.0,0.0,0.001,0.025,0.068,0.004,0.004,0.066,0.0,0.0,0.004,0.0,0.0,0.001,0.0,0.0,0.043,0.008,0.0,0.005,0.004,0.007,0.152,0.114,0.0,0.006,0.009,0.001,0.0,0.0,0.002,0.109,0.061,0.114,0.008,0.004,0.03,0.022,0.037,0.164,0.054,0.033,1.464,0.363,0.001,0.042,0.937,0.063,0.518,0.122,0.011,0.635,0.023,0.336,0.013,0.045,1.75,0.151,0.134,0.009,0.023,0.003,0.014,2.14,0.0,0.182,0.023,0.001,0.014,0.298,8.615,0.755,1.296,0.031,0.002,0.011,0.002,0.287,0.484,0.063,0.014,0.0,0.006,0.025,0.156,0.0,0.033,0.073,0.011,0.178,0.019,0.01,0.026,0.078,0.062,0.056,0.002,0.049,0.033,0.014,0.008,0.013,0.011,0.037,0.006,0.082,0.812,0.0,0.01
Ngada,53,Nusa Tenggara Timur,Bali & Nusa Tenggara,Kabupaten,0.145,0.007,0.011,0.001,0.034,0.012,0.005,0.057,0.055,0.017,0.079,0.017,0.005,0.013,0.03,0.065,0.035,0.026,0.0,0.001,0.003,0.004,0.0,0.0,0.002,0.024,0.01,0.001,0.072,0.003,0.0,0.056,0.0,0.0,0.0,0.002,0.012,0.084,0.003,0.007,0.039,0.008,0.001,0.008,0.0,0.0,0.0,0.003,0.002,0.008,0.001,0.0,0.004,0.002,0.009,0.171,0.064,0.0,0.008,0.005,0.0,0.005,0.003,0.001,0.104,0.001,0.053,0.117,0.006,0.056,0.015,0.067,0.023,0.009,0.179,1.201,0.311,0.001,0.03,1.031,0.03,0.297,0.198,0.069,0.648,0.072,0.096,0.057,0.469,1.358,0.304,0.11,0.007,0.168,0.02,0.014,2.202,0.008,0.244,0.157,0.008,0.013,0.178,6.688,0.852,0.481,0.049,0.0,0.0,0.001,0.29,0.324,0.103,0.02,0.003,0.017,0.047,0.232,0.0,0.028,0.064,0.029,0.165,0.023,0.012,0.013,0.049,0.045,0.151,0.014,0.084,0.038,0.027,0.023,0.012,0.0,0.039,0.053,0.186,1.004,0.007,0.0
Manggarai,53,Nusa Tenggara Timur,Bali & Nusa Tenggara,Kabupaten,0.037,0.004,0.009,0.0,0.026,0.013,0.003,0.026,0.025,0.016,0.057,0.005,0.003,0.003,0.002,0.016,0.034,0.036,0.001,0.0,0.001,0.0,0.0,0.0,0.0,0.0,0.013,0.0,0.06,0.001,0.0,0.012,0.0,0.0,0.0,0.0,0.123,0.156,0.002,0.001,0.016,0.001,0.0,0.0,0.0,0.0,0.0,0.001,0.0,0.0,0.0,0.004,0.002,0.006,0.025,0.048,0.04,0.0,0.036,0.006,0.0,0.002,0.0,0.0,0.06,0.008,0.031,0.059,0.0,0.002,0.046,0.031,0.003,0.002,0.312,1.016,0.399,0.022,0.027,1.225,0.034,0.697,0.142,0.028,1.579,0.024,0.296,0.022,0.487,1.22,0.047,0.212,0.002,0.455,0.006,0.01,2.388,0.001,0.118,0.094,0.0,0.009,0.046,14.699,0.107,0.599,0.011,0.0,0.003,0.0,0.285,0.43,0.107,0.028,0.001,0.002,0.017,0.413,0.0,0.055,0.055,0.009,0.271,0.013,0.014,0.038,0.041,0.052,0.094,0.01,0.044,0.014,0.009,0.027,0.007,0.006,0.007,0.036,0.041,0.755,0.0,0.0
Rote Ndao,53,Nusa Tenggara Timur,Bali & Nusa Tenggara,Kabupaten,0.01,0.001,0.003,0.0,0.0,0.0,0.001,0.012,0.018,0.008,0.061,0.001,0.0,0.01,0.001,0.019,0.029,0.026,0.0,0.002,0.008,0.001,0.0,0.0,0.006,0.0,0.068,0.0,0.013,0.015,0.0,0.05,0.0,0.0,0.001,0.0,0.004,0.027,0.066,0.002,0.01,0.0,0.002,0.001,0.001,0.0,0.005,0.003,0.0,0.004,0.0,0.0,0.001,0.0,0.017,0.007,0.138,0.0,0.0,0.001,0.0,0.0,0.0,0.002,0.201,0.025,0.008,0.003,0.0,0.035,0.001,0.019,0.089,0.009,0.003,0.419,0.059,0.0,0.059,1.338,0.027,0.406,0.122,0.017,0.238,0.011,0.151,0.029,0.001,0.353,0.124,0.044,0.001,0.003,0.007,0.008,2.053,0.0,0.029,0.006,0.0,0.01,0.176,3.638,1.529,0.495,0.069,0.0,0.0,0.0,0.145,0.265,0.039,0.011,0.0,0.003,0.012,0.051,0.001,0.015,0.169,0.005,0.012,0.006,0.001,0.139,0.074,0.016,0.176,0.0,0.063,0.008,0.003,0.006,0.007,0.0,0.009,0.0,0.134,0.586,0.001,0.0
Manggarai Barat,53,Nusa Tenggara Timur,Bali & Nusa Tenggara,Kabupaten,0.027,0.005,0.027,0.0,0.063,0.006,0.002,0.008,0.023,0.025,0.076,0.005,0.006,0.013,0.002,0.014,0.032,0.033,0.0,0.0,0.001,0.001,0.0,0.0,0.0,0.001,0.01,0.001,0.059,0.001,0.0,0.024,0.0,0.0,0.0,0.0,0.066,0.058,0.008,0.001,0.017,0.0,0.0,0.002,0.0,0.0,0.0,0.001,0.0,0.103,0.019,0.001,0.002,0.003,0.014,0.053,0.021,0.0,0.005,0.011,0.0,0.005,0.0,0.003,0.303,0.053,0.16,0.075,0.0,0.004,0.091,0.056,0.083,0.018,0.25,0.865,0.387,0.002,0.216,1.011,0.01,0.324,0.103,0.021,1.214,0.005,0.177,0.023,0.342,0.897,0.102,0.233,0.0,0.331,0.02,0.018,2.313,0.004,0.115,0.051,0.002,0.041,0.005,17.608,0.375,0.092,0.007,0.0,0.005,0.003,0.232,0.36,0.074,0.006,0.001,0.005,0.009,0.309,0.0,0.021,0.059,0.017,0.125,0.007,0.007,0.097,0.025,0.024,0.108,0.009,0.044,0.025,0.011,0.014,0.01,0.001,0.01,0.014,0.051,0.948,0.0,0.0
Sumba Tengah,53,Nusa Tenggara Timur,Bali & Nusa Tenggara,Kabupaten,0.027,0.0,0.033,0.001,0.001,0.022,0.003,0.005,0.058,0.04,0.115,0.01,0.0,0.003,0.002,0.065,0.032,0.032,0.0,0.003,0.003,0.014,0.0,0.0,0.0,0.0,0.0,0.0,0.026,0.025,0.0,0.025,0.004,0.0,0.0,0.0,0.019,0.192,0.002,0.0,0.014,0.005,0.016,0.004,0.0,0.0,0.01,0.008,0.0,0.0,0.001,0.0,0.008,0.002,0.015,0.139,0.022,0.0,0.0,0.003,0.0,0.004,0.0,0.003,0.053,0.001,0.064,0.192,0.002,0.014,0.043,0.052,0.067,0.004,0.069,0.217,0.048,0.006,0.054,1.171,0.02,0.369,0.06,0.018,1.117,0.038,0.156,0.012,0.417,0.859,0.099,0.29,0.002,0.249,0.0,0.003,2.25,0.029,0.255,0.163,0.0,0.006,0.392,2.008,5.82,0.452,0.079,0.0,0.002,0.001,0.164,0.209,0.061,0.008,0.001,0.002,0.047,0.139,0.0,0.02,0.039,0.0,0.143,0.003,0.004,0.075,0.031,0.016,0.157,0.003,0.068,0.015,0.005,0.005,0.007,0.002,0.014,0.003,0.232,0.588,0.001,0.017
Sumba Barat Daya,53,Nusa Tenggara Timur,Bali & Nusa Tenggara,Kabupaten,0.075,0.001,0.048,0.0,0.008,0.006,0.006,0.007,0.038,0.038,0.107,0.083,0.001,0.004,0.009,0.038,0.039,0.055,0.0,0.002,0.006,0.027,0.0,0.0,0.001,0.0,0.002,0.0,0.032,0.011,0.002,0.002,0.0,0.0,0.0,0.001,0.06,0.057,0.008,0.001,0.003,0.0,0.003,0.0,0.0,0.0,0.001,0.0,0.0,0.001,0.001,0.0,0.0,0.006,0.003,0.286,0.047,0.0,0.029,0.005,0.008,0.001,0.0,0.002,0.078,0.005,0.065,0.013,0.0,0.004,0.037,0.025,0.025,0.025,0.004,0.072,0.211,0.0,0.052,0.808,0.078,0.509,0.092,0.023,1.044,0.016,0.71,0.015,0.008,1.133,0.035,0.839,0.005,0.003,0.0,0.007,1.896,0.0,0.075,0.373,0.0,0.008,0.623,4.262,4.866,0.005,0.022,0.0,0.002,0.0,0.249,0.316,0.071,0.004,0.003,0.004,0.028,0.216,0.0,0.03,0.06,0.002,0.116,0.004,0.0,0.031,0.033,0.012,0.155,0.005,0.059,0.015,0.001,0.002,0.007,0.0,0.011,0.0,0.088,0.712,0.0,0.017
Nagekeo,53,Nusa Tenggara Timur,Bali & Nusa Tenggara,Kabupaten,0.063,0.002,0.029,0.0,0.057,0.004,0.002,0.007,0.026,0.014,0.073,0.013,0.004,0.016,0.003,0.046,0.026,0.009,0.001,0.0,0.004,0.007,0.0,0.0,0.004,0.001,0.0,0.0,0.039,0.008,0.0,0.035,0.0,0.0,0.0,0.0,0.018,0.066,0.001,0.0,0.024,0.001,0.002,0.0,0.0,0.0,0.001,0.006,0.0,0.025,0.011,0.0,0.0,0.001,0.012,0.106,0.032,0.0,0.02,0.003,0.0,0.004,0.0,0.002,0.049,0.013,0.014,0.025,0.003,0.023,0.037,0.047,0.005,0.007,0.153,0.355,0.123,0.0,0.026,0.375,0.015,0.57,0.077,0.008,0.738,0.004,0.193,0.001,0.309,1.317,0.093,0.08,0.001,0.25,0.006,0.011,1.837,0.002,0.062,0.135,0.002,0.003,0.083,6.001,0.577,1.824,0.031,0.003,0.0,0.0,0.243,0.256,0.074,0.002,0.002,0.001,0.016,0.311,0.001,0.004,0.05,0.001,0.104,0.003,0.003,0.015,0.012,0.021,0.186,0.004,0.066,0.014,0.005,0.018,0.003,0.002,0.013,0.004,0.17,0.693,0.0,0.001
Manggarai Timur,53,Nusa Tenggara Timur,Bali & Nusa Tenggara,Kabupaten,0.071,0.001,0.019,0.0,0.01,0.009,0.002,0.059,0.033,0.006,0.032,0.018,0.004,0.004,0.001,0.025,0.021,0.017,0.0,0.001,0.006,0.006,0.0,0.0,0.0,0.0,0.005,0.0,0.114,0.0,0.0,0.012,0.001,0.0,0.001,0.0,0.127,0.128,0.0,0.001,0.004,0.007,0.0,0.0,0.0,0.0,0.0,0.001,0.0,0.0,0.0,0.0,0.002,0.001,0.013,0.056,0.02,0.0,0.02,0.0,0.0,0.007,0.0,0.002,0.045,0.001,0.022,0.001,0.0,0.004,0.003,0.017,0.114,0.0,0.137,0.693,0.268,0.001,0.055,0.44,0.293,0.455,0.074,0.018,1.741,0.011,0.045,0.005,0.193,0.845,0.044,0.115,0.0,0.177,0.0,0.006,2.654,0.002,0.18,0.068,0.0,0.01,0.185,12.055,0.594,0.759,0.135,0.0,0.003,0.0,0.218,0.351,0.066,0.013,0.0,0.002,0.011,0.323,0.0,0.023,0.036,0.007,0.181,0.007,0.022,0.047,0.016,0.011,0.064,0.001,0.025,0.005,0.002,0.008,0.006,0.001,0.016,0.006,0.097,0.527,0.0,0.0
Sabu Raijua,53,Nusa Tenggara Timur,Bali & Nusa Tenggara,Kabupaten,0.007,0.005,0.004,0.0,0.0,0.0,0.001,0.008,0.044,0.053,0.053,0.002,0.002,0.005,0.004,0.079,0.05,0.049,0.003,0.007,0.015,0.009,0.0,0.0,0.0,0.0,0.002,0.0,0.006,0.062,0.0,0.029,0.0,0.0,0.001,0.003,0.0,0.075,0.046,0.0,0.076,0.002,0.006,0.002,0.0,0.0,0.0,0.0,0.0,0.007,0.0,0.0,0.006,0.0,0.003,0.012,0.164,0.0,0.006,0.005,0.0,0.003,0.0,0.001,0.341,0.035,0.185,0.041,0.001,0.031,0.003,0.09,0.049,0.015,0.096,0.142,0.423,0.0,0.068,0.515,0.071,0.226,0.094,0.021,0.337,0.005,0.277,0.033,0.034,1.339,0.134,0.056,0.002,0.03,0.0,0.01,2.16,0.001,0.017,0.008,0.004,0.007,0.223,7.694,1.714,0.095,0.067,0.0,0.0,0.002,0.342,0.519,0.084,0.006,0.016,0.008,0.016,0.083,0.0,0.056,0.208,0.007,0.013,0.011,0.003,0.108,0.06,0.053,0.1,0.007,0.028,0.015,0.004,0.014,0.015,0.001,0.026,0.001,0.233,0.895,0.0,0.0
Malaka,53,Nusa Tenggara Timur,Bali & Nusa Tenggara,Kabupaten,0.027,0.006,0.026,0.0,0.0,0.026,0.036,0.083,0.078,0.031,0.14,0.0,0.0,0.07,0.0,0.062,0.045,0.023,0.001,0.0,0.017,0.0,0.001,0.0,0.014,0.0,0.0,0.0,0.02,0.0,0.0,0.03,0.0,0.0,0.0,0.008,0.121,0.109,0.003,0.004,0.023,0.001,0.008,0.001,0.0,0.0,0.0,0.001,0.0,0.003,0.0,0.0,0.0,0.0,0.009,0.099,0.05,0.0,0.001,0.001,0.0,0.002,0.002,0.01,0.312,0.025,0.077,0.137,0.001,0.045,0.032,0.082,0.101,0.011,0.053,0.994,0.319,0.004,0.139,2.28,0.52,0.968,0.199,0.03,0.893,0.018,0.274,0.062,0.067,2.064,0.809,0.189,0.013,0.032,0.088,0.024,2.167,0.001,0.023,0.089,0.001,0.01,0.492,3.196,1.969,0.316,0.042,0.001,0.003,0.0,0.233,0.273,0.104,0.01,0.007,0.011,0.04,0.186,0.0,0.034,0.137,0.008,0.049,0.013,0.016,0.138,0.061,0.064,0.052,0.009,0.101,0.076,0.011,0.013,0.008,0.031,0.03,0.007,0.149,0.937,0.002,0.0
Kota Kupang,53,Nusa Tenggara Timur,Bali & Nusa Tenggara,Kota,0.028,0.024,0.034,0.002,0.002,0.002,0.01,0.006,0.035,0.053,0.073,0.02,0.005,0.013,0.0,0.014,0.109,0.037,0.005,0.0,0.007,0.005,0.003,0.001,0.002,0.0,0.001,0.0,0.023,0.003,0.0,0.037,0.0,0.0,0.0,0.0,0.0,0.051,0.015,0.001,0.162,0.0,0.0,0.002,0.0,0.0,0.001,0.0,0.0,0.003,0.0,0.0,0.003,0.002,0.009,0.033,0.091,0.0,0.001,0.007,0.0,0.001,0.007,0.004,0.377,0.203,0.276,0.136,0.014,0.136,0.254,0.142,0.179,0.032,0.109,1.103,0.347,0.009,0.108,2.068,0.342,0.539,0.24,0.042,0.595,0.003,0.432,0.075,0.139,1.295,0.326,0.19,0.017,0.126,0.026,0.08,1.738,0.006,0.086,0.018,0.0,0.022,0.023,4.471,1.006,1.185,0.002,0.007,0.084,0.008,0.209,0.262,0.075,0.017,0.0,0.004,0.024,0.1,0.0,0.012,0.128,0.013,0.058,0.021,0.004,0.059,0.075,0.029,0.091,0.016,0.037,0.069,0.018,0.023,0.008,0.116,0.018,0.049,0.041,1.711,0.016,0.03
Sambas,61,Kalimantan Barat,Kalimantan,Kabupaten,0.0,0.005,0.048,0.543,0.016,0.017,0.039,0.003,0.05,0.012,0.12,0.017,0.013,0.081,0.0,0.007,0.093,0.003,0.007,0.0,0.003,0.002,0.007,0.0,0.039,0.002,0.0,0.005,0.013,0.007,0.0,0.02,0.02,0.003,0.0,0.017,0.056,0.151,0.004,0.026,0.033,0.001,0.002,0.011,0.001,0.0,0.002,0.025,0.005,0.007,0.004,0.037,0.004,0.002,0.004,0.137,0.073,0.0,0.01,0.001,0.009,0.011,0.008,0.026,0.203,0.022,0.034,0.234,0.149,0.034,0.338,0.182,0.828,0.025,0.127,2.47,0.41,0.076,0.132,2.203,0.319,0.439,0.295,0.072,1.672,0.004,1.738,0.128,0.246,0.474,0.109,0.07,0.038,0.175,0.039,0.1,1.519,0.012,0.017,0.002,0.0,0.055,0.015,17.454,1.02,0.702,0.005,0.004,0.015,0.021,0.266,0.315,0.017,0.002,0.003,0.01,0.014,0.037,0.003,0.028,0.035,0.015,0.016,0.094,0.008,0.007,0.035,0.017,0.065,0.029,0.011,0.005,0.01,0.007,0.011,0.046,0.047,0.012,0.033,1.947,0.058,0.036
Bengkayang,61,Kalimantan Barat,Kalimantan,Kabupaten,0.003,0.002,0.029,0.275,0.045,0.004,0.043,0.003,0.099,0.015,0.105,0.033,0.004,0.057,0.001,0.042,0.151,0.027,0.011,0.0,0.001,0.001,0.004,0.0,0.006,0.003,0.0,0.007,0.026,0.008,0.0,0.003,0.055,0.004,0.001,0.027,0.036,0.064,0.007,0.027,0.064,0.002,0.0,0.023,0.001,0.0,0.0,0.022,0.018,0.006,0.006,0.05,0.01,0.004,0.001,0.149,0.094,0.0,0.005,0.0,0.001,0.002,0.009,0.018,0.113,0.051,0.083,0.024,0.216,0.014,0.494,0.23,0.013,0.029,0.007,1.741,0.327,0.015,0.019,2.853,0.039,0.32,0.274,0.122,2.039,0.025,0.41,0.112,0.01,0.741,0.091,0.115,0.007,0.024,0.01,0.057,1.814,0.003,0.018,0.0,0.001,0.04,0.091,19.622,2.613,0.607,0.029,0.004,0.026,0.009,0.338,0.365,0.045,0.019,0.001,0.004,0.035,0.118,0.002,0.031,0.081,0.01,0.04,0.075,0.012,0.024,0.04,0.016,0.072,0.024,0.031,0.012,0.012,0.005,0.02,0.012,0.082,0.0,0.11,2.104,0.012,0.014
Landak,61,Kalimantan Barat,Kalimantan,Kabupaten,0.0,0.005,0.077,0.356,0.159,0.002,0.02,0.002,0.027,0.007,0.065,0.087,0.008,0.046,0.0,0.023,0.165,0.011,0.006,0.0,0.003,0.013,0.012,0.0,0.003,0.009,0.0,0.004,0.044,0.006,0.001,0.001,0.05,0.021,0.004,0.024,0.135,0.03,0.0,0.031,0.038,0.005,0.0,0.025,0.015,0.0,0.001,0.09,0.038,0.001,0.005,0.099,0.001,0.004,0.0,0.209,0.068,0.0,0.005,0.001,0.0,0.0,0.008,0.006,0.052,0.13,0.021,0.029,0.185,0.023,0.231,0.127,0.128,0.044,0.01,0.381,0.277,0.002,0.004,2.77,0.296,0.455,0.249,0.202,2.469,0.043,0.273,0.079,0.026,0.396,0.025,0.082,0.018,0.015,0.016,0.013,1.992,0.014,0.01,0.002,0.0,0.018,0.0,20.082,1.888,1.811,0.058,0.001,0.001,0.014,0.328,0.349,0.04,0.009,0.001,0.002,0.025,0.181,0.014,0.043,0.095,0.007,0.029,0.072,0.021,0.012,0.034,0.003,0.16,0.016,0.068,0.003,0.009,0.006,0.012,0.003,0.08,0.0,0.007,1.901,0.005,0.006
Mempawah,61,Kalimantan Barat,Kalimantan,Kabupaten,0.002,0.012,0.042,0.443,0.033,0.001,0.03,0.004,0.065,0.019,0.107,0.031,0.001,0.053,0.001,0.014,0.125,0.003,0.01,0.0,0.003,0.001,0.002,0.0,0.005,0.0,0.0,0.011,0.012,0.006,0.0,0.006,0.026,0.005,0.0,0.019,0.087,0.138,0.001,0.049,0.087,0.003,0.002,0.008,0.006,0.0,0.003,0.052,0.008,0.005,0.009,0.016,0.005,0.001,0.004,0.109,0.106,0.0,0.007,0.001,0.001,0.004,0.008,0.053,0.122,0.103,0.081,0.204,0.206,0.033,0.623,0.244,0.959,0.145,0.094,1.866,0.244,0.048,0.049,2.776,0.409,0.483,0.257,0.163,1.265,0.004,0.172,0.135,0.284,0.609,0.031,0.107,0.047,0.231,0.068,0.015,1.51,0.0,0.012,0.009,0.0,0.035,0.013,19.697,2.156,0.932,0.01,0.015,0.02,0.008,0.291,0.324,0.038,0.004,0.001,0.003,0.019,0.077,0.003,0.027,0.091,0.016,0.014,0.057,0.015,0.019,0.056,0.004,0.054,0.034,0.021,0.008,0.009,0.005,0.015,0.025,0.049,0.0,0.059,2.145,0.002,0.025
Sanggau,61,Kalimantan Barat,Kalimantan,Kabupaten,0.0,0.007,0.053,0.214,0.034,0.004,0.021,0.003,0.027,0.012,0.057,0.019,0.003,0.071,0.0,0.026,0.189,0.011,0.015,0.0,0.003,0.002,0.003,0.0,0.002,0.0,0.001,0.003,0.002,0.005,0.0,0.001,0.023,0.02,0.002,0.044,0.124,0.046,0.001,0.04,0.019,0.0,0.001,0.059,0.034,0.0,0.0,0.095,0.039,0.0,0.012,0.021,0.001,0.003,0.0,0.21,0.026,0.0,0.002,0.003,0.001,0.002,0.02,0.004,0.052,0.174,0.074,0.059,0.263,0.022,0.337,0.123,0.803,0.044,0.011,0.645,0.131,0.006,0.055,2.217,0.266,0.308,0.215,0.14,0.929,0.018,0.24,0.099,0.022,0.463,0.086,0.149,0.021,0.113,0.064,0.014,1.605,0.003,0.005,0.001,0.0,0.018,0.009,21.158,1.477,2.017,0.067,0.013,0.016,0.018,0.386,0.41,0.05,0.004,0.002,0.007,0.02,0.157,0.007,0.049,0.099,0.01,0.021,0.099,0.016,0.008,0.038,0.004,0.079,0.012,0.051,0.007,0.011,0.013,0.013,0.016,0.058,0.001,0.017,2.469,0.003,0.002
Ketapang,61,Kalimantan Barat,Kalimantan,Kabupaten,0.001,0.011,0.04,0.371,0.083,0.003,0.016,0.006,0.024,0.015,0.051,0.106,0.005,0.032,0.003,0.046,0.131,0.012,0.004,0.0,0.005,0.003,0.001,0.0,0.087,0.001,0.0,0.035,0.0,0.018,0.0,0.002,0.046,0.021,0.001,0.06,0.063,0.113,0.002,0.035,0.072,0.005,0.001,0.032,0.008,0.0,0.003,0.042,0.017,0.021,0.003,0.001,0.007,0.002,0.006,0.12,0.055,0.0,0.001,0.001,0.002,0.009,0.001,0.039,0.055,0.167,0.066,0.124,0.222,0.02,0.358,0.197,0.506,0.234,0.033,1.003,0.227,0.015,0.12,2.431,0.128,0.353,0.192,0.087,0.836,0.007,0.238,0.102,0.078,0.874,0.096,0.122,0.044,0.106,0.061,0.211,1.634,0.014,0.009,0.001,0.0,0.019,0.009,19.653,2.127,0.291,0.004,0.01,0.034,0.006,0.331,0.382,0.037,0.008,0.002,0.022,0.038,0.076,0.017,0.04,0.105,0.021,0.037,0.079,0.031,0.02,0.045,0.004,0.042,0.011,0.032,0.017,0.016,0.016,0.023,0.031,0.063,0.0,0.095,1.976,0.007,0.015
Sintang,61,Kalimantan Barat,Kalimantan,Kabupaten,0.003,0.005,0.071,0.235,0.054,0.002,0.04,0.013,0.029,0.021,0.083,0.031,0.008,0.046,0.0,0.039,0.178,0.013,0.017,0.0,0.007,0.011,0.012,0.0,0.005,0.001,0.0,0.009,0.013,0.004,0.002,0.0,0.035,0.024,0.0,0.046,0.071,0.052,0.0,0.03,0.016,0.0,0.0,0.062,0.019,0.0,0.001,0.093,0.031,0.0,0.002,0.015,0.0,0.004,0.0,0.144,0.018,0.0,0.009,0.005,0.003,0.0,0.004,0.007,0.125,0.327,0.068,0.079,0.07,0.026,0.352,0.159,0.615,0.062,0.014,0.861,0.13,0.014,0.057,2.366,0.09,0.207,0.182,0.057,1.488,0.008,0.253,0.05,0.18,0.386,0.087,0.08,0.042,0.203,0.236,0.037,1.899,0.007,0.015,0.0,0.0,0.021,0.006,21.702,0.657,1.117,0.022,0.012,0.008,0.016,0.456,0.502,0.055,0.007,0.005,0.01,0.034,0.104,0.017,0.069,0.078,0.01,0.034,0.098,0.034,0.011,0.025,0.006,0.105,0.012,0.053,0.008,0.014,0.012,0.016,0.044,0.06,0.009,0.05,1.735,0.004,0.08
Kapuas Hulu,61,Kalimantan Barat,Kalimantan,Kabupaten,0.0,0.004,0.062,0.184,0.009,0.007,0.013,0.0,0.014,0.007,0.092,0.036,0.004,0.088,0.003,0.018,0.192,0.005,0.009,0.0,0.015,0.003,0.006,0.0,0.0,0.003,0.0,0.029,0.0,0.006,0.006,0.002,0.049,0.022,0.002,0.049,0.174,0.185,0.0,0.006,0.007,0.0,0.0,0.034,0.002,0.0,0.0,0.052,0.065,0.0,0.0,0.012,0.0,0.003,0.0,0.089,0.029,0.0,0.003,0.001,0.007,0.005,0.007,0.001,0.01,0.202,0.132,0.02,0.18,0.042,0.773,0.083,0.851,0.025,0.013,1.398,0.315,0.036,0.05,3.339,0.48,0.111,0.237,0.074,0.957,0.008,0.033,0.115,0.028,1.003,0.453,0.099,0.031,0.055,0.094,0.018,1.6,0.016,0.033,0.001,0.0,0.038,0.003,23.119,4.785,0.344,0.012,0.019,0.033,0.006,0.314,0.351,0.045,0.003,0.001,0.005,0.026,0.097,0.002,0.057,0.066,0.013,0.038,0.12,0.013,0.009,0.023,0.004,0.083,0.01,0.032,0.003,0.012,0.007,0.011,0.002,0.085,0.03,0.033,2.1,0.0,0.043
Sekadau,61,Kalimantan Barat,Kalimantan,Kabupaten,0.001,0.024,0.15,0.275,0.141,0.009,0.061,0.016,0.044,0.016,0.103,0.074,0.009,0.111,0.001,0.043,0.221,0.015,0.025,0.0,0.009,0.01,0.009,0.0,0.016,0.001,0.001,0.03,0.002,0.004,0.001,0.001,0.037,0.02,0.0,0.056,0.137,0.035,0.0,0.076,0.04,0.0,0.001,0.075,0.025,0.0,0.001,0.114,0.048,0.002,0.004,0.029,0.0,0.005,0.006,0.253,0.04,0.0,0.012,0.014,0.008,0.001,0.032,0.007,0.065,0.251,0.081,0.086,0.199,0.033,0.229,0.206,0.042,0.063,0.046,0.949,0.328,0.015,0.0,2.803,0.037,0.427,0.215,0.08,2.255,0.094,0.323,0.085,0.132,0.63,0.163,0.115,0.055,0.087,0.19,0.02,1.754,0.024,0.004,0.0,0.0,0.04,0.003,19.235,2.228,1.246,0.016,0.003,0.004,0.018,0.36,0.376,0.051,0.002,0.003,0.005,0.032,0.135,0.015,0.057,0.084,0.015,0.035,0.178,0.027,0.013,0.059,0.006,0.071,0.019,0.075,0.009,0.013,0.014,0.006,0.043,0.085,0.0,0.093,1.956,0.008,0.01
Melawi,61,Kalimantan Barat,Kalimantan,Kabupaten,0.0,0.011,0.106,0.32,0.087,0.005,0.017,0.003,0.019,0.021,0.049,0.085,0.006,0.043,0.0,0.018,0.192,0.005,0.009,0.0,0.019,0.009,0.006,0.001,0.001,0.001,0.0,0.01,0.017,0.001,0.0,0.0,0.018,0.011,0.001,0.094,0.088,0.036,0.0,0.011,0.013,0.0,0.0,0.03,0.022,0.0,0.0,0.073,0.054,0.0,0.001,0.016,0.0,0.002,0.0,0.121,0.009,0.0,0.004,0.004,0.0,0.0,0.005,0.003,0.034,0.171,0.036,0.106,0.129,0.005,0.292,0.193,0.173,0.021,0.025,0.415,0.165,0.019,0.152,2.5,0.135,0.23,0.085,0.04,1.396,0.006,0.448,0.06,0.098,0.218,0.081,0.077,0.037,0.049,0.188,0.015,1.663,0.003,0.011,0.0,0.001,0.019,0.059,24.977,0.945,1.465,0.051,0.005,0.022,0.006,0.323,0.356,0.038,0.007,0.001,0.001,0.043,0.12,0.009,0.069,0.056,0.011,0.033,0.117,0.016,0.01,0.022,0.002,0.073,0.011,0.083,0.006,0.012,0.01,0.017,0.027,0.051,0.0,0.043,1.959,0.003,0.055
Kayong Utara,61,Kalimantan Barat,Kalimantan,Kabupaten,0.001,0.012,0.034,0.439,0.01,0.005,0.025,0.002,0.018,0.03,0.086,0.014,0.006,0.035,0.0,0.029,0.13,0.0,0.002,0.001,0.005,0.001,0.003,0.0,0.014,0.0,0.0,0.009,0.0,0.014,0.0,0.008,0.015,0.001,0.001,0.016,0.173,0.197,0.011,0.017,0.104,0.007,0.007,0.008,0.0,0.0,0.0,0.016,0.003,0.017,0.011,0.0,0.019,0.003,0.005,0.082,0.061,0.0,0.015,0.003,0.003,0.004,0.006,0.084,0.035,0.034,0.037,0.132,0.314,0.018,0.455,0.201,0.664,0.283,0.013,2.326,0.269,0.013,0.039,2.398,0.21,0.425,0.176,0.021,1.115,0.0,0.859,0.105,0.005,0.638,0.13,0.056,0.033,0.058,0.031,0.13,1.647,0.005,0.006,0.0,0.0,0.049,0.089,23.447,3.077,0.014,0.024,0.005,0.024,0.003,0.305,0.34,0.039,0.002,0.0,0.004,0.036,0.112,0.002,0.033,0.107,0.018,0.022,0.065,0.016,0.008,0.05,0.005,0.073,0.008,0.023,0.002,0.008,0.013,0.022,0.062,0.081,0.005,0.05,1.944,0.005,0.005
Kubu Raya,61,Kalimantan Barat,Kalimantan,Kabupaten,0.001,0.004,0.025,0.492,0.023,0.009,0.013,0.003,0.036,0.026,0.097,0.039,0.004,0.045,0.001,0.022,0.166,0.005,0.015,0.0,0.004,0.0,0.005,0.0,0.013,0.005,0.0,0.001,0.004,0.005,0.008,0.008,0.017,0.004,0.0,0.039,0.147,0.082,0.002,0.04,0.084,0.001,0.002,0.008,0.001,0.0,0.0,0.036,0.002,0.002,0.013,0.03,0.003,0.0,0.001,0.093,0.103,0.0,0.003,0.002,0.001,0.004,0.023,0.044,0.132,0.091,0.088,0.123,0.14,0.034,0.455,0.193,0.75,0.13,0.021,1.127,0.185,0.054,0.045,2.541,0.197,0.403,0.258,0.098,0.925,0.0,0.393,0.152,0.082,0.479,0.081,0.076,0.034,0.078,0.052,0.033,1.478,0.005,0.012,0.016,0.001,0.055,0.015,18.515,0.597,1.602,0.011,0.013,0.008,0.018,0.354,0.387,0.04,0.003,0.005,0.01,0.023,0.073,0.002,0.033,0.082,0.014,0.012,0.05,0.011,0.008,0.042,0.008,0.03,0.018,0.023,0.006,0.012,0.008,0.015,0.042,0.056,0.048,0.043,2.305,0.01,0.061
Kota Pontianak,61,Kalimantan Barat,Kalimantan,Kota,0.007,0.021,0.04,0.523,0.011,0.009,0.043,0.008,0.089,0.02,0.072,0.031,0.006,0.091,0.003,0.004,0.256,0.003,0.035,0.0,0.016,0.002,0.007,0.001,0.01,0.003,0.0,0.02,0.001,0.014,0.001,0.002,0.003,0.008,0.0,0.022,0.08,0.059,0.006,0.038,0.098,0.0,0.002,0.015,0.002,0.0,0.0,0.059,0.01,0.001,0.005,0.022,0.021,0.0,0.001,0.077,0.104,0.0,0.001,0.002,0.002,0.0,0.015,0.08,0.448,0.213,0.089,0.414,0.39,0.061,0.361,0.297,0.538,0.149,0.102,1.808,0.324,0.078,0.257,2.343,0.398,0.365,0.436,0.089,1.309,0.0,0.685,0.32,0.395,0.958,0.361,0.074,0.141,0.226,0.103,0.069,1.218,0.001,0.036,0.01,0.002,0.04,0.092,12.865,0.299,0.101,0.0,0.048,0.035,0.069,0.365,0.386,0.06,0.013,0.002,0.005,0.021,0.023,0.001,0.031,0.078,0.019,0.016,0.046,0.005,0.005,0.064,0.009,0.028,0.043,0.015,0.016,0.036,0.022,0.025,0.215,0.046,0.043,0.034,3.012,0.003,0.1
Kota Singkawang,61,Kalimantan Barat,Kalimantan,Kota,0.003,0.012,0.043,0.473,0.107,0.008,0.062,0.004,0.096,0.017,0.096,0.102,0.004,0.052,0.0,0.024,0.22,0.034,0.019,0.0,0.005,0.003,0.011,0.001,0.004,0.0,0.0,0.009,0.01,0.019,0.001,0.019,0.013,0.009,0.0,0.051,0.043,0.063,0.003,0.052,0.106,0.0,0.002,0.007,0.0,0.0,0.0,0.024,0.003,0.014,0.006,0.043,0.022,0.003,0.011,0.131,0.127,0.0,0.003,0.0,0.006,0.003,0.024,0.062,0.18,0.152,0.297,0.157,0.192,0.03,0.403,0.21,0.453,0.059,0.05,2.201,0.393,0.093,0.106,1.85,0.365,0.333,0.39,0.027,1.387,0.008,0.626,0.119,0.039,0.857,0.17,0.106,0.053,0.101,0.034,0.044,1.336,0.002,0.025,0.0,0.003,0.041,0.092,15.238,1.112,0.064,0.006,0.009,0.054,0.016,0.298,0.297,0.034,0.008,0.004,0.004,0.017,0.03,0.001,0.038,0.075,0.01,0.016,0.07,0.006,0.004,0.048,0.024,0.057,0.054,0.019,0.009,0.018,0.022,0.019,0.058,0.062,0.01,0.043,2.728,0.008,0.117
Kotawaringin Barat,62,Kalimantan Tengah,Kalimantan,Kabupaten,0.005,0.012,0.068,0.255,0.082,0.007,0.034,0.02,0.027,0.044,0.092,0.138,0.01,0.108,0.0,0.018,0.237,0.017,0.012,0.0,0.005,0.001,0.011,0.001,0.04,0.008,0.0,0.008,0.0,0.01,0.001,0.001,0.052,0.013,0.0,0.057,0.066,0.083,0.003,0.059,0.038,0.001,0.005,0.032,0.016,0.0,0.0,0.076,0.057,0.003,0.001,0.002,0.003,0.002,0.001,0.017,0.042,0.0,0.005,0.001,0.001,0.007,0.011,0.039,0.251,0.376,0.254,0.092,0.035,0.049,1.27,0.243,0.287,0.131,0.057,1.323,0.36,0.032,0.383,2.482,1.36,0.515,0.345,0.092,1.126,0.007,0.263,0.268,0.046,0.484,0.15,0.13,0.074,0.241,0.045,0.284,1.505,0.002,0.018,0.004,0.003,0.057,0.046,19.801,2.493,3.277,0.006,0.039,0.185,0.014,0.541,0.599,0.066,0.016,0.003,0.009,0.057,0.092,0.007,0.06,0.09,0.024,0.03,0.076,0.016,0.026,0.034,0.011,0.02,0.014,0.071,0.038,0.04,0.011,0.024,0.092,0.079,0.002,0.086,2.444,0.016,0.066
Kotawaringin Timur,62,Kalimantan Tengah,Kalimantan,Kabupaten,0.0,0.007,0.125,0.233,0.02,0.002,0.024,0.016,0.032,0.034,0.069,0.155,0.01,0.101,0.001,0.009,0.203,0.005,0.001,0.0,0.003,0.001,0.011,0.001,0.029,0.005,0.001,0.031,0.001,0.005,0.001,0.0,0.036,0.029,0.001,0.084,0.12,0.042,0.002,0.012,0.021,0.005,0.005,0.02,0.003,0.0,0.005,0.082,0.095,0.056,0.009,0.065,0.001,0.038,0.001,0.002,0.058,0.0,0.088,0.0,0.004,0.012,0.009,0.031,0.27,0.37,0.148,0.107,0.045,0.046,0.579,0.257,0.507,0.085,0.121,1.603,0.419,0.036,0.43,2.871,1.61,0.606,0.322,0.092,0.992,0.008,0.192,0.179,0.416,0.726,0.118,0.193,0.074,0.122,0.046,0.277,1.582,0.001,0.029,0.001,0.0,0.046,0.072,22.664,1.351,0.439,0.014,0.018,0.168,0.013,0.384,0.501,0.034,0.011,0.001,0.003,0.041,0.062,0.004,0.042,0.075,0.028,0.017,0.074,0.022,0.015,0.022,0.01,0.046,0.015,0.09,0.029,0.018,0.024,0.019,0.057,0.081,0.001,0.045,1.977,0.011,0.085
Kapuas,62,Kalimantan Tengah,Kalimantan,Kabupaten,0.003,0.007,0.098,0.169,0.034,0.004,0.017,0.006,0.022,0.012,0.074,0.073,0.009,0.122,0.002,0.009,0.144,0.009,0.002,0.0,0.002,0.003,0.012,0.0,0.012,0.001,0.001,0.009,0.002,0.002,0.0,0.001,0.082,0.024,0.001,0.05,0.182,0.115,0.0,0.018,0.032,0.002,0.0,0.008,0.009,0.0,0.0,0.05,0.102,0.01,0.003,0.138,0.0,0.008,0.002,0.009,0.03,0.0,0.039,0.0,0.01,0.008,0.002,0.022,0.148,0.184,0.213,0.098,0.048,0.023,2.154,0.107,0.664,0.076,0.138,2.617,0.284,0.041,0.56,2.845,0.216,0.498,0.181,0.095,0.782,0.0,0.258,0.113,0.177,1.028,0.202,0.252,0.066,0.131,0.019,0.228,1.578,0.001,0.025,0.003,0.001,0.075,0.03,20.51,0.048,0.0,0.004,0.007,0.072,0.003,0.364,0.599,0.049,0.009,0.003,0.006,0.019,0.068,0.0,0.066,0.057,0.013,0.026,0.05,0.009,0.006,0.007,0.002,0.066,0.009,0.071,0.018,0.008,0.013,0.014,0.035,0.067,0.008,0.076,1.779,0.062,0.0
Barito Selatan,62,Kalimantan Tengah,Kalimantan,Kabupaten,0.0,0.011,0.173,0.321,0.055,0.002,0.01,0.014,0.015,0.012,0.072,0.117,0.006,0.043,0.002,0.02,0.141,0.021,0.003,0.0,0.003,0.0,0.021,0.0,0.001,0.0,0.0,0.002,0.0,0.0,0.0,0.001,0.095,0.09,0.0,0.048,0.235,0.246,0.0,0.012,0.002,0.0,0.0,0.015,0.017,0.0,0.001,0.081,0.143,0.009,0.007,0.04,0.0,0.0,0.001,0.003,0.013,0.0,0.013,0.0,0.0,0.006,0.007,0.008,0.088,0.291,0.118,0.097,0.032,0.034,0.822,0.152,0.825,0.128,0.063,1.657,0.28,0.066,0.738,3.165,0.486,0.48,0.345,0.185,0.578,0.0,0.025,0.127,0.184,0.423,0.199,0.088,0.069,0.154,0.016,0.26,1.61,0.0,0.016,0.0,0.003,0.073,0.184,20.549,1.305,1.042,0.001,0.021,0.11,0.01,0.341,0.516,0.055,0.011,0.007,0.007,0.018,0.05,0.0,0.056,0.064,0.016,0.044,0.04,0.008,0.004,0.008,0.001,0.027,0.005,0.116,0.027,0.016,0.015,0.026,0.008,0.043,0.049,0.051,1.894,0.161,0.026
Barito Utara,62,Kalimantan Tengah,Kalimantan,Kabupaten,0.002,0.008,0.248,0.178,0.092,0.003,0.016,0.023,0.012,0.019,0.041,0.075,0.006,0.061,0.0,0.016,0.17,0.012,0.005,0.0,0.006,0.007,0.009,0.0,0.006,0.002,0.001,0.012,0.0,0.001,0.002,0.0,0.024,0.022,0.0,0.051,0.106,0.075,0.0,0.013,0.01,0.0,0.0,0.011,0.019,0.0,0.001,0.082,0.126,0.01,0.009,0.111,0.0,0.016,0.001,0.004,0.01,0.0,0.017,0.0,0.001,0.002,0.002,0.005,0.133,0.268,0.07,0.2,0.043,0.055,1.244,0.197,0.749,0.107,0.136,1.303,0.213,0.057,0.284,1.975,0.494,0.486,0.389,0.107,0.591,0.003,0.251,0.185,0.206,0.574,0.155,0.058,0.081,0.333,0.029,0.354,1.412,0.004,0.02,0.0,0.0,0.043,0.069,27.781,0.304,0.0,0.003,0.01,0.112,0.005,0.335,0.47,0.058,0.009,0.003,0.002,0.026,0.109,0.001,0.041,0.062,0.008,0.032,0.069,0.018,0.01,0.009,0.003,0.031,0.005,0.072,0.019,0.007,0.011,0.013,0.017,0.09,0.016,0.057,1.848,0.014,0.003
Sukamara,62,Kalimantan Tengah,Kalimantan,Kabupaten,0.005,0.016,0.107,0.301,0.188,0.005,0.033,0.022,0.017,0.032,0.06,0.17,0.004,0.088,0.001,0.031,0.205,0.01,0.011,0.0,0.006,0.001,0.002,0.0,0.097,0.004,0.0,0.027,0.0,0.005,0.005,0.0,0.063,0.034,0.001,0.062,0.077,0.096,0.008,0.038,0.018,0.001,0.002,0.025,0.011,0.0,0.01,0.072,0.059,0.001,0.0,0.024,0.003,0.005,0.001,0.026,0.015,0.0,0.009,0.001,0.002,0.007,0.0,0.044,0.293,0.219,0.05,0.1,0.028,0.032,1.64,0.215,0.994,0.091,0.089,0.841,0.166,0.025,0.223,3.285,1.235,0.427,0.243,0.149,0.867,0.021,0.203,0.16,0.129,0.877,0.345,0.071,0.07,0.092,0.07,0.356,1.507,0.015,0.008,0.002,0.002,0.056,0.086,22.902,3.447,0.055,0.012,0.02,0.103,0.006,0.497,0.521,0.035,0.01,0.003,0.011,0.041,0.083,0.007,0.028,0.068,0.024,0.042,0.087,0.016,0.014,0.02,0.01,0.022,0.006,0.067,0.016,0.02,0.017,0.014,0.057,0.103,0.036,0.086,2.342,0.018,0.006
Lamandau,62,Kalimantan Tengah,Kalimantan,Kabupaten,0.011,0.015,0.061,0.31,0.108,0.003,0.04,0.014,0.036,0.039,0.078,0.163,0.008,0.106,0.0,0.019,0.291,0.014,0.014,0.0,0.007,0.004,0.001,0.0,0.04,0.007,0.0,0.02,0.0,0.004,0.004,0.001,0.03,0.003,0.0,0.083,0.107,0.128,0.0,0.04,0.024,0.0,0.0,0.024,0.012,0.0,0.001,0.124,0.143,0.002,0.01,0.005,0.0,0.002,0.0,0.036,0.03,0.0,0.004,0.0,0.0,0.001,0.003,0.025,0.241,0.346,0.095,0.106,0.011,0.032,0.971,0.157,0.216,0.084,0.066,0.755,0.245,0.028,0.157,2.058,0.837,0.568,0.235,0.025,0.738,0.032,0.123,0.141,0.131,0.405,0.106,0.049,0.105,0.1,0.049,0.288,1.529,0.002,0.017,0.002,0.0,0.055,0.014,17.325,1.206,1.687,0.017,0.016,0.151,0.025,0.734,0.788,0.067,0.01,0.002,0.01,0.066,0.147,0.004,0.061,0.106,0.046,0.055,0.091,0.02,0.031,0.031,0.011,0.052,0.006,0.058,0.022,0.036,0.019,0.027,0.035,0.075,0.007,0.064,2.665,0.017,0.016
Seruyan,62,Kalimantan Tengah,Kalimantan,Kabupaten,0.0,0.008,0.038,0.236,0.045,0.003,0.02,0.024,0.016,0.012,0.049,0.21,0.005,0.104,0.0,0.011,0.19,0.002,0.002,0.0,0.005,0.005,0.01,0.0,0.042,0.003,0.001,0.051,0.0,0.003,0.0,0.0,0.036,0.022,0.001,0.144,0.049,0.075,0.002,0.003,0.009,0.001,0.0,0.017,0.008,0.0,0.004,0.077,0.104,0.006,0.0,0.01,0.001,0.0,0.0,0.01,0.052,0.0,0.002,0.0,0.001,0.004,0.0,0.016,0.2,0.24,0.082,0.078,0.029,0.023,1.174,0.247,0.705,0.041,0.046,1.844,0.284,0.028,0.219,3.61,0.591,0.648,0.301,0.05,0.659,0.008,0.11,0.099,0.18,0.996,0.092,0.17,0.051,0.135,0.021,0.283,1.467,0.003,0.022,0.001,0.0,0.041,0.025,25.832,1.674,0.993,0.023,0.013,0.115,0.003,0.373,0.518,0.05,0.006,0.001,0.005,0.037,0.079,0.003,0.057,0.085,0.023,0.028,0.091,0.01,0.004,0.013,0.002,0.016,0.007,0.06,0.027,0.011,0.015,0.021,0.012,0.085,0.0,0.034,2.3,0.001,0.009
Katingan,62,Kalimantan Tengah,Kalimantan,Kabupaten,0.004,0.004,0.033,0.22,0.039,0.012,0.026,0.011,0.035,0.023,0.096,0.109,0.005,0.097,0.001,0.03,0.228,0.011,0.002,0.0,0.003,0.002,0.002,0.001,0.007,0.0,0.001,0.039,0.0,0.002,0.0,0.001,0.057,0.047,0.0,0.093,0.111,0.067,0.001,0.001,0.008,0.0,0.0,0.015,0.029,0.0,0.001,0.123,0.163,0.001,0.001,0.052,0.0,0.008,0.0,0.012,0.015,0.0,0.0,0.0,0.003,0.0,0.001,0.017,0.154,0.254,0.141,0.081,0.036,0.061,0.351,0.183,0.509,0.084,0.075,2.665,0.348,0.073,0.302,2.384,1.027,0.889,0.481,0.184,0.929,0.006,0.074,0.199,0.284,0.668,0.151,0.092,0.113,0.059,0.028,0.272,1.464,0.004,0.011,0.0,0.0,0.033,0.537,18.621,2.024,0.588,0.002,0.034,0.102,0.008,0.526,0.638,0.053,0.011,0.005,0.005,0.042,0.067,0.002,0.067,0.056,0.022,0.046,0.094,0.02,0.011,0.037,0.003,0.036,0.004,0.107,0.02,0.012,0.009,0.018,0.045,0.066,0.024,0.113,1.85,0.007,0.007
Pulang Pisau,62,Kalimantan Tengah,Kalimantan,Kabupaten,0.0,0.007,0.115,0.197,0.029,0.009,0.01,0.015,0.036,0.007,0.102,0.159,0.005,0.171,0.003,0.032,0.167,0.016,0.004,0.0,0.001,0.0,0.007,0.0,0.019,0.003,0.004,0.006,0.0,0.005,0.0,0.001,0.09,0.029,0.0,0.112,0.128,0.095,0.0,0.014,0.034,0.0,0.0,0.02,0.01,0.0,0.0,0.071,0.145,0.018,0.002,0.186,0.0,0.02,0.003,0.011,0.052,0.0,0.01,0.0,0.0,0.005,0.007,0.015,0.138,0.249,0.207,0.051,0.022,0.041,0.673,0.188,0.647,0.226,0.048,2.014,0.333,0.107,0.557,3.528,1.158,0.783,0.398,0.144,1.025,0.0,0.196,0.148,0.046,1.264,0.186,0.268,0.065,0.144,0.003,0.297,1.631,0.004,0.038,0.001,0.0,0.069,0.0,23.579,3.272,0.0,0.009,0.009,0.145,0.008,0.552,0.717,0.056,0.012,0.001,0.005,0.037,0.115,0.002,0.09,0.073,0.017,0.017,0.059,0.044,0.028,0.019,0.008,0.052,0.009,0.119,0.022,0.007,0.007,0.012,0.021,0.075,0.012,0.102,1.931,0.037,0.001
Gunung Mas,62,Kalimantan Tengah,Kalimantan,Kabupaten,0.0,0.002,0.163,0.263,0.028,0.005,0.008,0.004,0.021,0.004,0.1,0.052,0.007,0.065,0.0,0.015,0.224,0.062,0.001,0.0,0.001,0.007,0.01,0.0,0.001,0.0,0.0,0.025,0.0,0.0,0.0,0.0,0.024,0.004,0.001,0.176,0.079,0.083,0.0,0.009,0.006,0.002,0.001,0.017,0.051,0.0,0.0,0.145,0.165,0.0,0.0,0.035,0.0,0.0,0.0,0.001,0.003,0.0,0.006,0.0,0.001,0.012,0.0,0.002,0.085,0.291,0.165,0.081,0.008,0.019,0.822,0.156,0.983,0.03,0.05,1.844,0.245,0.003,0.381,1.42,0.937,0.416,0.317,0.19,0.956,0.011,0.276,0.072,0.073,0.412,0.049,0.074,0.059,0.064,0.0,0.183,1.623,0.004,0.02,0.0,0.0,0.021,0.015,25.518,1.143,0.339,0.002,0.034,0.148,0.0,0.407,0.446,0.028,0.003,0.001,0.002,0.024,0.106,0.0,0.071,0.037,0.006,0.03,0.094,0.03,0.007,0.013,0.001,0.099,0.005,0.081,0.012,0.004,0.023,0.033,0.036,0.079,0.0,0.033,1.868,0.0,0.0
Barito Timur,62,Kalimantan Tengah,Kalimantan,Kabupaten,0.001,0.008,0.397,0.412,0.064,0.005,0.009,0.007,0.025,0.003,0.086,0.137,0.007,0.061,0.004,0.016,0.188,0.017,0.008,0.0,0.002,0.003,0.007,0.001,0.009,0.001,0.001,0.003,0.0,0.001,0.0,0.001,0.068,0.035,0.002,0.105,0.159,0.116,0.001,0.004,0.009,0.0,0.0,0.018,0.035,0.0,0.003,0.095,0.148,0.015,0.012,0.053,0.0,0.0,0.0,0.007,0.011,0.0,0.012,0.001,0.001,0.001,0.004,0.013,0.544,0.194,0.172,0.264,0.044,0.029,2.554,0.165,0.239,0.097,0.138,1.302,0.309,0.06,0.456,2.866,0.334,0.562,0.355,0.185,1.511,0.004,0.282,0.197,0.246,0.707,0.18,0.217,0.136,0.201,0.022,0.263,1.521,0.002,0.01,0.001,0.0,0.099,0.01,20.579,0.981,1.307,0.009,0.017,0.127,0.021,0.392,0.566,0.051,0.011,0.004,0.006,0.026,0.092,0.0,0.046,0.07,0.013,0.012,0.02,0.014,0.008,0.01,0.003,0.048,0.005,0.102,0.02,0.011,0.016,0.025,0.039,0.067,0.003,0.062,1.947,0.144,0.014
Murung Raya,62,Kalimantan Tengah,Kalimantan,Kabupaten,0.0,0.002,0.057,0.135,0.003,0.005,0.026,0.018,0.007,0.017,0.068,0.041,0.007,0.039,0.001,0.009,0.187,0.007,0.003,0.0,0.002,0.0,0.02,0.0,0.004,0.001,0.0,0.017,0.0,0.001,0.002,0.0,0.009,0.004,0.003,0.072,0.035,0.038,0.0,0.032,0.001,0.002,0.0,0.002,0.037,0.0,0.0,0.067,0.136,0.001,0.002,0.103,0.0,0.012,0.001,0.006,0.003,0.0,0.003,0.0,0.0,0.003,0.0,0.003,0.018,0.091,0.066,0.061,0.014,0.038,1.336,0.109,0.558,0.05,0.024,1.37,0.363,0.039,0.039,2.627,0.61,0.367,0.332,0.177,0.621,0.001,0.049,0.116,0.028,0.411,0.141,0.06,0.068,0.054,0.005,0.249,1.654,0.001,0.007,0.0,0.0,0.039,0.0,15.43,2.793,0.072,0.003,0.022,0.104,0.001,0.328,0.44,0.085,0.005,0.001,0.002,0.025,0.123,0.002,0.074,0.08,0.006,0.018,0.104,0.014,0.006,0.019,0.002,0.034,0.006,0.091,0.022,0.004,0.013,0.016,0.021,0.078,0.0,0.082,2.157,0.016,0.0
Kota Palangka Raya,62,Kalimantan Tengah,Kalimantan,Kota,0.003,0.017,0.092,0.216,0.03,0.01,0.027,0.015,0.047,0.042,0.094,0.036,0.01,0.116,0.001,0.01,0.239,0.009,0.011,0.0,0.01,0.001,0.013,0.0,0.011,0.002,0.0,0.003,0.007,0.009,0.002,0.002,0.034,0.005,0.002,0.12,0.041,0.054,0.001,0.008,0.028,0.0,0.0,0.036,0.016,0.0,0.001,0.13,0.162,0.008,0.002,0.048,0.0,0.018,0.0,0.005,0.025,0.0,0.003,0.0,0.0,0.006,0.001,0.026,0.313,0.517,0.263,0.378,0.095,0.062,0.646,0.205,0.248,0.13,0.227,1.932,0.558,0.105,0.45,2.519,0.261,0.348,0.615,0.105,1.51,0.008,0.436,0.299,0.195,0.739,0.32,0.153,0.142,0.187,0.083,0.309,1.21,0.002,0.024,0.003,0.001,0.044,0.036,14.424,0.302,0.689,0.0,0.027,0.154,0.044,0.39,0.452,0.054,0.014,0.006,0.01,0.032,0.028,0.003,0.042,0.066,0.021,0.031,0.056,0.009,0.009,0.018,0.005,0.027,0.01,0.069,0.038,0.024,0.024,0.018,0.093,0.062,0.003,0.066,2.182,0.065,0.031
Tanah Laut,63,Kalimantan Selatan,Kalimantan,Kabupaten,0.002,0.011,0.064,0.328,0.024,0.004,0.007,0.004,0.036,0.012,0.075,0.073,0.008,0.127,0.004,0.01,0.184,0.001,0.004,0.0,0.003,0.001,0.018,0.002,0.014,0.0,0.0,0.005,0.006,0.007,0.0,0.001,0.04,0.007,0.0,0.031,0.069,0.095,0.003,0.018,0.116,0.001,0.002,0.013,0.004,0.0,0.001,0.092,0.055,0.014,0.013,0.036,0.001,0.036,0.001,0.015,0.035,0.0,0.032,0.001,0.0,0.007,0.004,0.04,0.258,0.169,0.119,0.135,0.062,0.036,2.758,0.245,0.641,0.133,0.067,2.57,0.444,0.131,0.227,2.292,0.702,0.692,0.297,0.086,1.119,0.001,0.396,0.109,0.154,1.136,0.141,0.154,0.152,0.223,0.025,0.215,1.532,0.002,0.043,0.001,0.001,0.058,0.014,23.205,1.095,0.036,0.006,0.015,0.172,0.003,0.389,0.634,0.05,0.023,0.004,0.004,0.03,0.037,0.001,0.051,0.047,0.011,0.023,0.049,0.021,0.04,0.019,0.001,0.031,0.006,0.098,0.029,0.008,0.019,0.022,0.059,0.076,0.0,0.065,1.681,0.141,0.062
Kota Baru,63,Kalimantan Selatan,Kalimantan,Kabupaten,0.002,0.011,0.165,0.531,0.07,0.003,0.006,0.012,0.015,0.006,0.099,0.174,0.006,0.104,0.005,0.009,0.195,0.0,0.003,0.0,0.001,0.002,0.002,0.0,0.074,0.006,0.004,0.01,0.001,0.014,0.0,0.004,0.015,0.008,0.001,0.036,0.141,0.147,0.039,0.012,0.08,0.001,0.016,0.003,0.008,0.0,0.009,0.058,0.017,0.029,0.005,0.018,0.001,0.007,0.002,0.009,0.059,0.0,0.014,0.0,0.001,0.003,0.004,0.06,0.224,0.261,0.118,0.227,0.077,0.035,1.028,0.212,1.211,0.136,0.131,1.805,0.363,0.041,0.115,1.846,1.88,0.722,0.271,0.109,0.485,0.0,0.381,0.179,0.259,0.716,0.082,0.149,0.058,0.292,0.115,0.328,1.539,0.005,0.039,0.002,0.001,0.096,0.007,20.076,1.546,1.8,0.005,0.031,0.129,0.006,0.461,0.62,0.032,0.011,0.001,0.004,0.04,0.037,0.002,0.037,0.052,0.022,0.036,0.045,0.007,0.029,0.018,0.002,0.024,0.002,0.069,0.03,0.017,0.02,0.016,0.057,0.088,0.002,0.068,2.387,0.045,0.004
Banjar,63,Kalimantan Selatan,Kalimantan,Kabupaten,0.001,0.011,0.136,0.346,0.021,0.001,0.006,0.022,0.026,0.022,0.077,0.102,0.004,0.083,0.0,0.008,0.151,0.0,0.007,0.0,0.003,0.0,0.014,0.0,0.003,0.006,0.0,0.002,0.002,0.003,0.0,0.003,0.063,0.013,0.001,0.033,0.097,0.114,0.001,0.016,0.069,0.0,0.0,0.005,0.007,0.0,0.004,0.081,0.049,0.011,0.003,0.069,0.002,0.038,0.0,0.001,0.018,0.0,0.022,0.001,0.0,0.013,0.001,0.031,0.469,0.136,0.141,0.59,0.106,0.042,2.261,0.282,0.767,0.122,0.354,2.261,0.497,0.106,0.516,3.589,0.875,0.813,0.375,0.189,1.453,0.002,0.352,0.219,0.744,1.619,0.235,0.208,0.139,0.341,0.051,0.409,1.545,0.002,0.071,0.003,0.0,0.075,0.146,15.869,0.773,0.499,0.004,0.013,0.143,0.006,0.282,0.512,0.038,0.007,0.009,0.008,0.019,0.04,0.0,0.042,0.05,0.015,0.024,0.049,0.004,0.015,0.006,0.0,0.021,0.005,0.086,0.022,0.006,0.012,0.015,0.122,0.046,0.002,0.023,2.124,0.173,0.023
Barito Kuala,63,Kalimantan Selatan,Kalimantan,Kabupaten,0.003,0.01,0.123,0.283,0.012,0.006,0.042,0.004,0.038,0.015,0.087,0.08,0.016,0.078,0.001,0.005,0.105,0.0,0.003,0.0,0.003,0.001,0.007,0.0,0.015,0.0,0.001,0.009,0.004,0.002,0.0,0.001,0.104,0.021,0.001,0.02,0.07,0.107,0.0,0.019,0.077,0.0,0.0,0.008,0.002,0.0,0.0,0.052,0.074,0.021,0.019,0.106,0.001,0.021,0.001,0.004,0.071,0.0,0.039,0.0,0.003,0.01,0.001,0.04,0.295,0.175,0.108,0.337,0.11,0.033,1.706,0.203,0.708,0.137,0.16,2.612,0.434,0.085,0.446,3.238,1.375,0.782,0.314,0.143,1.031,0.0,0.284,0.168,0.329,2.148,0.22,0.373,0.137,0.28,0.018,0.393,1.745,0.001,0.042,0.003,0.0,0.064,0.08,20.072,0.458,0.606,0.001,0.017,0.068,0.002,0.314,0.636,0.037,0.014,0.009,0.006,0.019,0.047,0.0,0.037,0.043,0.021,0.036,0.047,0.01,0.011,0.009,0.001,0.048,0.007,0.064,0.021,0.01,0.013,0.011,0.091,0.051,0.003,0.033,1.973,0.154,0.027
Tapin,63,Kalimantan Selatan,Kalimantan,Kabupaten,0.003,0.013,0.076,0.306,0.036,0.001,0.023,0.014,0.037,0.015,0.062,0.199,0.004,0.081,0.001,0.006,0.183,0.001,0.003,0.0,0.004,0.001,0.004,0.0,0.009,0.001,0.0,0.003,0.0,0.005,0.0,0.002,0.084,0.032,0.005,0.122,0.018,0.097,0.0,0.013,0.044,0.0,0.0,0.015,0.03,0.0,0.002,0.142,0.086,0.02,0.001,0.163,0.0,0.036,0.0,0.013,0.019,0.0,0.041,0.003,0.0,0.003,0.0,0.019,0.216,0.283,0.154,0.267,0.234,0.094,2.602,0.245,0.525,0.216,0.461,2.446,0.467,0.216,0.301,3.55,0.712,0.804,0.378,0.284,2.042,0.0,0.534,0.232,0.524,1.129,0.195,0.357,0.089,0.613,0.067,0.387,1.459,0.002,0.066,0.002,0.0,0.063,0.033,24.305,0.273,0.0,0.002,0.024,0.219,0.013,0.323,0.59,0.044,0.021,0.008,0.012,0.024,0.036,0.001,0.061,0.047,0.015,0.03,0.044,0.016,0.021,0.006,0.002,0.009,0.006,0.079,0.028,0.018,0.01,0.022,0.074,0.073,0.017,0.033,1.733,0.357,0.012
Hulu Sungai Selatan,63,Kalimantan Selatan,Kalimantan,Kabupaten,0.002,0.003,0.208,0.36,0.073,0.004,0.005,0.004,0.049,0.013,0.084,0.332,0.001,0.048,0.003,0.003,0.087,0.0,0.002,0.0,0.0,0.002,0.004,0.0,0.001,0.002,0.0,0.0,0.01,0.0,0.001,0.001,0.08,0.01,0.0,0.04,0.055,0.217,0.0,0.013,0.074,0.0,0.0,0.003,0.007,0.0,0.002,0.068,0.02,0.005,0.004,0.194,0.0,0.002,0.002,0.001,0.002,0.0,0.018,0.0,0.003,0.005,0.0,0.007,0.165,0.143,0.155,0.48,0.112,0.027,3.134,0.197,0.435,0.207,0.706,3.326,0.57,0.369,0.509,4.204,0.723,0.762,0.314,0.294,3.044,0.0,0.78,0.247,0.614,1.562,0.205,0.341,0.112,0.723,0.023,0.334,1.568,0.001,0.039,0.002,0.0,0.045,0.03,18.026,0.601,0.0,0.003,0.023,0.084,0.003,0.278,0.524,0.042,0.017,0.017,0.018,0.019,0.022,0.0,0.051,0.053,0.012,0.037,0.038,0.016,0.01,0.005,0.001,0.017,0.002,0.066,0.031,0.009,0.007,0.014,0.137,0.024,0.018,0.026,1.228,0.426,0.013
Hulu Sungai Tengah,63,Kalimantan Selatan,Kalimantan,Kabupaten,0.001,0.009,0.292,0.4,0.07,0.019,0.003,0.005,0.049,0.011,0.123,0.196,0.01,0.058,0.0,0.003,0.122,0.0,0.003,0.0,0.001,0.001,0.011,0.0,0.001,0.0,0.0,0.003,0.003,0.001,0.0,0.0,0.064,0.008,0.002,0.054,0.04,0.117,0.003,0.01,0.062,0.0,0.0,0.004,0.015,0.0,0.0,0.065,0.051,0.029,0.001,0.086,0.0,0.034,0.0,0.003,0.004,0.0,0.02,0.0,0.0,0.003,0.002,0.011,0.137,0.192,0.178,0.5,0.148,0.086,2.072,0.202,0.771,0.223,0.647,2.857,0.306,0.35,0.882,3.852,1.605,0.527,0.395,0.327,2.683,0.001,1.146,0.294,0.644,1.029,0.208,0.145,0.209,0.852,0.022,0.382,1.597,0.001,0.083,0.001,0.001,0.057,0.008,21.091,0.308,0.036,0.0,0.037,0.132,0.007,0.199,0.423,0.023,0.022,0.002,0.004,0.011,0.065,0.001,0.063,0.048,0.011,0.03,0.065,0.008,0.029,0.008,0.002,0.046,0.004,0.059,0.018,0.006,0.006,0.006,0.11,0.04,0.002,0.026,1.644,0.392,0.104
Hulu Sungai Utara,63,Kalimantan Selatan,Kalimantan,Kabupaten,0.0,0.005,0.243,0.36,0.046,0.004,0.002,0.004,0.015,0.008,0.066,0.079,0.003,0.054,0.002,0.002,0.147,0.0,0.003,0.0,0.003,0.0,0.006,0.0,0.001,0.0,0.0,0.002,0.0,0.001,0.0,0.0,0.086,0.011,0.001,0.031,0.045,0.139,0.0,0.006,0.022,0.0,0.0,0.003,0.006,0.0,0.001,0.119,0.07,0.012,0.004,0.097,0.001,0.005,0.0,0.006,0.001,0.0,0.007,0.0,0.001,0.002,0.0,0.005,0.241,0.075,0.084,0.482,0.056,0.036,1.961,0.162,0.363,0.171,0.354,3.006,0.304,0.082,0.727,3.302,1.217,0.835,0.259,0.194,1.63,0.0,0.557,0.253,0.428,1.295,0.086,0.142,0.072,0.598,0.052,0.483,1.528,0.002,0.045,0.001,0.002,0.075,0.038,11.659,0.652,0.06,0.002,0.024,0.123,0.005,0.283,0.531,0.024,0.01,0.008,0.008,0.01,0.013,0.0,0.026,0.023,0.021,0.043,0.025,0.037,0.002,0.005,0.002,0.014,0.003,0.045,0.026,0.013,0.012,0.02,0.085,0.035,0.027,0.031,1.938,0.222,0.014
Tabalong,63,Kalimantan Selatan,Kalimantan,Kabupaten,0.002,0.013,0.528,0.561,0.081,0.002,0.018,0.008,0.042,0.009,0.106,0.223,0.011,0.109,0.002,0.006,0.209,0.001,0.018,0.0,0.011,0.001,0.016,0.002,0.01,0.002,0.001,0.004,0.001,0.006,0.004,0.001,0.04,0.005,0.002,0.052,0.053,0.093,0.0,0.009,0.027,0.0,0.0,0.008,0.039,0.0,0.001,0.104,0.082,0.021,0.011,0.127,0.0,0.005,0.001,0.014,0.006,0.0,0.035,0.003,0.0,0.002,0.0,0.013,0.227,0.213,0.252,0.338,0.111,0.033,1.921,0.208,0.615,0.215,0.118,2.046,0.441,0.098,0.588,3.167,1.299,0.89,0.404,0.22,1.54,0.002,0.766,0.28,0.225,0.879,0.24,0.185,0.168,0.381,0.111,0.634,1.298,0.001,0.04,0.001,0.006,0.096,0.02,15.536,1.497,0.195,0.006,0.03,0.16,0.007,0.391,0.561,0.043,0.018,0.004,0.008,0.027,0.038,0.004,0.06,0.041,0.017,0.028,0.034,0.013,0.027,0.009,0.002,0.026,0.003,0.076,0.055,0.027,0.014,0.014,0.098,0.054,0.006,0.056,2.077,0.16,0.038
Tanah Bumbu,63,Kalimantan Selatan,Kalimantan,Kabupaten,0.004,0.011,0.106,0.451,0.064,0.002,0.015,0.013,0.022,0.021,0.078,0.159,0.014,0.114,0.001,0.026,0.154,0.005,0.008,0.001,0.005,0.003,0.006,0.0,0.039,0.0,0.0,0.003,0.002,0.02,0.006,0.012,0.025,0.004,0.0,0.041,0.149,0.086,0.004,0.029,0.089,0.005,0.007,0.016,0.002,0.0,0.002,0.059,0.038,0.032,0.01,0.042,0.005,0.034,0.005,0.029,0.064,0.0,0.006,0.003,0.002,0.001,0.004,0.023,0.308,0.359,0.193,0.249,0.09,0.081,3.911,0.269,0.303,0.183,0.179,1.506,0.312,0.109,0.073,2.589,0.731,0.743,0.325,0.086,1.384,0.002,0.555,0.196,0.298,1.103,0.268,0.187,0.145,0.277,0.074,0.523,1.272,0.006,0.025,0.008,0.001,0.055,0.208,18.493,1.265,0.07,0.002,0.032,0.171,0.019,0.515,0.649,0.039,0.015,0.003,0.007,0.038,0.048,0.009,0.053,0.058,0.017,0.017,0.059,0.015,0.024,0.017,0.007,0.021,0.006,0.078,0.031,0.014,0.015,0.035,0.078,0.057,0.022,0.131,2.301,0.2,0.014
Balangan,63,Kalimantan Selatan,Kalimantan,Kabupaten,0.002,0.009,0.501,0.474,0.071,0.006,0.005,0.006,0.027,0.005,0.119,0.207,0.003,0.096,0.001,0.004,0.139,0.0,0.009,0.0,0.004,0.002,0.013,0.0,0.005,0.002,0.0,0.005,0.0,0.004,0.0,0.001,0.039,0.014,0.0,0.069,0.052,0.118,0.0,0.004,0.041,0.0,0.0,0.003,0.021,0.0,0.001,0.085,0.06,0.015,0.002,0.197,0.0,0.014,0.0,0.001,0.011,0.0,0.047,0.0,0.001,0.001,0.0,0.01,0.22,0.168,0.371,0.467,0.035,0.035,1.972,0.291,0.942,0.132,0.412,2.352,0.296,0.131,1.365,2.904,3.275,1.161,0.27,0.332,1.59,0.004,0.457,0.26,0.678,1.017,0.1,0.328,0.125,0.564,0.015,0.604,1.487,0.003,0.035,0.005,0.001,0.086,0.012,16.441,0.825,0.178,0.002,0.032,0.146,0.003,0.266,0.545,0.035,0.019,0.005,0.005,0.017,0.039,0.001,0.046,0.028,0.013,0.038,0.035,0.005,0.018,0.008,0.0,0.083,0.003,0.071,0.045,0.005,0.011,0.019,0.179,0.04,0.006,0.001,1.945,0.054,0.031
Kota Banjarmasin,63,Kalimantan Selatan,Kalimantan,Kota,0.005,0.014,0.101,0.3,0.018,0.003,0.008,0.011,0.044,0.041,0.047,0.038,0.012,0.082,0.002,0.007,0.221,0.0,0.022,0.0,0.008,0.001,0.019,0.0,0.01,0.0,0.0,0.005,0.006,0.01,0.001,0.002,0.041,0.004,0.001,0.054,0.032,0.041,0.004,0.008,0.064,0.001,0.0,0.016,0.01,0.0,0.001,0.1,0.073,0.02,0.005,0.043,0.001,0.045,0.001,0.001,0.057,0.0,0.005,0.002,0.0,0.009,0.003,0.031,0.314,0.229,0.176,0.576,0.55,0.073,1.436,0.265,0.58,0.182,0.493,2.303,0.358,0.196,0.536,2.972,0.358,0.623,0.458,0.203,1.678,0.0,0.683,0.413,0.598,1.223,0.318,0.148,0.227,0.684,0.085,0.401,1.315,0.001,0.038,0.003,0.0,0.038,0.115,12.252,0.623,0.078,0.021,0.057,0.156,0.013,0.26,0.393,0.037,0.012,0.006,0.015,0.012,0.007,0.0,0.021,0.032,0.014,0.022,0.033,0.003,0.002,0.009,0.002,0.006,0.008,0.05,0.019,0.01,0.023,0.032,0.116,0.041,0.02,0.015,2.485,0.2,0.063
Kota Banjar Baru,63,Kalimantan Selatan,Kalimantan,Kota,0.01,0.014,0.091,0.258,0.016,0.003,0.011,0.013,0.043,0.041,0.067,0.096,0.007,0.137,0.003,0.006,0.239,0.0,0.025,0.0,0.006,0.0,0.006,0.0,0.006,0.0,0.002,0.003,0.0,0.007,0.003,0.002,0.03,0.005,0.0,0.023,0.045,0.033,0.003,0.01,0.052,0.0,0.001,0.032,0.008,0.0,0.002,0.116,0.076,0.007,0.001,0.034,0.002,0.02,0.001,0.005,0.025,0.0,0.025,0.012,0.0,0.002,0.001,0.021,0.42,0.335,0.198,0.421,0.183,0.054,1.184,0.259,0.24,0.148,0.409,1.842,0.421,0.153,0.213,2.208,0.707,0.539,0.421,0.122,1.195,0.001,0.739,0.437,0.27,1.008,0.413,0.195,0.171,0.435,0.096,0.339,1.174,0.001,0.043,0.001,0.001,0.059,0.018,14.734,0.688,0.894,0.006,0.027,0.22,0.036,0.389,0.484,0.072,0.018,0.009,0.013,0.023,0.021,0.001,0.042,0.056,0.017,0.022,0.043,0.005,0.01,0.028,0.005,0.01,0.008,0.069,0.026,0.029,0.027,0.02,0.205,0.033,0.027,0.028,3.052,0.054,0.07
Paser,64,Kalimantan Timur,Kalimantan,Kabupaten,0.005,0.015,0.056,0.302,0.071,0.002,0.012,0.015,0.026,0.03,0.073,0.184,0.001,0.113,0.001,0.021,0.178,0.0,0.008,0.0,0.007,0.003,0.003,0.0,0.116,0.002,0.001,0.006,0.002,0.007,0.0,0.002,0.026,0.028,0.0,0.012,0.035,0.038,0.022,0.003,0.083,0.003,0.008,0.028,0.009,0.0,0.002,0.077,0.017,0.077,0.018,0.038,0.008,0.0,0.004,0.007,0.084,0.0,0.004,0.011,0.0,0.003,0.001,0.045,0.118,0.41,0.082,0.16,0.066,0.028,1.259,0.188,0.631,0.084,0.035,1.189,0.222,0.026,0.085,1.976,0.905,0.762,0.344,0.123,0.859,0.0,0.432,0.258,0.099,0.714,0.227,0.06,0.099,0.079,0.113,0.378,1.342,0.003,0.019,0.007,0.0,0.055,0.05,18.281,1.349,1.017,0.004,0.058,0.238,0.005,0.408,0.495,0.075,0.024,0.002,0.01,0.036,0.052,0.002,0.06,0.092,0.023,0.038,0.032,0.026,0.026,0.033,0.008,0.012,0.006,0.064,0.028,0.017,0.017,0.013,0.035,0.036,0.0,0.067,1.908,0.005,0.008
Kutai Barat,64,Kalimantan Timur,Kalimantan,Kabupaten,0.001,0.014,0.152,0.238,0.23,0.001,0.018,0.012,0.022,0.015,0.04,0.265,0.002,0.103,0.002,0.025,0.169,0.026,0.003,0.0,0.003,0.009,0.008,0.0,0.028,0.001,0.0,0.001,0.003,0.002,0.0,0.0,0.051,0.014,0.0,0.019,0.111,0.229,0.0,0.001,0.021,0.0,0.001,0.04,0.045,0.0,0.002,0.07,0.085,0.001,0.002,0.02,0.0,0.0,0.0,0.009,0.047,0.0,0.0,0.001,0.001,0.003,0.005,0.01,0.297,0.353,0.117,0.216,0.025,0.026,1.512,0.11,0.869,0.111,0.126,0.976,0.368,0.011,0.311,1.845,1.147,0.457,0.3,0.136,0.808,0.001,0.624,0.271,0.66,0.69,0.207,0.12,0.121,0.234,0.011,0.222,1.406,0.0,0.026,0.005,0.0,0.056,0.0,24.647,0.457,0.301,0.005,0.014,0.11,0.017,0.398,0.572,0.054,0.018,0.001,0.006,0.034,0.072,0.0,0.035,0.065,0.015,0.046,0.069,0.012,0.012,0.021,0.001,0.019,0.006,0.052,0.019,0.014,0.021,0.035,0.092,0.067,0.002,0.054,2.025,0.002,0.116
Kutai Kartanegara,64,Kalimantan Timur,Kalimantan,Kabupaten,0.006,0.022,0.064,0.158,0.113,0.005,0.038,0.036,0.039,0.042,0.06,0.275,0.006,0.12,0.002,0.019,0.191,0.002,0.005,0.0,0.015,0.012,0.001,0.001,0.051,0.004,0.002,0.007,0.0,0.005,0.0,0.003,0.038,0.014,0.0,0.015,0.054,0.091,0.004,0.005,0.045,0.001,0.001,0.034,0.042,0.0,0.009,0.087,0.049,0.016,0.006,0.035,0.0,0.001,0.007,0.018,0.096,0.0,0.003,0.006,0.001,0.01,0.001,0.027,0.124,0.514,0.162,0.297,0.04,0.083,1.203,0.207,0.652,0.159,0.086,1.131,0.201,0.036,0.03,2.423,0.136,0.512,0.334,0.143,0.832,0.0,0.52,0.366,0.1,0.496,0.244,0.16,0.113,0.306,0.079,0.258,1.437,0.006,0.04,0.003,0.0,0.07,0.016,18.222,0.662,2.191,0.01,0.062,0.17,0.022,0.497,0.76,0.08,0.023,0.002,0.014,0.051,0.049,0.006,0.053,0.103,0.024,0.034,0.058,0.029,0.013,0.031,0.007,0.006,0.009,0.065,0.054,0.021,0.01,0.017,0.039,0.077,0.012,0.08,2.303,0.003,0.016
Kutai Timur,64,Kalimantan Timur,Kalimantan,Kabupaten,0.006,0.03,0.059,0.078,0.066,0.003,0.025,0.042,0.032,0.033,0.071,0.156,0.009,0.101,0.002,0.017,0.161,0.002,0.014,0.0,0.015,0.003,0.003,0.0,0.067,0.006,0.006,0.011,0.004,0.014,0.0,0.01,0.02,0.029,0.0,0.04,0.084,0.076,0.013,0.026,0.053,0.001,0.006,0.013,0.026,0.0,0.001,0.057,0.036,0.004,0.004,0.02,0.001,0.001,0.004,0.076,0.092,0.0,0.011,0.017,0.0,0.003,0.004,0.029,0.219,0.511,0.155,0.302,0.025,0.067,0.992,0.251,0.722,0.115,0.076,1.0,0.242,0.027,0.099,2.085,0.265,0.402,0.365,0.101,0.569,0.0,0.4,0.28,0.232,0.429,0.29,0.141,0.105,0.198,0.083,0.102,1.472,0.007,0.057,0.01,0.001,0.067,0.229,23.133,2.75,0.978,0.0,0.046,0.129,0.02,0.447,0.556,0.067,0.011,0.001,0.005,0.047,0.048,0.003,0.032,0.088,0.019,0.024,0.043,0.016,0.02,0.041,0.008,0.024,0.005,0.075,0.03,0.013,0.019,0.01,0.073,0.091,0.0,0.058,2.398,0.003,0.089
Berau,64,Kalimantan Timur,Kalimantan,Kabupaten,0.008,0.024,0.065,0.14,0.017,0.003,0.03,0.019,0.048,0.027,0.089,0.092,0.001,0.095,0.001,0.012,0.169,0.002,0.011,0.0,0.013,0.003,0.003,0.0,0.114,0.013,0.009,0.01,0.009,0.013,0.001,0.019,0.008,0.0,0.0,0.022,0.082,0.126,0.031,0.012,0.06,0.004,0.009,0.011,0.004,0.0,0.022,0.023,0.017,0.005,0.002,0.001,0.001,0.003,0.005,0.012,0.068,0.0,0.0,0.019,0.0,0.012,0.019,0.047,0.377,0.452,0.177,0.122,0.069,0.048,0.417,0.176,0.588,0.124,0.072,1.98,0.358,0.016,0.538,1.749,0.243,0.534,0.253,0.04,0.583,0.001,0.827,0.227,0.15,0.315,0.339,0.117,0.086,0.148,0.023,0.141,1.391,0.005,0.044,0.004,0.001,0.059,0.12,19.368,0.561,0.303,0.0,0.006,0.027,0.038,0.476,0.61,0.06,0.015,0.003,0.015,0.036,0.043,0.002,0.027,0.08,0.018,0.031,0.04,0.011,0.019,0.027,0.013,0.039,0.007,0.061,0.037,0.017,0.02,0.018,0.061,0.077,0.031,0.057,2.25,0.019,0.024
Penajam Paser Utara,64,Kalimantan Timur,Kalimantan,Kabupaten,0.001,0.009,0.129,0.346,0.044,0.0,0.015,0.012,0.025,0.024,0.096,0.084,0.003,0.136,0.002,0.005,0.147,0.002,0.004,0.0,0.002,0.005,0.002,0.0,0.11,0.001,0.004,0.012,0.005,0.006,0.0,0.005,0.007,0.006,0.003,0.004,0.062,0.109,0.005,0.005,0.05,0.004,0.013,0.008,0.002,0.0,0.034,0.033,0.012,0.042,0.008,0.005,0.002,0.0,0.013,0.014,0.086,0.0,0.002,0.0,0.0,0.007,0.001,0.052,0.259,0.504,0.056,0.065,0.013,0.022,0.919,0.172,1.02,0.083,0.03,1.272,0.382,0.007,0.13,1.928,0.765,0.559,0.295,0.052,0.545,0.003,0.533,0.172,0.008,0.687,0.179,0.066,0.04,0.135,0.039,0.151,1.419,0.005,0.05,0.001,0.001,0.073,0.069,21.809,0.683,0.968,0.006,0.126,0.291,0.002,0.442,0.537,0.045,0.017,0.001,0.004,0.045,0.056,0.0,0.045,0.094,0.007,0.029,0.031,0.009,0.029,0.036,0.006,0.016,0.004,0.064,0.054,0.01,0.018,0.009,0.083,0.058,0.005,0.032,2.024,0.02,0.006
Mahakam Ulu,64,Kalimantan Timur,Kalimantan,Kabupaten,0.0,0.007,0.059,0.124,0.035,0.001,0.009,0.015,0.019,0.018,0.04,0.082,0.001,0.047,0.007,0.035,0.216,0.024,0.025,0.0,0.005,0.002,0.003,0.0,0.023,0.0,0.002,0.007,0.0,0.001,0.0,0.002,0.019,0.007,0.001,0.042,0.04,0.083,0.0,0.001,0.0,0.007,0.0,0.041,0.116,0.0,0.0,0.045,0.224,0.0,0.0,0.03,0.0,0.0,0.0,0.009,0.018,0.0,0.001,0.0,0.0,0.001,0.001,0.003,0.067,0.427,0.063,0.081,0.014,0.021,0.335,0.104,0.259,0.053,0.092,0.366,0.132,0.001,0.018,1.288,0.089,0.148,0.112,0.269,0.395,0.004,0.062,0.118,0.106,0.321,0.217,0.051,0.042,0.053,0.004,0.089,1.809,0.013,0.009,0.002,0.0,0.031,0.047,14.914,0.425,6.195,0.121,0.009,0.03,0.008,0.483,0.551,0.072,0.017,0.001,0.004,0.036,0.08,0.0,0.046,0.077,0.021,0.061,0.095,0.006,0.011,0.043,0.004,0.006,0.004,0.081,0.016,0.021,0.023,0.016,0.005,0.13,0.001,0.06,2.128,0.004,0.016
Kota Balikpapan,64,Kalimantan Timur,Kalimantan,Kota,0.009,0.023,0.114,0.147,0.008,0.003,0.039,0.032,0.065,0.035,0.116,0.054,0.006,0.077,0.001,0.006,0.212,0.0,0.031,0.0,0.009,0.002,0.012,0.001,0.061,0.003,0.0,0.003,0.003,0.009,0.0,0.006,0.001,0.0,0.001,0.017,0.048,0.14,0.012,0.004,0.048,0.001,0.005,0.026,0.003,0.0,0.002,0.049,0.006,0.023,0.005,0.014,0.001,0.001,0.011,0.018,0.079,0.0,0.002,0.017,0.002,0.007,0.003,0.039,0.304,0.525,0.163,0.377,0.091,0.119,0.57,0.249,0.861,0.165,0.116,1.916,0.514,0.076,0.116,1.376,0.525,0.899,0.545,0.051,0.969,0.0,0.992,0.38,0.127,0.805,0.557,0.159,0.129,0.181,0.061,0.253,1.247,0.001,0.038,0.004,0.003,0.063,0.484,10.486,0.395,1.203,0.001,0.142,0.291,0.038,0.416,0.47,0.056,0.014,0.001,0.007,0.038,0.024,0.0,0.025,0.075,0.012,0.026,0.028,0.012,0.006,0.029,0.011,0.019,0.01,0.047,0.05,0.031,0.035,0.013,0.254,0.06,0.057,0.053,2.37,0.003,0.052
Kota Samarinda,64,Kalimantan Timur,Kalimantan,Kota,0.007,0.028,0.097,0.157,0.039,0.001,0.036,0.018,0.06,0.039,0.071,0.137,0.003,0.113,0.003,0.007,0.186,0.001,0.017,0.0,0.012,0.0,0.006,0.0,0.051,0.001,0.001,0.001,0.015,0.011,0.002,0.006,0.012,0.006,0.0,0.029,0.043,0.108,0.005,0.013,0.04,0.003,0.004,0.033,0.013,0.0,0.001,0.12,0.038,0.006,0.008,0.009,0.001,0.003,0.005,0.005,0.067,0.0,0.001,0.009,0.0,0.003,0.005,0.039,0.37,0.56,0.172,0.636,0.103,0.085,1.111,0.252,0.606,0.176,0.181,1.663,0.267,0.041,0.117,2.045,0.288,0.452,0.488,0.123,1.194,0.0,0.797,0.49,0.28,0.97,0.474,0.141,0.166,0.334,0.095,0.309,1.159,0.002,0.056,0.009,0.002,0.057,0.13,11.627,0.5,0.121,0.007,0.062,0.208,0.046,0.46,0.542,0.065,0.017,0.003,0.009,0.036,0.023,0.001,0.026,0.07,0.017,0.031,0.027,0.005,0.004,0.034,0.009,0.012,0.01,0.045,0.049,0.03,0.025,0.013,0.249,0.036,0.007,0.023,2.559,0.011,0.045
Kota Bontang,64,Kalimantan Timur,Kalimantan,Kota,0.007,0.025,0.08,0.089,0.07,0.003,0.026,0.027,0.059,0.041,0.1,0.114,0.009,0.131,0.001,0.002,0.212,0.003,0.023,0.0,0.005,0.001,0.005,0.0,0.05,0.002,0.007,0.0,0.005,0.013,0.0,0.008,0.001,0.0,0.0,0.013,0.035,0.176,0.013,0.007,0.08,0.003,0.005,0.02,0.007,0.0,0.002,0.02,0.012,0.002,0.0,0.001,0.0,0.004,0.022,0.034,0.094,0.0,0.001,0.031,0.001,0.002,0.003,0.034,0.263,0.536,0.118,0.356,0.072,0.07,0.623,0.226,0.398,0.139,0.123,2.251,0.395,0.035,0.234,1.611,0.4,0.538,0.462,0.047,0.824,0.005,0.659,0.358,0.087,0.896,0.438,0.195,0.048,0.345,0.08,0.18,1.132,0.003,0.037,0.003,0.0,0.05,0.008,10.512,1.073,0.969,0.0,0.059,0.159,0.046,0.48,0.566,0.062,0.015,0.002,0.013,0.035,0.023,0.0,0.022,0.073,0.017,0.043,0.043,0.007,0.009,0.038,0.006,0.031,0.012,0.052,0.079,0.034,0.033,0.013,0.238,0.039,0.025,0.051,2.08,0.001,0.005
Malinau,65,Kalimantan Utara,Kalimantan,Kabupaten,0.004,0.005,0.019,0.025,0.064,0.0,0.018,0.014,0.052,0.027,0.152,0.126,0.0,0.036,0.0,0.019,0.173,0.024,0.015,0.0,0.001,0.104,0.004,0.0,0.153,0.01,0.002,0.003,0.006,0.007,0.0,0.001,0.026,0.0,0.0,0.022,0.126,0.22,0.004,0.0,0.038,0.031,0.005,0.03,0.002,0.0,0.031,0.023,0.066,0.0,0.0,0.0,0.0,0.0,0.003,0.005,0.016,0.0,0.0,0.0,0.013,0.011,0.013,0.032,0.142,0.313,0.058,0.068,0.052,0.014,0.344,0.059,0.283,0.037,0.038,1.113,0.199,0.004,0.088,0.902,0.028,0.358,0.147,0.105,0.74,0.024,0.245,0.154,0.07,0.305,0.202,0.054,0.052,0.069,0.012,0.082,1.783,0.021,0.035,0.001,0.002,0.069,0.269,15.268,1.15,4.938,0.042,0.002,0.012,0.01,0.442,0.47,0.115,0.008,0.001,0.004,0.044,0.158,0.001,0.039,0.125,0.009,0.071,0.043,0.005,0.021,0.045,0.017,0.049,0.005,0.028,0.03,0.016,0.013,0.022,0.003,0.084,0.0,0.047,2.011,0.003,0.024
Bulungan,65,Kalimantan Utara,Kalimantan,Kabupaten,0.006,0.015,0.122,0.078,0.136,0.001,0.017,0.011,0.063,0.038,0.119,0.043,0.001,0.047,0.003,0.015,0.156,0.006,0.007,0.0,0.002,0.024,0.002,0.0,0.195,0.003,0.004,0.008,0.003,0.009,0.001,0.007,0.022,0.005,0.001,0.044,0.132,0.107,0.031,0.019,0.033,0.008,0.006,0.011,0.002,0.0,0.084,0.012,0.036,0.005,0.0,0.0,0.0,0.0,0.003,0.012,0.039,0.0,0.001,0.004,0.007,0.004,0.009,0.041,0.194,0.464,0.044,0.15,0.025,0.011,0.511,0.101,0.657,0.091,0.075,1.675,0.378,0.016,0.351,1.528,0.097,0.419,0.201,0.059,0.654,0.01,0.513,0.11,0.348,0.335,0.481,0.055,0.045,0.297,0.044,0.153,1.371,0.007,0.031,0.002,0.002,0.068,0.203,18.547,0.066,2.216,0.01,0.007,0.021,0.029,0.42,0.493,0.078,0.011,0.001,0.009,0.044,0.145,0.0,0.027,0.099,0.013,0.042,0.031,0.011,0.014,0.036,0.004,0.051,0.02,0.053,0.02,0.024,0.022,0.015,0.022,0.113,0.0,0.037,1.999,0.012,0.0
Tana Tidung,65,Kalimantan Utara,Kalimantan,Kabupaten,0.003,0.015,0.021,0.06,0.018,0.004,0.02,0.033,0.047,0.015,0.116,0.032,0.002,0.106,0.0,0.013,0.167,0.011,0.012,0.0,0.001,0.002,0.001,0.0,0.197,0.001,0.002,0.012,0.0,0.013,0.004,0.01,0.007,0.0,0.0,0.039,0.085,0.101,0.058,0.0,0.021,0.011,0.002,0.03,0.0,0.0,0.022,0.009,0.01,0.001,0.0,0.0,0.0,0.0,0.001,0.002,0.033,0.0,0.021,0.002,0.003,0.011,0.034,0.155,0.104,0.505,0.043,0.099,0.069,0.002,0.842,0.148,0.663,0.056,0.057,0.918,0.245,0.004,0.163,1.42,0.039,0.373,0.203,0.075,0.373,0.001,0.103,0.104,0.067,0.353,0.281,0.052,0.041,0.087,0.009,0.132,1.404,0.002,0.051,0.004,0.001,0.076,0.066,14.218,0.298,4.301,0.003,0.016,0.062,0.028,0.489,0.553,0.081,0.008,0.001,0.004,0.032,0.124,0.0,0.031,0.099,0.016,0.046,0.039,0.005,0.02,0.039,0.002,0.022,0.01,0.062,0.028,0.013,0.018,0.026,0.042,0.078,0.018,0.039,2.214,0.001,0.004
Nunukan,65,Kalimantan Utara,Kalimantan,Kabupaten,0.002,0.013,0.026,0.006,0.006,0.0,0.021,0.04,0.051,0.017,0.156,0.028,0.001,0.095,0.004,0.03,0.126,0.009,0.024,0.0,0.002,0.002,0.008,0.0,0.186,0.0,0.002,0.011,0.016,0.026,0.001,0.021,0.031,0.005,0.001,0.028,0.095,0.143,0.008,0.002,0.058,0.01,0.006,0.019,0.0,0.0,0.021,0.01,0.017,0.01,0.0,0.0,0.001,0.0,0.007,0.024,0.046,0.0,0.007,0.019,0.0,0.004,0.008,0.032,0.176,0.459,0.075,0.054,0.021,0.023,1.207,0.081,0.704,0.066,0.031,1.745,0.28,0.002,0.287,1.83,0.217,0.374,0.282,0.071,0.501,0.001,0.39,0.199,0.007,0.428,0.218,0.055,0.077,0.079,0.024,0.087,1.428,0.016,0.034,0.0,0.0,0.116,0.002,15.572,1.287,3.961,0.031,0.005,0.017,0.011,0.372,0.476,0.096,0.002,0.001,0.008,0.028,0.039,0.003,0.018,0.105,0.02,0.045,0.037,0.005,0.012,0.036,0.001,0.035,0.002,0.051,0.049,0.011,0.01,0.033,0.001,0.108,0.016,0.11,2.803,0.096,0.004
Kota Tarakan,65,Kalimantan Utara,Kalimantan,Kota,0.007,0.016,0.056,0.055,0.019,0.001,0.016,0.033,0.05,0.008,0.102,0.035,0.003,0.091,0.001,0.004,0.174,0.0,0.014,0.0,0.007,0.0,0.006,0.0,0.242,0.018,0.001,0.026,0.026,0.012,0.001,0.007,0.002,0.002,0.0,0.018,0.066,0.144,0.038,0.001,0.021,0.007,0.02,0.004,0.001,0.0,0.06,0.002,0.001,0.002,0.0,0.0,0.001,0.0,0.003,0.013,0.022,0.0,0.002,0.009,0.001,0.001,0.019,0.105,0.185,0.541,0.112,0.283,0.05,0.053,1.085,0.125,0.636,0.087,0.133,1.95,0.434,0.02,0.106,1.402,0.114,0.246,0.422,0.126,0.377,0.0,0.282,0.387,0.079,0.491,0.434,0.065,0.128,0.212,0.169,0.158,1.264,0.005,0.038,0.003,0.0,0.079,0.053,15.327,1.0,0.796,0.001,0.004,0.049,0.029,0.393,0.414,0.053,0.006,0.002,0.008,0.035,0.018,0.001,0.017,0.075,0.015,0.027,0.014,0.003,0.01,0.041,0.007,0.015,0.013,0.032,0.029,0.021,0.008,0.013,0.085,0.087,0.01,0.024,2.644,0.001,0.02
Bolaang Mongondow,71,Sulawesi Utara,Sulawesi,Kabupaten,0.006,0.007,0.035,0.421,0.249,0.001,0.018,0.039,0.069,0.037,0.123,0.104,0.013,0.1,0.004,0.049,0.063,0.028,0.003,0.0,0.003,0.001,0.0,0.0,0.0,0.0,0.001,0.001,0.164,0.016,0.0,0.062,0.002,0.0,0.0,0.041,0.022,0.01,0.007,0.001,0.038,0.001,0.0,0.001,0.001,0.0,0.028,0.011,0.0,0.103,0.013,0.0,0.003,0.004,0.008,0.128,0.063,0.0,0.393,0.006,0.0,0.0,0.001,0.006,0.118,0.264,0.085,0.075,0.048,0.074,0.563,0.195,0.156,0.095,0.233,2.689,0.168,0.004,0.042,2.36,0.109,0.262,0.464,0.049,0.428,0.021,0.48,0.125,0.064,1.092,0.084,0.068,0.025,0.218,0.069,0.026,1.923,0.004,0.034,0.014,0.0,0.045,0.002,16.075,2.317,2.988,0.074,0.0,0.008,0.003,0.295,0.511,0.043,0.004,0.0,0.006,0.096,0.037,0.0,0.026,0.12,0.032,0.019,0.009,0.008,0.002,0.005,0.029,0.111,0.007,0.085,0.132,0.018,0.011,0.024,0.029,0.05,0.004,0.026,1.463,0.005,0.002
Minahasa,71,Sulawesi Utara,Sulawesi,Kabupaten,0.018,0.019,0.019,0.345,0.158,0.003,0.006,0.064,0.097,0.051,0.118,0.132,0.013,0.042,0.087,0.014,0.094,0.039,0.007,0.0,0.003,0.013,0.002,0.0,0.001,0.001,0.001,0.0,0.264,0.008,0.0,0.073,0.005,0.0,0.0,0.009,0.043,0.014,0.001,0.0,0.006,0.0,0.0,0.0,0.0,0.0,0.095,0.0,0.0,0.076,0.029,0.0,0.002,0.003,0.012,0.081,0.03,0.0,0.424,0.068,0.001,0.001,0.0,0.005,0.338,0.233,0.126,0.192,0.082,0.05,0.227,0.138,0.063,0.078,0.538,2.256,0.37,0.003,0.054,2.1,0.234,0.361,0.504,0.065,0.566,0.017,0.749,0.154,0.255,1.097,0.228,0.079,0.057,0.311,0.077,0.085,1.771,0.004,0.035,0.016,0.0,0.062,0.044,15.924,0.491,0.501,0.008,0.0,0.05,0.003,0.428,0.553,0.015,0.012,0.001,0.0,0.074,0.037,0.0,0.014,0.097,0.021,0.041,0.016,0.007,0.01,0.006,0.04,0.139,0.01,0.05,0.064,0.036,0.026,0.019,0.064,0.018,0.006,0.1,1.237,0.051,0.057
Kepulauan Sangihe,71,Sulawesi Utara,Sulawesi,Kabupaten,0.002,0.004,0.028,0.034,0.018,0.0,0.013,0.087,0.087,0.051,0.127,0.044,0.001,0.004,0.01,0.016,0.042,0.004,0.0,0.0,0.0,0.0,0.0,0.0,0.0,0.0,0.008,0.0,0.195,0.009,0.0,0.015,0.0,0.0,0.0,0.017,0.029,0.038,0.028,0.004,0.052,0.002,0.0,0.0,0.0,0.0,0.001,0.007,0.0,0.182,0.001,0.0,0.008,0.0,0.003,0.0,0.16,0.0,0.1,0.019,0.0,0.001,0.0,0.001,0.076,0.013,0.048,0.067,0.077,0.028,0.045,0.044,0.098,0.021,0.147,2.642,0.294,0.006,0.061,1.525,0.099,0.328,0.241,0.022,0.816,0.005,0.212,0.099,0.112,0.943,0.008,0.035,0.012,0.095,0.006,0.031,1.663,0.001,0.005,0.001,0.0,0.037,0.0,10.413,0.566,0.125,0.018,0.0,0.014,0.001,0.398,0.627,0.009,0.005,0.0,0.004,0.058,0.053,0.0,0.017,0.1,0.019,0.033,0.011,0.006,0.003,0.006,0.009,0.136,0.002,0.033,0.175,0.013,0.018,0.017,0.009,0.011,0.013,0.056,1.16,0.0,0.014
Kepulauan Talaud,71,Sulawesi Utara,Sulawesi,Kabupaten,0.001,0.001,0.013,0.174,0.005,0.0,0.001,0.017,0.021,0.011,0.076,0.112,0.006,0.014,0.175,0.002,0.05,0.015,0.0,0.0,0.0,0.0,0.0,0.008,0.0,0.0,0.018,0.0,0.333,0.006,0.0,0.052,0.0,0.0,0.0,0.052,0.059,0.009,0.011,0.0,0.031,0.002,0.001,0.0,0.0,0.0,0.006,0.0,0.001,0.071,0.024,0.0,0.004,0.0,0.001,0.031,0.086,0.0,0.037,0.05,0.0,0.0,0.0,0.001,0.053,0.232,0.039,0.009,0.013,0.029,0.0,0.051,0.005,0.005,0.062,1.91,0.148,0.0,0.03,1.144,0.054,0.19,0.176,0.006,0.155,0.011,0.111,0.017,0.023,0.572,0.033,0.02,0.001,0.049,0.001,0.005,1.658,0.0,0.002,0.001,0.0,0.049,0.0,10.523,0.284,0.319,0.07,0.003,0.056,0.0,0.477,0.673,0.011,0.006,0.0,0.001,0.064,0.029,0.0,0.02,0.125,0.013,0.007,0.021,0.007,0.011,0.0,0.007,0.062,0.005,0.098,0.016,0.005,0.01,0.02,0.02,0.013,0.001,0.027,1.248,0.0,0.0
Minahasa Selatan,71,Sulawesi Utara,Sulawesi,Kabupaten,0.02,0.007,0.023,0.361,0.193,0.001,0.001,0.018,0.07,0.015,0.108,0.094,0.006,0.062,0.03,0.011,0.068,0.021,0.001,0.0,0.001,0.012,0.0,0.0,0.0,0.001,0.0,0.0,0.252,0.011,0.0,0.057,0.001,0.001,0.0,0.002,0.023,0.009,0.002,0.004,0.018,0.0,0.0,0.001,0.002,0.0,0.048,0.003,0.0,0.083,0.009,0.001,0.003,0.0,0.001,0.163,0.042,0.0,0.232,0.067,0.0,0.0,0.0,0.002,0.207,0.261,0.063,0.063,0.054,0.025,0.137,0.152,0.084,0.023,0.388,2.113,0.307,0.0,0.053,1.955,0.294,0.163,0.379,0.024,0.353,0.023,0.688,0.076,0.012,0.636,0.042,0.108,0.009,0.162,0.019,0.061,1.949,0.003,0.025,0.01,0.0,0.058,0.014,12.142,0.77,1.689,0.034,0.0,0.006,0.0,0.384,0.487,0.006,0.006,0.0,0.001,0.076,0.032,0.0,0.01,0.09,0.014,0.021,0.012,0.0,0.007,0.005,0.032,0.25,0.004,0.045,0.146,0.038,0.029,0.015,0.033,0.029,0.0,0.034,1.3,0.009,0.06
Minahasa Utara,71,Sulawesi Utara,Sulawesi,Kabupaten,0.01,0.009,0.024,0.297,0.077,0.0,0.018,0.042,0.09,0.028,0.089,0.125,0.006,0.035,0.052,0.012,0.101,0.025,0.013,0.0,0.001,0.001,0.002,0.0,0.0,0.0,0.013,0.0,0.235,0.017,0.004,0.053,0.0,0.0,0.001,0.009,0.051,0.013,0.004,0.0,0.06,0.007,0.0,0.002,0.003,0.0,0.074,0.001,0.0,0.102,0.02,0.006,0.003,0.011,0.01,0.034,0.116,0.0,0.215,0.035,0.002,0.0,0.0,0.003,0.214,0.282,0.138,0.104,0.097,0.075,0.217,0.141,0.049,0.064,0.49,1.73,0.191,0.01,0.046,1.36,0.118,0.247,0.32,0.041,0.346,0.008,0.538,0.189,0.069,0.814,0.22,0.097,0.061,0.149,0.029,0.028,1.762,0.002,0.024,0.009,0.0,0.031,0.0,10.058,0.134,1.227,0.03,0.005,0.082,0.0,0.419,0.672,0.016,0.005,0.0,0.012,0.077,0.044,0.0,0.015,0.13,0.019,0.018,0.026,0.003,0.01,0.006,0.035,0.08,0.01,0.057,0.086,0.024,0.032,0.017,0.09,0.017,0.008,0.085,1.542,0.0,0.074
Bolaang Mongondow Utara,71,Sulawesi Utara,Sulawesi,Kabupaten,0.0,0.002,0.024,0.346,0.022,0.001,0.005,0.096,0.046,0.007,0.105,0.1,0.0,0.026,0.097,0.023,0.03,0.001,0.001,0.0,0.005,0.0,0.0,0.0,0.002,0.0,0.013,0.0,0.092,0.005,0.0,0.063,0.004,0.0,0.003,0.017,0.0,0.028,0.012,0.001,0.077,0.001,0.011,0.0,0.0,0.0,0.019,0.0,0.0,0.094,0.012,0.0,0.003,0.017,0.024,0.119,0.111,0.0,0.185,0.004,0.0,0.0,0.0,0.008,0.056,0.244,0.173,0.11,0.055,0.037,0.025,0.118,0.107,0.031,0.399,2.554,0.195,0.006,0.009,1.749,0.067,0.334,0.18,0.076,0.566,0.005,0.756,0.125,0.243,0.679,0.036,0.113,0.011,0.254,0.157,0.016,1.718,0.006,0.021,0.01,0.0,0.04,0.0,13.383,0.69,0.726,0.158,0.0,0.042,0.002,0.241,0.579,0.022,0.002,0.001,0.001,0.066,0.077,0.0,0.025,0.159,0.018,0.006,0.004,0.002,0.008,0.003,0.004,0.046,0.002,0.068,0.015,0.005,0.021,0.02,0.058,0.039,0.0,0.057,1.062,0.0,0.004
Siau Tagulandang Biaro,71,Sulawesi Utara,Sulawesi,Kabupaten,0.003,0.003,0.027,0.251,0.226,0.0,0.001,0.076,0.061,0.005,0.059,0.13,0.021,0.007,0.0,0.024,0.085,0.02,0.001,0.0,0.0,0.0,0.0,0.0,0.0,0.0,0.004,0.0,0.171,0.014,0.001,0.023,0.0,0.0,0.003,0.0,0.012,0.038,0.015,0.0,0.009,0.0,0.0,0.0,0.0,0.0,0.0,0.0,0.0,0.134,0.006,0.0,0.002,0.0,0.0,0.003,0.199,0.0,0.147,0.013,0.0,0.0,0.0,0.001,0.099,0.083,0.062,0.062,0.062,0.013,0.028,0.163,0.032,0.067,0.237,2.493,0.154,0.008,0.006,1.025,0.001,0.128,0.184,0.034,1.118,0.029,0.505,0.077,0.17,0.586,0.066,0.057,0.014,0.139,0.005,0.031,1.709,0.002,0.004,0.0,0.0,0.01,0.004,12.323,0.107,0.361,0.03,0.011,0.053,0.0,0.193,0.572,0.009,0.003,0.001,0.002,0.065,0.018,0.0,0.011,0.086,0.02,0.024,0.013,0.001,0.003,0.008,0.015,0.039,0.002,0.046,0.192,0.012,0.029,0.014,0.021,0.009,0.0,0.106,1.127,0.0,0.018
Minahasa Tenggara,71,Sulawesi Utara,Sulawesi,Kabupaten,0.006,0.01,0.018,0.115,0.091,0.001,0.005,0.126,0.056,0.021,0.149,0.088,0.01,0.045,0.036,0.019,0.052,0.019,0.0,0.0,0.0,0.008,0.0,0.0,0.001,0.0,0.022,0.001,0.235,0.002,0.0,0.035,0.009,0.0,0.0,0.011,0.015,0.004,0.002,0.0,0.019,0.0,0.0,0.0,0.002,0.0,0.069,0.0,0.0,0.031,0.001,0.0,0.005,0.002,0.003,0.063,0.1,0.0,0.14,0.096,0.0,0.0,0.0,0.002,0.145,0.32,0.074,0.108,0.02,0.09,0.131,0.161,0.114,0.046,0.259,2.172,0.288,0.005,0.098,1.649,0.326,0.275,0.318,0.065,0.213,0.021,0.461,0.184,0.129,0.886,0.145,0.06,0.014,0.242,0.011,0.043,1.868,0.001,0.039,0.002,0.0,0.041,0.005,15.234,0.543,1.04,0.009,0.009,0.022,0.002,0.396,0.849,0.011,0.003,0.0,0.005,0.094,0.008,0.0,0.007,0.092,0.012,0.011,0.01,0.0,0.003,0.005,0.014,0.171,0.007,0.041,0.121,0.015,0.022,0.011,0.067,0.01,0.006,0.029,1.279,0.002,0.004
Bolaang Mongondow Selatan,71,Sulawesi Utara,Sulawesi,Kabupaten,0.003,0.007,0.006,0.077,0.162,0.0,0.007,0.206,0.029,0.015,0.143,0.096,0.01,0.038,0.002,0.015,0.013,0.0,0.0,0.0,0.0,0.0,0.0,0.0,0.0,0.0,0.005,0.0,0.161,0.09,0.0,0.028,0.001,0.0,0.0,0.005,0.004,0.017,0.031,0.0,0.015,0.001,0.001,0.0,0.0,0.0,0.003,0.0,0.0,0.226,0.003,0.0,0.019,0.001,0.006,0.035,0.115,0.0,0.02,0.006,0.0,0.0,0.0,0.002,0.062,0.341,0.092,0.151,0.031,0.106,0.189,0.109,0.132,0.037,0.239,2.172,0.131,0.002,0.056,1.966,0.085,0.34,0.277,0.074,0.158,0.007,0.69,0.15,0.179,0.663,0.011,0.261,0.022,0.154,0.107,0.013,1.842,0.001,0.016,0.053,0.0,0.015,0.009,14.342,0.108,4.624,0.128,0.001,0.022,0.0,0.228,0.586,0.022,0.003,0.0,0.003,0.121,0.011,0.0,0.017,0.133,0.02,0.001,0.014,0.0,0.005,0.004,0.003,0.056,0.002,0.059,0.146,0.005,0.011,0.026,0.015,0.031,0.004,0.028,0.913,0.0,0.008
Bolaang Mongondow Timur,71,Sulawesi Utara,Sulawesi,Kabupaten,0.01,0.009,0.022,0.197,0.215,0.001,0.006,0.14,0.053,0.025,0.12,0.158,0.005,0.047,0.018,0.016,0.045,0.006,0.001,0.0,0.005,0.001,0.0,0.0,0.006,0.0,0.005,0.0,0.145,0.006,0.0,0.063,0.003,0.0,0.001,0.031,0.003,0.01,0.006,0.018,0.06,0.001,0.002,0.0,0.001,0.0,0.051,0.002,0.0,0.051,0.014,0.0,0.003,0.001,0.026,0.08,0.044,0.0,0.515,0.019,0.0,0.0,0.0,0.005,0.082,0.276,0.11,0.113,0.112,0.065,0.422,0.123,0.09,0.062,0.455,2.153,0.102,0.003,0.024,2.171,0.049,0.127,0.439,0.047,0.193,0.004,0.323,0.169,0.057,0.829,0.068,0.093,0.019,0.267,0.047,0.019,1.968,0.001,0.01,0.018,0.0,0.025,0.0,24.019,0.208,0.86,0.025,0.001,0.015,0.009,0.24,0.601,0.021,0.01,0.001,0.0,0.091,0.032,0.0,0.02,0.113,0.023,0.026,0.006,0.006,0.002,0.009,0.031,0.09,0.01,0.061,0.128,0.015,0.013,0.023,0.04,0.051,0.004,0.042,0.957,0.0,0.042
Kota Manado,71,Sulawesi Utara,Sulawesi,Kota,0.003,0.015,0.012,0.29,0.044,0.0,0.005,0.016,0.068,0.017,0.084,0.063,0.004,0.032,0.084,0.011,0.095,0.022,0.005,0.0,0.001,0.0,0.001,0.0,0.0,0.0,0.001,0.0,0.215,0.016,0.0,0.036,0.001,0.0,0.0,0.01,0.006,0.0,0.001,0.0,0.022,0.0,0.0,0.0,0.0,0.0,0.071,0.0,0.001,0.142,0.001,0.0,0.006,0.001,0.007,0.016,0.05,0.0,0.109,0.042,0.0,0.0,0.0,0.003,0.335,0.539,0.192,0.095,0.106,0.067,0.038,0.175,0.081,0.092,0.33,2.003,0.223,0.01,0.064,1.606,0.2,0.223,0.346,0.031,0.398,0.005,0.919,0.186,0.028,0.946,0.241,0.12,0.029,0.187,0.028,0.063,1.539,0.0,0.013,0.007,0.005,0.024,0.005,8.553,0.295,1.766,0.007,0.007,0.092,0.004,0.392,0.64,0.015,0.009,0.001,0.009,0.081,0.034,0.0,0.01,0.11,0.024,0.021,0.026,0.003,0.003,0.017,0.045,0.02,0.013,0.051,0.056,0.029,0.029,0.023,0.071,0.029,0.0,0.045,1.662,0.0,0.033
Kota Bitung,71,Sulawesi Utara,Sulawesi,Kota,0.002,0.01,0.023,0.339,0.061,0.001,0.015,0.097,0.054,0.035,0.09,0.13,0.006,0.058,0.125,0.007,0.092,0.005,0.007,0.0,0.003,0.0,0.003,0.0,0.0,0.0,0.001,0.001,0.27,0.032,0.0,0.021,0.0,0.0,0.0,0.007,0.019,0.006,0.006,0.0,0.06,0.0,0.002,0.001,0.0,0.0,0.038,0.0,0.0,0.142,0.002,0.0,0.005,0.006,0.012,0.008,0.113,0.0,0.121,0.035,0.0,0.0,0.0,0.0,0.486,0.372,0.267,0.199,0.068,0.09,0.319,0.169,0.264,0.088,0.465,1.888,0.42,0.012,0.036,1.994,0.223,0.388,0.291,0.044,0.383,0.009,1.11,0.202,0.16,1.066,0.242,0.195,0.05,0.231,0.02,0.046,1.668,0.001,0.024,0.016,0.0,0.04,0.0,12.591,0.937,0.818,0.011,0.011,0.094,0.004,0.363,0.559,0.013,0.006,0.0,0.006,0.077,0.036,0.0,0.014,0.14,0.03,0.026,0.036,0.005,0.003,0.004,0.036,0.044,0.013,0.037,0.053,0.016,0.017,0.02,0.095,0.033,0.013,0.026,1.752,0.004,0.01
Kota Tomohon,71,Sulawesi Utara,Sulawesi,Kota,0.007,0.024,0.009,0.326,0.068,0.0,0.023,0.035,0.072,0.085,0.05,0.111,0.01,0.06,0.108,0.014,0.108,0.043,0.002,0.0,0.001,0.001,0.0,0.001,0.003,0.0,0.0,0.0,0.238,0.018,0.0,0.04,0.001,0.0,0.0,0.011,0.01,0.001,0.002,0.0,0.023,0.0,0.0,0.002,0.002,0.0,0.101,0.0,0.0,0.152,0.013,0.0,0.001,0.004,0.031,0.12,0.049,0.0,0.306,0.068,0.0,0.0,0.0,0.003,0.166,0.155,0.092,0.199,0.234,0.018,0.141,0.13,0.017,0.079,0.618,2.317,0.28,0.003,0.022,1.881,0.08,0.298,0.541,0.121,0.355,0.007,0.388,0.22,0.224,1.143,0.554,0.066,0.041,0.314,0.06,0.027,1.606,0.001,0.015,0.009,0.0,0.03,0.0,12.129,0.713,1.172,0.003,0.002,0.059,0.004,0.496,0.592,0.021,0.021,0.0,0.008,0.083,0.023,0.0,0.016,0.143,0.034,0.041,0.02,0.007,0.005,0.023,0.083,0.158,0.018,0.048,0.059,0.04,0.035,0.021,0.028,0.01,0.001,0.093,1.334,0.0,0.003
Kota Kotamobagu,71,Sulawesi Utara,Sulawesi,Kota,0.009,0.01,0.137,0.41,0.234,0.001,0.008,0.016,0.074,0.028,0.165,0.189,0.006,0.042,0.034,0.023,0.039,0.006,0.002,0.0,0.002,0.0,0.004,0.0,0.001,0.0,0.0,0.0,0.102,0.009,0.0,0.011,0.0,0.0,0.0,0.015,0.002,0.002,0.0,0.006,0.124,0.003,0.0,0.0,0.002,0.0,0.025,0.023,0.0,0.066,0.003,0.0,0.002,0.004,0.004,0.074,0.009,0.0,1.011,0.013,0.0,0.0,0.0,0.012,0.15,0.274,0.054,0.145,0.228,0.075,1.498,0.21,0.155,0.103,0.643,2.337,0.256,0.002,0.039,2.229,0.004,0.547,0.497,0.033,0.221,0.004,0.905,0.179,0.033,1.116,0.123,0.069,0.014,0.35,0.012,0.024,1.763,0.004,0.037,0.024,0.0,0.02,0.045,12.809,0.663,4.135,0.058,0.003,0.023,0.001,0.217,0.547,0.04,0.011,0.0,0.003,0.081,0.013,0.001,0.032,0.121,0.017,0.022,0.006,0.004,0.0,0.004,0.019,0.157,0.018,0.065,0.118,0.028,0.019,0.02,0.063,0.023,0.008,0.028,1.218,0.012,0.005
Banggai Kepulauan,72,Sulawesi Tengah,Sulawesi,Kabupaten,0.003,0.003,0.049,0.033,0.341,0.0,0.007,0.136,0.043,0.018,0.288,0.046,0.006,0.046,0.077,0.018,0.013,0.002,0.0,0.0,0.002,0.01,0.0,0.0,0.0,0.0,0.035,0.0,0.102,0.015,0.0,0.057,0.0,0.0,0.0,0.0,0.0,0.096,0.031,0.001,0.127,0.004,0.001,0.001,0.0,0.0,0.0,0.0,0.0,0.12,0.002,0.0,0.014,0.0,0.025,0.002,0.132,0.0,0.024,0.009,0.0,0.0,0.0,0.002,0.018,0.255,0.028,0.039,0.025,0.005,0.01,0.035,0.26,0.027,0.096,2.829,0.229,0.0,0.041,0.805,0.072,0.225,0.102,0.037,0.096,0.008,0.626,0.006,0.037,0.25,0.021,0.045,0.012,0.237,0.057,0.006,2.027,0.0,0.012,0.0,0.0,0.016,0.126,9.32,2.843,1.362,0.12,0.0,0.013,0.0,0.273,0.375,0.032,0.002,0.0,0.006,0.045,0.061,0.0,0.055,0.113,0.008,0.021,0.05,0.004,0.05,0.003,0.002,0.034,0.006,0.087,0.036,0.004,0.005,0.021,0.003,0.012,0.001,0.05,0.833,0.008,0.014
Banggai,72,Sulawesi Tengah,Sulawesi,Kabupaten,0.021,0.017,0.07,0.06,0.305,0.001,0.022,0.137,0.085,0.024,0.199,0.127,0.023,0.061,0.046,0.045,0.057,0.015,0.001,0.0,0.001,0.001,0.002,0.0,0.002,0.0,0.011,0.0,0.056,0.034,0.0,0.051,0.002,0.0,0.004,0.006,0.023,0.074,0.018,0.003,0.063,0.004,0.009,0.006,0.0,0.0,0.037,0.003,0.0,0.138,0.007,0.0,0.001,0.001,0.035,0.084,0.215,0.0,0.037,0.006,0.003,0.0,0.003,0.004,0.202,0.369,0.106,0.118,0.018,0.038,0.061,0.214,0.205,0.124,0.425,3.011,0.588,0.012,0.04,2.236,0.309,0.614,0.31,0.047,0.609,0.003,0.383,0.085,0.297,0.844,0.095,0.368,0.021,0.374,0.243,0.043,1.744,0.007,0.067,0.02,0.0,0.048,0.0,11.331,1.104,2.67,0.105,0.017,0.085,0.011,0.251,0.426,0.061,0.008,0.001,0.02,0.063,0.05,0.001,0.052,0.13,0.013,0.042,0.034,0.015,0.051,0.011,0.017,0.059,0.03,0.09,0.048,0.01,0.015,0.011,0.029,0.042,0.001,0.088,1.293,0.021,0.019
Morowali,72,Sulawesi Tengah,Sulawesi,Kabupaten,0.006,0.011,0.012,0.211,0.09,0.001,0.027,0.036,0.026,0.014,0.045,0.146,0.003,0.051,0.06,0.02,0.04,0.0,0.001,0.0,0.001,0.005,0.0,0.0,0.038,0.0,0.033,0.0,0.187,0.035,0.003,0.075,0.001,0.0,0.0,0.001,0.007,0.023,0.086,0.003,0.107,0.001,0.003,0.001,0.0,0.0,0.007,0.0,0.0,0.025,0.007,0.0,0.004,0.0,0.051,0.016,0.142,0.0,0.015,0.015,0.0,0.0,0.003,0.028,0.148,0.494,0.169,0.07,0.034,0.035,0.235,0.135,0.077,0.154,0.048,1.083,0.235,0.005,0.014,0.757,0.253,0.252,0.204,0.049,0.426,0.0,0.773,0.171,0.046,0.233,0.049,0.257,0.036,0.13,0.232,0.015,1.77,0.004,0.03,0.003,0.001,0.054,0.0,31.331,0.65,2.073,0.002,0.034,0.034,0.003,0.311,0.615,0.112,0.012,0.0,0.013,0.09,0.053,0.007,0.063,0.168,0.028,0.055,0.043,0.026,0.022,0.012,0.011,0.012,0.026,0.074,0.078,0.019,0.022,0.021,0.008,0.095,0.005,0.081,1.731,0.006,0.013
Poso,72,Sulawesi Tengah,Sulawesi,Kabupaten,0.012,0.009,0.06,0.167,0.242,0.001,0.01,0.038,0.1,0.024,0.15,0.152,0.009,0.032,0.033,0.034,0.074,0.02,0.002,0.0,0.003,0.002,0.0,0.0,0.034,0.007,0.001,0.0,0.096,0.009,0.0,0.03,0.004,0.0,0.0,0.002,0.031,0.004,0.004,0.011,0.026,0.001,0.001,0.01,0.009,0.0,0.032,0.002,0.0,0.188,0.023,0.002,0.002,0.002,0.009,0.116,0.039,0.0,0.017,0.008,0.0,0.0,0.0,0.018,0.077,0.261,0.102,0.14,0.027,0.021,0.052,0.078,0.031,0.094,0.112,1.727,0.288,0.003,0.016,1.04,0.151,0.358,0.152,0.041,0.551,0.051,0.395,0.064,0.135,0.665,0.185,0.061,0.012,0.287,0.236,0.017,1.938,0.013,0.062,0.005,0.001,0.06,0.005,14.725,1.971,0.451,0.008,0.007,0.024,0.0,0.417,0.665,0.053,0.021,0.001,0.004,0.078,0.093,0.001,0.024,0.113,0.025,0.076,0.019,0.012,0.012,0.035,0.009,0.029,0.006,0.085,0.091,0.017,0.015,0.021,0.047,0.04,0.001,0.123,1.754,0.002,0.04
Donggala,72,Sulawesi Tengah,Sulawesi,Kabupaten,0.011,0.006,0.013,0.118,0.167,0.001,0.014,0.05,0.038,0.025,0.227,0.072,0.01,0.023,0.079,0.012,0.031,0.033,0.001,0.0,0.002,0.0,0.001,0.001,0.047,0.001,0.014,0.0,0.214,0.026,0.008,0.094,0.006,0.001,0.0,0.004,0.026,0.057,0.021,0.005,0.053,0.004,0.0,0.003,0.007,0.0,0.012,0.003,0.0,0.167,0.009,0.0,0.001,0.003,0.051,0.079,0.025,0.0,0.014,0.005,0.001,0.002,0.001,0.016,0.085,0.09,0.12,0.114,0.021,0.036,0.039,0.104,0.149,0.126,0.114,3.039,1.107,0.002,0.274,1.84,0.831,0.723,0.185,0.085,0.258,0.001,0.295,0.098,0.091,0.742,0.094,0.072,0.023,0.151,0.811,0.017,2.13,0.012,0.079,0.034,0.001,0.066,0.17,13.453,2.038,1.574,0.02,0.003,0.02,0.004,0.198,0.403,0.048,0.007,0.006,0.023,0.062,0.026,0.0,0.036,0.065,0.022,0.075,0.028,0.044,0.033,0.009,0.006,0.045,0.005,0.059,0.069,0.012,0.001,0.015,0.002,0.103,0.0,0.063,1.07,0.016,0.029
Toli-Toli,72,Sulawesi Tengah,Sulawesi,Kabupaten,0.003,0.007,0.026,0.172,0.051,0.003,0.027,0.036,0.048,0.008,0.157,0.044,0.004,0.026,0.011,0.009,0.01,0.002,0.003,0.0,0.001,0.001,0.0,0.0,0.017,0.001,0.01,0.0,0.143,0.011,0.0,0.012,0.007,0.0,0.001,0.0,0.041,0.219,0.007,0.002,0.067,0.0,0.001,0.001,0.0,0.0,0.004,0.004,0.0,0.05,0.01,0.003,0.002,0.015,0.039,0.042,0.003,0.0,0.004,0.006,0.0,0.0,0.0,0.009,0.075,0.204,0.135,0.062,0.007,0.011,0.359,0.126,0.131,0.09,0.221,3.145,0.599,0.001,0.057,1.56,0.322,0.812,0.148,0.037,0.361,0.001,0.313,0.09,0.068,0.421,0.116,0.143,0.01,0.146,0.21,0.02,1.588,0.005,0.069,0.002,0.001,0.051,0.028,13.741,3.665,0.0,0.015,0.024,0.064,0.0,0.214,0.415,0.049,0.003,0.001,0.023,0.056,0.028,0.001,0.019,0.078,0.01,0.032,0.02,0.013,0.027,0.011,0.005,0.046,0.005,0.061,0.03,0.006,0.009,0.011,0.006,0.052,0.001,0.021,1.289,0.021,0.003
Buol,72,Sulawesi Tengah,Sulawesi,Kabupaten,0.001,0.007,0.006,0.225,0.073,0.002,0.012,0.121,0.075,0.021,0.165,0.158,0.004,0.026,0.06,0.02,0.035,0.001,0.001,0.0,0.004,0.0,0.0,0.0,0.024,0.0,0.004,0.0,0.209,0.002,0.0,0.037,0.01,0.0,0.0,0.001,0.001,0.077,0.007,0.004,0.069,0.003,0.0,0.0,0.0,0.0,0.005,0.007,0.0,0.104,0.015,0.0,0.012,0.008,0.014,0.075,0.011,0.0,0.0,0.028,0.0,0.002,0.0,0.005,0.111,0.432,0.05,0.099,0.018,0.009,0.907,0.129,0.069,0.056,0.199,3.087,0.628,0.001,0.067,2.013,0.462,0.902,0.11,0.039,0.313,0.0,0.294,0.062,0.014,0.541,0.01,0.261,0.007,0.136,0.551,0.009,1.575,0.004,0.109,0.003,0.003,0.046,0.025,12.921,4.732,0.595,0.008,0.006,0.041,0.002,0.215,0.505,0.08,0.005,0.0,0.006,0.09,0.033,0.002,0.048,0.195,0.011,0.04,0.036,0.014,0.017,0.013,0.007,0.019,0.007,0.045,0.016,0.005,0.005,0.015,0.039,0.039,0.009,0.07,0.966,0.009,0.008
Parigi Moutong,72,Sulawesi Tengah,Sulawesi,Kabupaten,0.007,0.011,0.039,0.09,0.125,0.012,0.021,0.095,0.081,0.015,0.129,0.068,0.009,0.085,0.046,0.042,0.039,0.029,0.0,0.001,0.002,0.002,0.001,0.001,0.061,0.014,0.01,0.0,0.116,0.025,0.003,0.03,0.001,0.0,0.0,0.005,0.011,0.009,0.012,0.004,0.064,0.001,0.004,0.002,0.0,0.0,0.008,0.0,0.0,0.168,0.026,0.0,0.004,0.001,0.035,0.099,0.021,0.0,0.011,0.005,0.0,0.001,0.001,0.008,0.081,0.285,0.08,0.072,0.034,0.068,0.29,0.096,0.153,0.139,0.188,1.862,0.27,0.01,0.036,2.118,0.205,0.538,0.181,0.058,0.736,0.002,0.932,0.069,0.165,0.405,0.124,0.238,0.019,0.23,0.499,0.063,1.744,0.005,0.068,0.009,0.0,0.051,0.0,16.984,2.599,1.043,0.061,0.026,0.031,0.003,0.241,0.411,0.056,0.01,0.0,0.018,0.064,0.035,0.001,0.04,0.121,0.035,0.031,0.026,0.028,0.025,0.016,0.008,0.056,0.005,0.099,0.045,0.011,0.007,0.01,0.029,0.054,0.002,0.031,1.193,0.011,0.0
Tojo Una-Una,72,Sulawesi Tengah,Sulawesi,Kabupaten,0.002,0.005,0.012,0.117,0.209,0.002,0.004,0.089,0.074,0.024,0.133,0.075,0.005,0.026,0.0,0.031,0.028,0.002,0.0,0.0,0.001,0.0,0.0,0.0,0.0,0.0,0.003,0.0,0.091,0.019,0.0,0.04,0.003,0.0,0.0,0.017,0.017,0.007,0.034,0.003,0.027,0.001,0.0,0.001,0.0,0.0,0.008,0.0,0.0,0.265,0.013,0.0,0.001,0.002,0.012,0.022,0.1,0.0,0.005,0.003,0.0,0.0,0.0,0.002,0.018,0.235,0.017,0.174,0.023,0.027,0.087,0.054,0.207,0.053,0.165,2.379,0.354,0.01,0.001,1.634,0.418,0.489,0.086,0.044,0.368,0.0,0.769,0.031,0.097,0.573,0.101,0.184,0.003,0.263,0.158,0.012,1.65,0.002,0.023,0.013,0.0,0.03,0.137,17.385,4.89,0.283,0.058,0.008,0.014,0.001,0.236,0.491,0.058,0.011,0.003,0.005,0.071,0.056,0.002,0.045,0.097,0.016,0.013,0.031,0.002,0.018,0.014,0.003,0.02,0.004,0.071,0.161,0.004,0.01,0.011,0.006,0.061,0.0,0.087,1.046,0.002,0.0
Sigi,72,Sulawesi Tengah,Sulawesi,Kabupaten,0.006,0.007,0.007,0.12,0.069,0.004,0.019,0.051,0.105,0.02,0.113,0.052,0.006,0.031,0.124,0.014,0.035,0.009,0.0,0.0,0.002,0.001,0.0,0.0,0.088,0.001,0.0,0.0,0.067,0.011,0.001,0.079,0.003,0.001,0.0,0.049,0.023,0.009,0.0,0.018,0.028,0.0,0.0,0.004,0.002,0.0,0.023,0.001,0.0,0.036,0.017,0.002,0.007,0.007,0.015,0.121,0.044,0.0,0.018,0.007,0.0,0.001,0.016,0.006,0.111,0.046,0.068,0.045,0.015,0.072,0.274,0.081,0.118,0.146,0.108,1.63,0.572,0.007,0.049,1.428,0.158,0.719,0.133,0.075,0.466,0.039,0.879,0.047,0.079,0.814,0.122,0.1,0.008,0.123,0.379,0.012,2.173,0.009,0.065,0.019,0.0,0.061,0.0,16.31,0.732,1.073,0.014,0.018,0.104,0.002,0.291,0.542,0.046,0.011,0.01,0.025,0.08,0.092,0.001,0.037,0.085,0.017,0.089,0.031,0.048,0.022,0.024,0.009,0.088,0.006,0.102,0.034,0.008,0.009,0.011,0.01,0.088,0.0,0.041,1.303,0.005,0.001
Banggai Laut,72,Sulawesi Tengah,Sulawesi,Kabupaten,0.001,0.003,0.031,0.04,0.255,0.0,0.005,0.242,0.024,0.006,0.067,0.062,0.012,0.13,0.035,0.019,0.011,0.003,0.0,0.0,0.002,0.0,0.0,0.0,0.0,0.0,0.048,0.0,0.153,0.039,0.003,0.063,0.0,0.0,0.001,0.0,0.024,0.111,0.006,0.0,0.172,0.0,0.0,0.0,0.001,0.0,0.0,0.0,0.0,0.118,0.0,0.0,0.005,0.0,0.0,0.005,0.076,0.0,0.001,0.001,0.0,0.0,0.0,0.0,0.038,0.199,0.019,0.052,0.014,0.008,0.091,0.063,0.231,0.045,0.182,2.705,0.225,0.01,0.004,0.839,0.031,0.538,0.079,0.125,0.119,0.0,0.373,0.085,0.083,0.802,0.08,0.036,0.006,0.101,0.192,0.016,2.03,0.002,0.005,0.002,0.0,0.01,0.009,8.913,1.521,1.852,0.008,0.001,0.002,0.0,0.399,0.586,0.071,0.001,0.0,0.02,0.052,0.039,0.0,0.059,0.124,0.008,0.012,0.085,0.005,0.049,0.005,0.004,0.007,0.006,0.103,0.038,0.005,0.006,0.005,0.013,0.038,0.0,0.031,1.066,0.002,0.002
Morowali Utara,72,Sulawesi Tengah,Sulawesi,Kabupaten,0.008,0.013,0.015,0.111,0.177,0.003,0.029,0.034,0.074,0.025,0.134,0.139,0.007,0.048,0.037,0.03,0.068,0.013,0.003,0.0,0.008,0.018,0.001,0.0,0.041,0.0,0.006,0.004,0.113,0.022,0.014,0.104,0.052,0.002,0.003,0.004,0.015,0.026,0.004,0.017,0.143,0.002,0.014,0.009,0.005,0.0,0.067,0.001,0.004,0.032,0.012,0.0,0.001,0.007,0.039,0.087,0.03,0.0,0.026,0.005,0.0,0.001,0.002,0.008,0.157,0.509,0.108,0.065,0.023,0.024,0.182,0.11,0.222,0.276,0.063,2.231,0.501,0.007,0.082,1.804,0.447,0.536,0.174,0.079,0.538,0.03,0.319,0.037,0.125,0.824,0.175,0.261,0.006,0.22,0.277,0.038,1.698,0.006,0.078,0.01,0.0,0.09,0.0,21.96,1.723,2.462,0.026,0.007,0.022,0.011,0.672,0.815,0.083,0.021,0.002,0.024,0.076,0.1,0.004,0.07,0.145,0.03,0.045,0.04,0.01,0.025,0.032,0.012,0.044,0.007,0.088,0.065,0.019,0.015,0.017,0.021,0.076,0.024,0.089,1.854,0.008,0.043
Kota Palu,72,Sulawesi Tengah,Sulawesi,Kota,0.014,0.023,0.038,0.16,0.037,0.004,0.025,0.039,0.075,0.018,0.063,0.062,0.008,0.059,0.088,0.01,0.056,0.001,0.007,0.0,0.002,0.008,0.0,0.0,0.029,0.0,0.004,0.0,0.072,0.016,0.001,0.072,0.0,0.0,0.0,0.006,0.012,0.019,0.002,0.001,0.053,0.0,0.002,0.0,0.0,0.0,0.007,0.001,0.0,0.205,0.004,0.0,0.001,0.0,0.02,0.028,0.025,0.0,0.0,0.008,0.0,0.0,0.004,0.019,0.277,0.504,0.181,0.153,0.076,0.089,0.345,0.144,0.15,0.122,0.216,1.775,0.439,0.011,0.053,1.572,0.201,0.521,0.184,0.072,0.352,0.0,1.165,0.128,0.061,0.891,0.499,0.141,0.05,0.337,0.617,0.044,1.449,0.003,0.082,0.02,0.001,0.046,0.077,9.519,0.506,0.401,0.009,0.014,0.097,0.015,0.361,0.549,0.079,0.012,0.002,0.027,0.056,0.013,0.0,0.03,0.098,0.029,0.061,0.033,0.012,0.005,0.029,0.013,0.05,0.012,0.06,0.018,0.03,0.014,0.02,0.079,0.075,0.003,0.04,1.629,0.0,0.05
Kepulauan Selayar,73,Sulawesi Selatan,Sulawesi,Kabupaten,0.004,0.013,0.087,0.106,0.024,0.003,0.014,0.07,0.065,0.018,0.2,0.096,0.003,0.004,0.004,0.013,0.047,0.0,0.001,0.0,0.003,0.006,0.0,0.0,0.015,0.0,0.072,0.008,0.124,0.019,0.001,0.009,0.0,0.0,0.0,0.0,0.055,0.191,0.085,0.004,0.088,0.006,0.006,0.001,0.0,0.0,0.0,0.0,0.0,0.028,0.006,0.0,0.0,0.001,0.036,0.046,0.022,0.0,0.001,0.001,0.0,0.002,0.0,0.012,0.172,0.406,0.118,0.107,0.007,0.021,0.022,0.07,0.163,0.057,0.174,3.654,1.066,0.048,0.174,0.94,0.372,0.924,0.326,0.05,0.532,0.001,0.407,0.098,0.183,1.137,0.192,0.137,0.019,0.16,0.048,0.027,1.77,0.032,0.07,0.069,0.004,0.141,0.014,17.016,0.481,0.513,0.141,0.0,0.006,0.002,0.214,0.517,0.037,0.0,0.0,0.015,0.018,0.008,0.0,0.022,0.06,0.032,0.031,0.046,0.011,0.022,0.002,0.001,0.182,0.007,0.07,0.018,0.012,0.006,0.01,0.033,0.066,0.003,0.096,1.377,0.001,0.0
Bulukumba,73,Sulawesi Selatan,Sulawesi,Kabupaten,0.007,0.006,0.092,0.26,0.396,0.001,0.006,0.052,0.031,0.023,0.202,0.319,0.002,0.053,0.005,0.028,0.081,0.0,0.005,0.0,0.003,0.003,0.001,0.0,0.177,0.016,0.009,0.002,0.113,0.026,0.0,0.028,0.002,0.0,0.0,0.0,0.01,0.114,0.01,0.001,0.06,0.009,0.002,0.003,0.0,0.0,0.019,0.007,0.0,0.044,0.003,0.0,0.005,0.006,0.051,0.059,0.075,0.0,0.028,0.017,0.0,0.002,0.001,0.048,0.227,0.247,0.209,0.109,0.013,0.024,0.209,0.12,0.07,0.156,0.06,2.025,0.706,0.004,0.385,2.038,0.194,0.78,0.511,0.178,0.479,0.001,0.246,0.126,0.118,0.891,0.414,0.108,0.011,0.071,0.125,0.034,1.879,0.037,0.183,0.019,0.009,0.135,0.001,13.934,1.305,2.014,0.077,0.006,0.034,0.001,0.253,0.546,0.052,0.019,0.002,0.024,0.032,0.057,0.011,0.052,0.11,0.051,0.088,0.043,0.036,0.049,0.016,0.019,0.164,0.012,0.078,0.041,0.025,0.004,0.013,0.01,0.062,0.005,0.087,1.778,0.003,0.0
Bantaeng,73,Sulawesi Selatan,Sulawesi,Kabupaten,0.021,0.005,0.133,0.372,0.34,0.006,0.01,0.053,0.018,0.032,0.234,0.318,0.003,0.047,0.008,0.029,0.058,0.0,0.002,0.0,0.006,0.001,0.002,0.0,0.162,0.002,0.003,0.0,0.048,0.009,0.0,0.007,0.002,0.0,0.0,0.0,0.033,0.166,0.011,0.004,0.102,0.006,0.003,0.003,0.001,0.0,0.003,0.004,0.0,0.056,0.01,0.0,0.0,0.006,0.082,0.131,0.002,0.0,0.002,0.003,0.0,0.004,0.0,0.013,0.604,0.049,0.279,0.109,0.011,0.037,0.114,0.21,0.182,0.055,0.167,4.253,0.953,0.014,0.568,3.577,0.156,0.849,0.727,0.127,0.87,0.006,1.078,0.137,0.13,1.771,0.251,0.161,0.021,0.193,0.488,0.039,1.633,0.012,0.103,0.042,0.001,0.144,0.001,16.755,2.193,1.911,0.033,0.002,0.022,0.002,0.185,0.439,0.036,0.061,0.002,0.007,0.03,0.163,0.001,0.025,0.096,0.114,0.06,0.031,0.03,0.016,0.01,0.03,0.215,0.004,0.089,0.032,0.026,0.014,0.009,0.022,0.062,0.008,0.034,1.759,0.049,0.034
Jeneponto,73,Sulawesi Selatan,Sulawesi,Kabupaten,0.003,0.004,0.033,0.333,0.041,0.003,0.003,0.016,0.022,0.032,0.104,0.175,0.002,0.009,0.013,0.017,0.039,0.0,0.0,0.0,0.0,0.006,0.0,0.0,0.165,0.036,0.007,0.002,0.047,0.003,0.0,0.011,0.001,0.0,0.001,0.001,0.001,0.118,0.008,0.002,0.094,0.01,0.001,0.002,0.001,0.0,0.02,0.002,0.0,0.046,0.001,0.008,0.0,0.001,0.063,0.083,0.002,0.0,0.001,0.001,0.0,0.002,0.005,0.018,0.115,0.138,0.289,0.037,0.004,0.031,0.157,0.118,0.044,0.174,0.046,1.622,0.463,0.003,0.263,1.782,0.217,0.847,0.637,0.07,0.498,0.0,0.106,0.075,0.026,1.133,0.121,0.083,0.006,0.053,0.214,0.015,1.936,0.006,0.097,0.003,0.002,0.12,0.0,17.709,0.671,0.394,0.048,0.009,0.028,0.0,0.23,0.369,0.046,0.026,0.002,0.008,0.031,0.031,0.0,0.042,0.065,0.061,0.038,0.009,0.011,0.006,0.018,0.033,0.127,0.007,0.072,0.045,0.019,0.005,0.006,0.031,0.063,0.001,0.004,1.378,0.003,0.0
Takalar,73,Sulawesi Selatan,Sulawesi,Kabupaten,0.004,0.009,0.033,0.463,0.066,0.0,0.003,0.006,0.018,0.019,0.177,0.186,0.007,0.003,0.022,0.023,0.115,0.0,0.001,0.0,0.002,0.001,0.003,0.0,0.228,0.078,0.019,0.014,0.112,0.012,0.0,0.021,0.003,0.002,0.0,0.001,0.085,0.14,0.018,0.003,0.025,0.013,0.012,0.001,0.0,0.0,0.009,0.011,0.0,0.027,0.024,0.001,0.004,0.0,0.065,0.067,0.001,0.0,0.001,0.0,0.006,0.003,0.035,0.033,0.32,0.161,0.163,0.098,0.011,0.034,0.16,0.128,0.144,0.08,0.306,1.518,0.737,0.011,0.232,2.033,0.354,0.906,0.93,0.054,0.757,0.012,0.269,0.068,0.252,1.143,0.278,0.148,0.016,0.163,0.159,0.105,1.844,0.01,0.135,0.007,0.001,0.127,0.0,17.662,0.019,0.022,0.012,0.005,0.073,0.0,0.2,0.273,0.041,0.001,0.0,0.006,0.019,0.026,0.0,0.057,0.059,0.024,0.088,0.065,0.015,0.003,0.023,0.009,0.076,0.012,0.072,0.031,0.014,0.005,0.01,0.04,0.054,0.034,0.016,1.632,0.034,0.019
Gowa,73,Sulawesi Selatan,Sulawesi,Kabupaten,0.009,0.013,0.053,0.378,0.133,0.002,0.01,0.02,0.032,0.038,0.135,0.19,0.015,0.023,0.032,0.014,0.152,0.0,0.003,0.0,0.003,0.002,0.001,0.0,0.15,0.019,0.002,0.0,0.094,0.008,0.003,0.008,0.001,0.001,0.001,0.017,0.039,0.081,0.009,0.005,0.059,0.0,0.001,0.013,0.001,0.0,0.01,0.031,0.002,0.014,0.006,0.002,0.001,0.004,0.059,0.096,0.009,0.0,0.033,0.005,0.004,0.001,0.0,0.027,0.34,0.207,0.213,0.1,0.046,0.08,0.389,0.314,0.138,0.118,0.11,1.867,0.563,0.043,0.249,2.182,0.064,1.035,0.902,0.182,0.808,0.009,0.506,0.178,0.089,1.026,0.579,0.174,0.028,0.08,0.244,0.066,1.739,0.012,0.105,0.008,0.0,0.138,0.013,17.354,1.757,0.718,0.087,0.005,0.045,0.009,0.301,0.477,0.057,0.03,0.002,0.018,0.029,0.087,0.0,0.065,0.116,0.067,0.092,0.047,0.03,0.016,0.042,0.031,0.077,0.018,0.048,0.04,0.037,0.007,0.016,0.027,0.091,0.0,0.026,2.073,0.037,0.018
Sinjai,73,Sulawesi Selatan,Sulawesi,Kabupaten,0.007,0.015,0.073,0.182,0.29,0.001,0.011,0.085,0.029,0.043,0.251,0.347,0.004,0.02,0.005,0.017,0.031,0.0,0.002,0.001,0.004,0.0,0.0,0.0,0.072,0.001,0.004,0.0,0.123,0.024,0.0,0.016,0.0,0.0,0.0,0.003,0.033,0.173,0.004,0.011,0.048,0.004,0.001,0.002,0.0,0.0,0.009,0.003,0.0,0.041,0.004,0.0,0.002,0.001,0.055,0.071,0.017,0.0,0.015,0.009,0.0,0.0,0.0,0.019,0.256,0.055,0.102,0.161,0.005,0.026,0.199,0.126,0.207,0.05,0.123,1.807,0.603,0.014,0.239,2.546,0.262,1.202,0.412,0.089,0.706,0.0,0.199,0.051,0.195,1.079,0.42,0.08,0.01,0.109,0.148,0.054,1.852,0.014,0.159,0.015,0.01,0.12,0.102,12.291,1.036,1.436,0.087,0.0,0.026,0.001,0.185,0.243,0.034,0.026,0.001,0.024,0.026,0.056,0.0,0.04,0.082,0.025,0.062,0.053,0.037,0.027,0.009,0.012,0.099,0.001,0.078,0.039,0.022,0.008,0.012,0.005,0.06,0.007,0.094,1.58,0.008,0.005
Maros,73,Sulawesi Selatan,Sulawesi,Kabupaten,0.008,0.014,0.049,0.388,0.054,0.002,0.006,0.006,0.016,0.01,0.12,0.158,0.011,0.006,0.01,0.008,0.108,0.0,0.001,0.001,0.004,0.034,0.0,0.0,0.197,0.02,0.004,0.0,0.05,0.008,0.0,0.01,0.002,0.0,0.0,0.004,0.075,0.028,0.005,0.006,0.049,0.0,0.001,0.003,0.0,0.0,0.045,0.022,0.0,0.01,0.009,0.0,0.0,0.009,0.062,0.125,0.002,0.0,0.023,0.005,0.0,0.003,0.001,0.033,0.345,0.35,0.184,0.137,0.011,0.106,0.475,0.18,0.157,0.144,0.095,2.113,0.639,0.01,0.034,1.806,0.159,0.706,0.649,0.067,0.448,0.001,0.231,0.105,0.119,1.065,0.282,0.26,0.042,0.111,0.233,0.032,1.707,0.008,0.196,0.001,0.002,0.116,0.035,18.492,0.874,0.493,0.005,0.004,0.068,0.002,0.291,0.373,0.058,0.007,0.0,0.006,0.023,0.01,0.0,0.051,0.076,0.034,0.068,0.026,0.012,0.01,0.021,0.019,0.07,0.012,0.039,0.039,0.023,0.009,0.015,0.048,0.085,0.047,0.03,2.195,0.108,0.046
Pangkajene dan Kepulauan,73,Sulawesi Selatan,Sulawesi,Kabupaten,0.013,0.017,0.067,0.391,0.079,0.006,0.015,0.005,0.021,0.006,0.123,0.212,0.013,0.021,0.001,0.012,0.161,0.0,0.002,0.0,0.007,0.003,0.001,0.0,0.217,0.029,0.015,0.0,0.081,0.024,0.006,0.011,0.003,0.0,0.0,0.001,0.121,0.061,0.021,0.004,0.086,0.002,0.011,0.002,0.002,0.0,0.062,0.031,0.0,0.021,0.01,0.0,0.002,0.002,0.086,0.09,0.006,0.0,0.021,0.004,0.002,0.003,0.003,0.051,0.207,0.352,0.323,0.131,0.054,0.182,0.705,0.177,0.386,0.205,0.049,2.409,0.801,0.016,0.347,2.982,0.071,1.132,0.736,0.112,0.9,0.001,0.775,0.218,0.044,2.021,0.553,0.246,0.019,0.071,0.563,0.062,1.675,0.008,0.123,0.006,0.002,0.128,0.001,13.73,1.152,0.556,0.004,0.013,0.088,0.001,0.223,0.334,0.045,0.003,0.001,0.006,0.026,0.007,0.0,0.044,0.058,0.041,0.04,0.019,0.008,0.01,0.014,0.017,0.065,0.007,0.045,0.054,0.022,0.006,0.015,0.026,0.087,0.009,0.107,1.97,0.132,0.098
Barru,73,Sulawesi Selatan,Sulawesi,Kabupaten,0.007,0.013,0.033,0.305,0.039,0.001,0.006,0.004,0.007,0.007,0.108,0.156,0.005,0.009,0.015,0.01,0.071,0.0,0.007,0.0,0.002,0.008,0.0,0.0,0.126,0.016,0.011,0.0,0.082,0.015,0.0,0.011,0.002,0.005,0.001,0.0,0.032,0.047,0.008,0.003,0.169,0.001,0.003,0.0,0.0,0.0,0.011,0.008,0.0,0.008,0.0,0.003,0.001,0.01,0.07,0.113,0.037,0.0,0.022,0.002,0.0,0.003,0.0,0.052,0.244,0.216,0.166,0.044,0.031,0.043,0.325,0.081,0.152,0.045,0.027,1.928,0.756,0.0,0.201,2.003,0.108,0.705,0.434,0.069,0.334,0.0,0.429,0.086,0.008,1.182,0.149,0.129,0.013,0.063,0.179,0.016,1.87,0.015,0.055,0.001,0.003,0.122,0.0,10.42,3.196,1.375,0.001,0.004,0.038,0.002,0.254,0.373,0.11,0.002,0.001,0.011,0.037,0.008,0.0,0.071,0.058,0.034,0.074,0.017,0.007,0.038,0.007,0.005,0.084,0.002,0.049,0.045,0.012,0.005,0.017,0.005,0.045,0.004,0.022,2.137,0.046,0.022
Bone,73,Sulawesi Selatan,Sulawesi,Kabupaten,0.002,0.007,0.032,0.215,0.076,0.0,0.003,0.016,0.021,0.017,0.116,0.147,0.001,0.019,0.008,0.004,0.03,0.0,0.001,0.0,0.001,0.001,0.0,0.0,0.117,0.004,0.005,0.0,0.125,0.012,0.0,0.009,0.002,0.0,0.0,0.0,0.016,0.116,0.009,0.0,0.062,0.001,0.004,0.0,0.0,0.0,0.032,0.001,0.0,0.008,0.0,0.002,0.0,0.001,0.044,0.09,0.024,0.0,0.077,0.007,0.001,0.003,0.006,0.032,0.135,0.157,0.19,0.079,0.011,0.023,0.139,0.051,0.082,0.075,0.014,1.249,0.559,0.016,0.09,1.752,0.161,0.724,0.35,0.046,0.372,0.0,0.426,0.055,0.021,1.0,0.084,0.068,0.011,0.017,0.148,0.008,1.714,0.014,0.116,0.002,0.003,0.111,0.001,18.594,0.875,0.272,0.09,0.003,0.042,0.002,0.169,0.372,0.052,0.001,0.001,0.013,0.028,0.009,0.0,0.031,0.05,0.024,0.047,0.016,0.01,0.019,0.006,0.004,0.049,0.001,0.048,0.041,0.014,0.002,0.017,0.012,0.069,0.002,0.045,1.565,0.006,0.001
Soppeng,73,Sulawesi Selatan,Sulawesi,Kabupaten,0.007,0.009,0.072,0.297,0.088,0.001,0.002,0.021,0.028,0.014,0.121,0.159,0.002,0.012,0.027,0.006,0.074,0.0,0.003,0.0,0.001,0.026,0.0,0.0,0.181,0.006,0.0,0.001,0.087,0.004,0.0,0.001,0.007,0.006,0.0,0.004,0.294,0.113,0.005,0.001,0.009,0.002,0.003,0.001,0.005,0.0,0.063,0.024,0.003,0.002,0.005,0.003,0.0,0.001,0.011,0.069,0.018,0.0,0.032,0.023,0.003,0.0,0.046,0.031,0.294,0.125,0.102,0.053,0.008,0.012,0.402,0.101,0.191,0.055,0.063,1.907,0.816,0.011,0.289,1.749,0.374,0.477,0.351,0.127,0.827,0.001,0.668,0.151,0.088,0.984,0.141,0.038,0.025,0.084,0.115,0.056,1.754,0.015,0.09,0.002,0.001,0.076,0.045,21.721,0.076,0.501,0.0,0.0,0.009,0.002,0.215,0.424,0.05,0.005,0.002,0.018,0.041,0.004,0.0,0.027,0.042,0.03,0.061,0.018,0.013,0.023,0.004,0.001,0.119,0.003,0.064,0.057,0.017,0.012,0.013,0.016,0.046,0.0,0.057,2.213,0.044,0.009
Wajo,73,Sulawesi Selatan,Sulawesi,Kabupaten,0.002,0.007,0.045,0.27,0.094,0.001,0.004,0.014,0.011,0.005,0.179,0.222,0.003,0.11,0.032,0.004,0.077,0.0,0.003,0.0,0.001,0.0,0.0,0.0,0.229,0.015,0.002,0.0,0.105,0.01,0.002,0.006,0.006,0.011,0.0,0.004,0.051,0.111,0.002,0.007,0.022,0.001,0.004,0.0,0.001,0.0,0.076,0.006,0.002,0.0,0.001,0.003,0.0,0.001,0.014,0.092,0.011,0.0,0.018,0.004,0.001,0.0,0.046,0.042,0.452,0.197,0.318,0.084,0.025,0.025,0.292,0.111,0.104,0.106,0.028,1.836,0.543,0.001,0.276,1.545,0.133,0.565,0.37,0.099,0.687,0.002,0.94,0.138,0.082,0.932,0.296,0.151,0.01,0.041,0.334,0.029,1.571,0.015,0.104,0.005,0.007,0.075,0.053,22.18,1.395,0.0,0.005,0.018,0.078,0.003,0.133,0.365,0.041,0.001,0.0,0.023,0.035,0.004,0.0,0.037,0.047,0.017,0.07,0.024,0.003,0.008,0.002,0.002,0.083,0.002,0.082,0.044,0.007,0.009,0.008,0.02,0.066,0.001,0.014,2.135,0.052,0.0
Sidenreng Rappang,73,Sulawesi Selatan,Sulawesi,Kabupaten,0.005,0.025,0.031,0.371,0.137,0.001,0.009,0.017,0.013,0.007,0.088,0.323,0.006,0.038,0.019,0.004,0.115,0.0,0.004,0.0,0.001,0.036,0.0,0.0,0.192,0.015,0.0,0.002,0.124,0.016,0.0,0.005,0.008,0.002,0.0,0.015,0.114,0.058,0.001,0.0,0.006,0.0,0.001,0.003,0.002,0.0,0.014,0.134,0.0,0.006,0.0,0.001,0.0,0.005,0.017,0.054,0.011,0.0,0.083,0.006,0.0,0.002,0.01,0.051,0.271,0.245,0.223,0.095,0.041,0.048,0.255,0.147,0.265,0.136,0.066,2.273,0.567,0.011,0.216,2.356,0.358,0.905,0.488,0.11,1.062,0.0,0.856,0.223,0.128,1.035,0.135,0.149,0.029,0.099,0.361,0.026,1.699,0.012,0.127,0.01,0.001,0.069,0.0,20.027,0.76,0.536,0.005,0.112,0.089,0.01,0.258,0.478,0.054,0.002,0.001,0.038,0.05,0.015,0.0,0.048,0.104,0.016,0.088,0.01,0.003,0.011,0.007,0.003,0.037,0.001,0.07,0.103,0.017,0.009,0.016,0.007,0.053,0.004,0.046,2.235,0.087,0.018
Pinrang,73,Sulawesi Selatan,Sulawesi,Kabupaten,0.004,0.011,0.045,0.359,0.05,0.002,0.004,0.002,0.028,0.006,0.165,0.267,0.012,0.038,0.043,0.009,0.088,0.0,0.006,0.0,0.001,0.005,0.0,0.0,0.164,0.016,0.002,0.0,0.1,0.012,0.0,0.005,0.008,0.001,0.0,0.022,0.056,0.048,0.005,0.001,0.017,0.0,0.002,0.001,0.002,0.0,0.029,0.05,0.0,0.004,0.001,0.002,0.001,0.026,0.027,0.1,0.032,0.0,0.096,0.03,0.002,0.002,0.014,0.04,0.312,0.366,0.265,0.202,0.016,0.045,0.539,0.145,0.219,0.152,0.124,2.523,0.738,0.003,0.32,2.92,0.071,0.654,0.439,0.14,0.796,0.0,1.168,0.208,0.108,1.301,0.153,0.124,0.023,0.208,0.378,0.055,1.523,0.004,0.142,0.012,0.002,0.083,0.0,16.435,0.077,1.912,0.0,0.061,0.068,0.004,0.161,0.375,0.064,0.003,0.001,0.013,0.03,0.054,0.0,0.041,0.097,0.047,0.057,0.019,0.003,0.017,0.011,0.002,0.103,0.002,0.059,0.039,0.01,0.003,0.01,0.019,0.043,0.014,0.025,1.569,0.121,0.007
Enrekang,73,Sulawesi Selatan,Sulawesi,Kabupaten,0.018,0.01,0.093,0.227,0.278,0.005,0.008,0.035,0.057,0.027,0.127,0.207,0.01,0.04,0.034,0.018,0.083,0.0,0.007,0.0,0.006,0.0,0.0,0.0,0.145,0.012,0.0,0.0,0.055,0.003,0.0,0.029,0.001,0.001,0.0,0.051,0.219,0.13,0.002,0.0,0.016,0.0,0.001,0.0,0.002,0.0,0.002,0.024,0.0,0.01,0.017,0.018,0.0,0.009,0.016,0.149,0.006,0.0,0.057,0.004,0.0,0.0,0.005,0.025,0.414,0.082,0.164,0.201,0.038,0.069,0.256,0.202,0.187,0.118,0.036,2.628,0.667,0.02,0.241,2.67,0.275,0.876,0.365,0.059,0.782,0.0,0.788,0.105,0.135,1.205,0.263,0.134,0.017,0.145,0.424,0.072,1.749,0.019,0.098,0.012,0.001,0.075,0.002,17.77,1.02,0.353,0.008,0.005,0.026,0.025,0.247,0.534,0.105,0.017,0.001,0.01,0.033,0.032,0.0,0.04,0.09,0.05,0.078,0.011,0.003,0.009,0.028,0.007,0.185,0.002,0.048,0.092,0.037,0.007,0.013,0.061,0.07,0.006,0.022,2.287,0.079,0.0
Luwu,73,Sulawesi Selatan,Sulawesi,Kabupaten,0.003,0.005,0.025,0.216,0.227,0.001,0.007,0.011,0.034,0.007,0.153,0.314,0.006,0.03,0.05,0.032,0.097,0.001,0.001,0.0,0.004,0.013,0.0,0.0,0.18,0.034,0.007,0.001,0.095,0.004,0.0,0.003,0.012,0.0,0.001,0.008,0.057,0.066,0.003,0.0,0.053,0.004,0.002,0.002,0.016,0.0,0.033,0.018,0.0,0.006,0.0,0.0,0.001,0.001,0.037,0.17,0.044,0.0,0.018,0.013,0.003,0.007,0.0,0.035,0.168,0.175,0.138,0.053,0.005,0.019,0.088,0.132,0.066,0.117,0.091,1.245,0.536,0.014,0.077,1.2,0.195,0.784,0.362,0.098,0.297,0.057,0.32,0.056,0.091,1.139,0.173,0.129,0.021,0.106,0.519,0.015,1.656,0.019,0.08,0.005,0.001,0.068,0.003,17.487,0.371,0.716,0.002,0.001,0.011,0.003,0.253,0.413,0.09,0.002,0.002,0.004,0.053,0.078,0.0,0.041,0.103,0.032,0.062,0.012,0.003,0.02,0.009,0.003,0.077,0.005,0.135,0.057,0.011,0.008,0.018,0.01,0.054,0.003,0.035,1.562,0.129,0.013
Tana Toraja,73,Sulawesi Selatan,Sulawesi,Kabupaten,0.013,0.001,0.053,0.129,0.098,0.006,0.01,0.017,0.023,0.033,0.128,0.059,0.003,0.005,0.033,0.05,0.018,0.108,0.002,0.0,0.001,0.008,0.0,0.0,0.159,0.006,0.0,0.0,0.005,0.001,0.0,0.006,0.001,0.001,0.0,0.028,0.033,0.043,0.001,0.005,0.019,0.0,0.0,0.025,0.008,0.0,0.013,0.002,0.0,0.014,0.0,0.0,0.0,0.004,0.005,0.311,0.001,0.0,0.011,0.003,0.0,0.0,0.0,0.003,0.069,0.011,0.037,0.035,0.006,0.01,0.018,0.038,0.016,0.011,0.015,1.055,0.268,0.001,0.014,0.846,0.055,0.165,0.164,0.035,0.537,0.209,0.629,0.028,0.027,0.412,0.035,0.052,0.001,0.016,0.026,0.001,2.218,0.005,0.07,0.008,0.001,0.027,0.021,10.039,2.762,1.467,0.001,0.0,0.001,0.002,0.293,0.394,0.045,0.017,0.0,0.007,0.047,0.214,0.0,0.054,0.114,0.011,0.148,0.012,0.005,0.037,0.046,0.014,0.092,0.002,0.033,0.053,0.015,0.02,0.012,0.041,0.021,0.015,0.098,1.089,0.055,0.065
Luwu Utara,73,Sulawesi Selatan,Sulawesi,Kabupaten,0.009,0.014,0.036,0.235,0.335,0.003,0.019,0.026,0.055,0.013,0.217,0.283,0.016,0.09,0.041,0.038,0.066,0.004,0.001,0.0,0.004,0.005,0.002,0.0,0.227,0.012,0.001,0.0,0.122,0.002,0.001,0.016,0.017,0.0,0.0,0.011,0.032,0.042,0.001,0.004,0.106,0.003,0.001,0.005,0.005,0.0,0.103,0.01,0.0,0.014,0.004,0.0,0.0,0.0,0.028,0.089,0.061,0.0,0.0,0.002,0.0,0.004,0.002,0.041,0.197,0.114,0.491,0.37,0.003,0.021,0.399,0.154,0.219,0.167,0.371,1.245,0.64,0.014,0.043,1.117,0.205,1.321,0.3,0.055,0.493,0.001,0.106,0.04,0.665,0.967,0.116,0.142,0.016,0.519,0.667,0.103,1.844,0.008,0.112,0.0,0.001,0.089,0.003,19.767,2.701,0.318,0.012,0.002,0.013,0.0,0.253,0.397,0.119,0.004,0.001,0.003,0.084,0.136,0.005,0.062,0.13,0.044,0.064,0.035,0.014,0.034,0.017,0.005,0.073,0.009,0.143,0.05,0.008,0.012,0.018,0.066,0.088,0.013,0.028,1.923,0.026,0.0
Luwu Timur,73,Sulawesi Selatan,Sulawesi,Kabupaten,0.033,0.021,0.06,0.107,0.219,0.002,0.015,0.011,0.069,0.003,0.149,0.278,0.011,0.069,0.027,0.013,0.086,0.001,0.008,0.0,0.002,0.004,0.0,0.0,0.198,0.022,0.006,0.0,0.077,0.01,0.0,0.022,0.012,0.0,0.0,0.005,0.04,0.071,0.01,0.001,0.058,0.002,0.006,0.002,0.002,0.0,0.058,0.024,0.0,0.002,0.001,0.002,0.001,0.001,0.035,0.053,0.026,0.0,0.001,0.013,0.01,0.001,0.003,0.055,0.135,0.251,0.07,0.064,0.018,0.035,0.151,0.128,0.192,0.187,0.016,1.627,0.452,0.003,0.103,1.405,0.102,0.864,0.301,0.056,0.548,0.01,0.453,0.054,0.028,0.908,0.34,0.051,0.023,0.134,0.384,0.026,1.752,0.007,0.098,0.004,0.0,0.064,0.012,21.346,1.406,0.43,0.004,0.003,0.018,0.015,0.325,0.514,0.089,0.013,0.001,0.003,0.058,0.077,0.005,0.057,0.126,0.05,0.043,0.02,0.009,0.034,0.019,0.007,0.056,0.008,0.088,0.055,0.013,0.014,0.026,0.024,0.072,0.0,0.033,2.087,0.052,0.034
Toraja Utara,73,Sulawesi Selatan,Sulawesi,Kabupaten,0.008,0.004,0.023,0.143,0.028,0.004,0.007,0.021,0.025,0.011,0.086,0.11,0.002,0.012,0.016,0.032,0.035,0.078,0.003,0.001,0.003,0.017,0.001,0.0,0.171,0.035,0.001,0.0,0.009,0.001,0.001,0.007,0.001,0.001,0.001,0.016,0.008,0.024,0.002,0.0,0.027,0.001,0.0,0.034,0.017,0.0,0.012,0.007,0.0,0.033,0.002,0.0,0.0,0.014,0.015,0.226,0.003,0.0,0.007,0.008,0.0,0.0,0.005,0.005,0.122,0.017,0.064,0.112,0.005,0.017,0.06,0.049,0.025,0.008,0.048,1.134,0.32,0.001,0.029,1.198,0.062,0.391,0.163,0.022,0.534,0.101,0.339,0.016,0.198,0.49,0.097,0.087,0.003,0.1,0.098,0.001,1.956,0.012,0.035,0.0,0.0,0.02,0.004,10.453,0.909,0.162,0.001,0.0,0.001,0.006,0.282,0.395,0.028,0.008,0.003,0.002,0.037,0.2,0.0,0.011,0.065,0.006,0.161,0.003,0.004,0.034,0.092,0.011,0.079,0.005,0.029,0.078,0.011,0.038,0.015,0.0,0.011,0.006,0.048,1.323,0.056,0.007
Kota Makassar,73,Sulawesi Selatan,Sulawesi,Kota,0.01,0.022,0.052,0.263,0.082,0.0,0.021,0.018,0.045,0.02,0.107,0.128,0.005,0.021,0.031,0.005,0.16,0.002,0.014,0.0,0.008,0.001,0.003,0.0,0.151,0.014,0.012,0.002,0.085,0.024,0.002,0.024,0.002,0.0,0.001,0.015,0.022,0.047,0.01,0.008,0.083,0.004,0.003,0.003,0.0,0.0,0.014,0.021,0.0,0.021,0.002,0.002,0.005,0.003,0.113,0.032,0.007,0.0,0.006,0.038,0.001,0.007,0.003,0.042,0.29,0.377,0.227,0.174,0.077,0.13,0.112,0.045,0.182,0.167,0.127,2.359,0.758,0.021,0.309,1.807,0.237,0.786,0.673,0.048,0.305,0.002,0.388,0.25,0.106,0.802,0.644,0.146,0.065,0.113,0.169,0.1,1.581,0.01,0.176,0.005,0.002,0.058,0.0,10.075,0.439,0.399,0.0,0.022,0.089,0.037,0.424,0.564,0.065,0.015,0.001,0.027,0.058,0.017,0.001,0.04,0.106,0.036,0.071,0.028,0.016,0.002,0.058,0.03,0.034,0.021,0.038,0.042,0.038,0.023,0.019,0.116,0.066,0.014,0.022,2.198,0.01,0.058
Kota Parepare,73,Sulawesi Selatan,Sulawesi,Kota,0.006,0.017,0.047,0.28,0.113,0.0,0.015,0.004,0.029,0.003,0.089,0.197,0.004,0.052,0.007,0.006,0.108,0.0,0.003,0.0,0.001,0.005,0.0,0.0,0.123,0.021,0.006,0.0,0.072,0.014,0.0,0.007,0.002,0.0,0.0,0.002,0.048,0.119,0.015,0.001,0.019,0.006,0.002,0.0,0.0,0.0,0.001,0.019,0.0,0.001,0.004,0.0,0.0,0.001,0.017,0.06,0.041,0.0,0.101,0.049,0.0,0.004,0.003,0.047,0.659,0.414,0.148,0.102,0.058,0.046,0.231,0.103,0.214,0.077,0.094,2.429,0.402,0.001,0.458,2.078,0.375,0.613,0.404,0.091,0.38,0.006,1.171,0.177,0.082,0.936,0.242,0.053,0.032,0.164,0.153,0.042,1.49,0.004,0.129,0.004,0.013,0.055,0.122,11.892,0.524,1.059,0.001,0.092,0.115,0.009,0.265,0.475,0.038,0.006,0.001,0.015,0.027,0.01,0.0,0.025,0.06,0.016,0.043,0.015,0.004,0.01,0.014,0.012,0.044,0.006,0.027,0.065,0.019,0.018,0.01,0.084,0.066,0.059,0.038,1.765,0.04,0.026
Kota Palopo,73,Sulawesi Selatan,Sulawesi,Kota,0.026,0.015,0.032,0.273,0.281,0.0,0.009,0.005,0.055,0.007,0.122,0.341,0.006,0.052,0.007,0.002,0.1,0.0,0.003,0.0,0.004,0.014,0.0,0.0,0.139,0.027,0.008,0.001,0.103,0.008,0.001,0.008,0.001,0.0,0.0,0.0,0.028,0.075,0.004,0.004,0.078,0.003,0.005,0.0,0.001,0.0,0.011,0.004,0.0,0.061,0.003,0.0,0.001,0.0,0.054,0.052,0.017,0.0,0.0,0.013,0.003,0.004,0.0,0.043,0.454,0.147,0.344,0.317,0.059,0.091,0.211,0.204,0.281,0.124,0.132,1.378,0.705,0.033,0.266,1.558,0.321,1.061,0.49,0.082,0.505,0.006,1.038,0.111,0.182,1.319,0.348,0.182,0.057,0.263,0.658,0.081,1.555,0.005,0.082,0.004,0.002,0.046,0.0,15.933,0.703,0.818,0.006,0.014,0.023,0.004,0.235,0.284,0.069,0.008,0.0,0.005,0.048,0.054,0.0,0.037,0.087,0.032,0.049,0.016,0.008,0.005,0.022,0.009,0.045,0.012,0.068,0.087,0.016,0.017,0.013,0.105,0.073,0.005,0.019,2.131,0.032,0.0
Buton,74,Sulawesi Tenggara,Sulawesi,Kabupaten,0.002,0.008,0.033,0.054,0.052,0.002,0.008,0.027,0.031,0.046,0.119,0.183,0.008,0.013,0.007,0.021,0.018,0.0,0.0,0.0,0.0,0.0,0.0,0.0,0.0,0.0,0.025,0.0,0.126,0.029,0.001,0.04,0.001,0.0,0.0,0.0,0.003,0.12,0.042,0.0,0.12,0.003,0.0,0.001,0.0,0.0,0.005,0.0,0.0,0.205,0.002,0.0,0.008,0.0,0.023,0.021,0.168,0.0,0.0,0.03,0.0,0.0,0.0,0.006,0.194,0.05,0.151,0.096,0.004,0.187,0.155,0.141,0.22,0.041,0.224,1.426,0.939,0.004,0.088,2.098,0.12,0.478,0.107,0.087,0.197,0.004,0.013,0.032,0.306,2.252,0.121,0.131,0.005,0.286,0.009,0.009,1.728,0.016,0.258,0.051,0.002,0.059,0.0,9.695,0.77,1.968,0.014,0.0,0.002,0.001,0.318,0.443,0.125,0.025,0.001,0.003,0.021,0.061,0.0,0.076,0.16,0.018,0.066,0.017,0.02,0.073,0.011,0.006,0.117,0.005,0.118,0.103,0.003,0.008,0.011,0.03,0.08,0.001,0.03,1.212,0.0,0.0
Muna,74,Sulawesi Tenggara,Sulawesi,Kabupaten,0.0,0.004,0.058,0.09,0.01,0.001,0.003,0.034,0.022,0.005,0.129,0.191,0.0,0.059,0.021,0.014,0.002,0.0,0.0,0.0,0.0,0.0,0.0,0.0,0.014,0.013,0.008,0.003,0.073,0.007,0.0,0.03,0.0,0.0,0.001,0.0,0.055,0.222,0.009,0.008,0.12,0.0,0.008,0.0,0.0,0.0,0.002,0.0,0.0,0.03,0.001,0.0,0.003,0.0,0.033,0.003,0.008,0.0,0.005,0.007,0.0,0.0,0.003,0.007,0.121,0.12,0.056,0.011,0.021,0.046,0.021,0.054,0.141,0.033,0.017,1.086,0.25,0.003,0.039,1.258,0.183,0.51,0.076,0.053,0.117,0.043,0.411,0.013,0.022,2.389,0.028,0.093,0.002,0.03,0.097,0.003,1.861,0.001,0.117,0.134,0.0,0.014,0.0,11.001,0.904,0.968,0.013,0.008,0.008,0.0,0.125,0.236,0.061,0.001,0.0,0.003,0.007,0.01,0.0,0.041,0.08,0.003,0.11,0.012,0.002,0.093,0.001,0.0,0.309,0.001,0.101,0.029,0.002,0.003,0.009,0.038,0.04,0.001,0.107,0.964,0.0,0.008
Konawe,74,Sulawesi Tenggara,Sulawesi,Kabupaten,0.001,0.007,0.031,0.089,0.166,0.0,0.01,0.01,0.063,0.01,0.092,0.19,0.008,0.041,0.025,0.013,0.075,0.004,0.002,0.0,0.008,0.003,0.0,0.001,0.104,0.004,0.005,0.0,0.166,0.013,0.0,0.042,0.017,0.001,0.0,0.002,0.042,0.089,0.003,0.019,0.07,0.006,0.0,0.004,0.001,0.0,0.047,0.005,0.0,0.021,0.017,0.005,0.0,0.005,0.07,0.077,0.016,0.0,0.048,0.014,0.004,0.003,0.0,0.015,0.308,0.301,0.127,0.041,0.006,0.038,0.052,0.095,0.07,0.123,0.028,2.323,0.425,0.003,0.064,2.595,0.047,0.535,0.272,0.092,0.292,0.003,0.443,0.064,0.036,0.702,0.043,0.155,0.003,0.103,0.405,0.014,1.732,0.004,0.046,0.002,0.007,0.067,0.0,20.889,0.808,1.22,0.009,0.005,0.028,0.0,0.241,0.359,0.085,0.007,0.0,0.001,0.034,0.075,0.001,0.077,0.105,0.025,0.023,0.022,0.01,0.064,0.02,0.004,0.043,0.006,0.094,0.036,0.012,0.005,0.019,0.006,0.082,0.0,0.023,1.799,0.07,0.002
Kolaka,74,Sulawesi Tenggara,Sulawesi,Kabupaten,0.01,0.015,0.043,0.427,0.135,0.003,0.008,0.018,0.039,0.036,0.174,0.385,0.036,0.077,0.018,0.01,0.061,0.005,0.001,0.0,0.0,0.002,0.001,0.001,0.16,0.021,0.02,0.001,0.147,0.03,0.0,0.033,0.003,0.0,0.0,0.004,0.014,0.062,0.026,0.006,0.157,0.005,0.014,0.009,0.0,0.0,0.032,0.006,0.0,0.019,0.01,0.002,0.003,0.01,0.089,0.125,0.027,0.0,0.009,0.008,0.0,0.005,0.001,0.059,0.218,0.295,0.175,0.057,0.012,0.117,0.255,0.148,0.268,0.184,0.042,2.565,0.606,0.01,0.144,2.333,0.238,1.16,0.442,0.126,0.38,0.003,0.4,0.115,0.077,0.928,0.099,0.152,0.014,0.075,0.32,0.032,1.712,0.006,0.039,0.002,0.003,0.078,0.066,15.588,0.52,3.041,0.009,0.009,0.048,0.0,0.25,0.461,0.073,0.005,0.0,0.013,0.04,0.058,0.003,0.045,0.183,0.027,0.082,0.04,0.024,0.071,0.038,0.002,0.029,0.011,0.053,0.044,0.011,0.008,0.015,0.02,0.124,0.001,0.035,1.465,0.029,0.007
Konawe Selatan,74,Sulawesi Tenggara,Sulawesi,Kabupaten,0.004,0.004,0.05,0.097,0.077,0.003,0.007,0.01,0.032,0.016,0.162,0.197,0.01,0.037,0.046,0.032,0.042,0.0,0.0,0.0,0.001,0.0,0.0,0.0,0.096,0.0,0.005,0.0,0.181,0.016,0.0,0.039,0.01,0.001,0.0,0.008,0.086,0.089,0.003,0.006,0.116,0.0,0.003,0.007,0.0,0.0,0.03,0.003,0.0,0.015,0.021,0.01,0.003,0.011,0.041,0.047,0.022,0.0,0.026,0.014,0.002,0.001,0.022,0.013,0.099,0.319,0.246,0.056,0.007,0.029,0.078,0.059,0.14,0.195,0.03,2.404,0.557,0.01,0.053,2.464,0.193,0.71,0.238,0.091,0.455,0.002,0.363,0.078,0.098,0.935,0.013,0.252,0.003,0.049,0.373,0.043,1.736,0.002,0.072,0.006,0.006,0.063,0.013,18.499,1.036,1.306,0.018,0.001,0.004,0.0,0.238,0.43,0.105,0.01,0.001,0.01,0.04,0.103,0.001,0.108,0.109,0.019,0.046,0.037,0.023,0.083,0.042,0.004,0.062,0.011,0.143,0.03,0.012,0.011,0.012,0.006,0.084,0.0,0.042,1.239,0.054,0.001
Bombana,74,Sulawesi Tenggara,Sulawesi,Kabupaten,0.001,0.005,0.038,0.255,0.096,0.0,0.009,0.04,0.015,0.013,0.19,0.232,0.004,0.022,0.026,0.014,0.041,0.0,0.0,0.0,0.001,0.001,0.0,0.0,0.074,0.011,0.081,0.006,0.148,0.019,0.0,0.036,0.001,0.0,0.0,0.002,0.121,0.112,0.087,0.009,0.122,0.0,0.007,0.0,0.001,0.0,0.009,0.0,0.001,0.057,0.008,0.0,0.007,0.001,0.018,0.013,0.015,0.0,0.008,0.001,0.002,0.0,0.002,0.031,0.085,0.341,0.166,0.125,0.002,0.028,0.2,0.056,0.068,0.197,0.13,1.596,0.789,0.011,0.118,1.447,0.03,0.865,0.26,0.149,0.236,0.007,0.384,0.031,0.235,1.697,0.198,0.156,0.006,0.147,0.19,0.011,1.965,0.002,0.138,0.007,0.002,0.071,0.046,19.963,0.121,4.563,0.066,0.008,0.005,0.005,0.193,0.341,0.063,0.002,0.001,0.012,0.025,0.027,0.002,0.027,0.064,0.023,0.048,0.023,0.009,0.023,0.008,0.002,0.04,0.002,0.102,0.033,0.011,0.004,0.011,0.006,0.092,0.001,0.059,1.504,0.02,0.0
Wakatobi,74,Sulawesi Tenggara,Sulawesi,Kabupaten,0.001,0.005,0.081,0.066,0.01,0.002,0.009,0.026,0.019,0.018,0.13,0.108,0.001,0.039,0.025,0.018,0.013,0.0,0.0,0.0,0.0,0.0,0.0,0.0,0.0,0.0,0.114,0.005,0.138,0.038,0.0,0.051,0.0,0.0,0.0,0.0,0.026,0.181,0.133,0.0,0.057,0.003,0.003,0.004,0.0,0.0,0.0,0.0,0.0,0.135,0.0,0.0,0.005,0.003,0.002,0.001,0.181,0.0,0.0,0.061,0.0,0.006,0.0,0.007,0.258,0.186,0.088,0.08,0.0,0.159,0.022,0.08,0.809,0.055,0.183,1.548,0.626,0.033,0.095,1.532,0.367,0.597,0.14,0.079,0.302,0.013,0.39,0.045,0.212,3.948,0.092,0.099,0.001,0.302,0.148,0.015,1.995,0.002,0.129,0.031,0.0,0.036,0.0,13.627,1.778,0.831,0.0,0.001,0.009,0.003,0.292,0.425,0.042,0.001,0.0,0.005,0.013,0.03,0.0,0.028,0.098,0.011,0.022,0.122,0.001,0.062,0.009,0.001,0.25,0.004,0.066,0.031,0.006,0.004,0.019,0.011,0.04,0.0,0.07,1.21,0.02,0.0
Kolaka Utara,74,Sulawesi Tenggara,Sulawesi,Kabupaten,0.056,0.013,0.032,0.184,0.559,0.009,0.004,0.044,0.034,0.003,0.202,0.217,0.009,0.028,0.044,0.019,0.058,0.0,0.001,0.0,0.002,0.0,0.0,0.0,0.169,0.02,0.003,0.0,0.14,0.005,0.0,0.019,0.004,0.0,0.0,0.006,0.034,0.123,0.014,0.0,0.023,0.002,0.001,0.0,0.0,0.0,0.025,0.002,0.0,0.033,0.003,0.0,0.0,0.003,0.008,0.135,0.017,0.0,0.005,0.006,0.0,0.008,0.002,0.049,0.285,0.202,0.434,0.044,0.002,0.076,0.171,0.179,0.204,0.135,0.059,2.199,0.412,0.0,0.508,2.008,0.095,0.576,0.379,0.154,0.572,0.0,0.833,0.085,0.103,1.273,0.176,0.161,0.015,0.047,0.334,0.031,1.739,0.009,0.104,0.002,0.003,0.07,0.002,26.208,0.451,0.001,0.0,0.0,0.0,0.0,0.17,0.304,0.062,0.003,0.001,0.004,0.04,0.025,0.001,0.035,0.087,0.039,0.045,0.026,0.008,0.057,0.004,0.001,0.125,0.001,0.094,0.008,0.007,0.011,0.015,0.025,0.086,0.0,0.015,1.693,0.011,0.0
Buton Utara,74,Sulawesi Tenggara,Sulawesi,Kabupaten,0.002,0.007,0.038,0.1,0.013,0.006,0.01,0.122,0.012,0.034,0.133,0.135,0.009,0.086,0.02,0.007,0.041,0.001,0.0,0.0,0.0,0.0,0.0,0.0,0.001,0.002,0.038,0.004,0.109,0.029,0.002,0.019,0.0,0.0,0.0,0.0,0.002,0.12,0.064,0.002,0.058,0.012,0.011,0.0,0.0,0.0,0.0,0.0,0.001,0.281,0.0,0.009,0.007,0.001,0.002,0.001,0.04,0.0,0.076,0.02,0.001,0.011,0.0,0.01,0.116,0.205,0.2,0.03,0.0,0.072,0.059,0.076,0.29,0.047,0.078,2.127,0.482,0.004,0.241,1.719,0.289,0.68,0.084,0.101,0.1,0.002,0.518,0.019,0.029,2.739,0.128,0.15,0.017,0.114,0.071,0.006,1.979,0.012,0.103,0.008,0.0,0.032,0.001,17.692,1.285,2.368,0.004,0.014,0.021,0.0,0.223,0.334,0.071,0.002,0.0,0.003,0.012,0.046,0.0,0.05,0.078,0.004,0.079,0.031,0.008,0.05,0.002,0.001,0.122,0.003,0.142,0.033,0.001,0.003,0.02,0.017,0.049,0.023,0.036,1.3,0.0,0.0
Konawe Utara,74,Sulawesi Tenggara,Sulawesi,Kabupaten,0.001,0.014,0.012,0.123,0.171,0.009,0.011,0.023,0.024,0.006,0.226,0.209,0.006,0.047,0.064,0.014,0.064,0.0,0.001,0.0,0.005,0.0,0.0,0.0,0.092,0.012,0.005,0.0,0.132,0.029,0.021,0.023,0.011,0.024,0.0,0.014,0.145,0.104,0.005,0.012,0.108,0.022,0.007,0.001,0.002,0.0,0.051,0.006,0.001,0.015,0.019,0.0,0.006,0.009,0.04,0.075,0.023,0.0,0.075,0.003,0.0,0.006,0.001,0.025,0.293,0.31,0.21,0.099,0.002,0.019,0.152,0.137,0.115,0.096,0.037,2.091,0.298,0.003,0.057,1.531,0.093,0.476,0.331,0.108,0.351,0.0,0.909,0.09,0.161,0.853,0.096,0.164,0.006,0.145,0.296,0.019,1.648,0.002,0.082,0.008,0.0,0.063,0.076,27.8,0.58,0.139,0.001,0.001,0.0,0.001,0.181,0.348,0.066,0.002,0.0,0.003,0.025,0.09,0.003,0.057,0.083,0.02,0.025,0.022,0.017,0.045,0.01,0.003,0.047,0.005,0.088,0.024,0.011,0.009,0.024,0.013,0.113,0.002,0.042,1.703,0.047,0.0
Kolaka Timur,74,Sulawesi Tenggara,Sulawesi,Kabupaten,0.009,0.016,0.055,0.119,0.115,0.004,0.008,0.01,0.041,0.019,0.153,0.283,0.005,0.053,0.05,0.022,0.041,0.003,0.0,0.0,0.003,0.0,0.0,0.0,0.11,0.009,0.002,0.0,0.175,0.006,0.0,0.015,0.013,0.0,0.0,0.0,0.055,0.139,0.001,0.005,0.049,0.0,0.0,0.018,0.0,0.0,0.036,0.003,0.0,0.001,0.027,0.018,0.001,0.008,0.046,0.071,0.019,0.0,0.002,0.023,0.0,0.002,0.0,0.017,0.139,0.111,0.23,0.104,0.004,0.046,0.086,0.093,0.031,0.19,0.097,2.102,0.448,0.001,0.218,1.914,0.533,0.917,0.189,0.069,0.453,0.023,0.399,0.042,0.128,0.615,0.113,0.029,0.01,0.106,0.163,0.059,1.85,0.009,0.038,0.005,0.005,0.084,0.017,21.766,1.077,0.011,0.015,0.0,0.0,0.003,0.293,0.543,0.082,0.002,0.001,0.006,0.051,0.086,0.003,0.046,0.106,0.032,0.036,0.03,0.009,0.102,0.013,0.001,0.121,0.003,0.138,0.01,0.009,0.006,0.014,0.028,0.07,0.012,0.035,1.797,0.063,0.0
Konawe Kepulauan,74,Sulawesi Tenggara,Sulawesi,Kabupaten,0.0,0.006,0.023,0.08,0.149,0.0,0.004,0.125,0.003,0.008,0.136,0.2,0.013,0.014,0.091,0.013,0.016,0.002,0.0,0.0,0.001,0.0,0.0,0.0,0.001,0.0,0.02,0.002,0.134,0.029,0.01,0.037,0.0,0.0,0.001,0.003,0.016,0.09,0.025,0.0,0.065,0.004,0.0,0.0,0.002,0.0,0.0,0.0,0.001,0.025,0.0,0.0,0.001,0.0,0.01,0.011,0.101,0.0,0.003,0.006,0.0,0.001,0.0,0.0,0.192,0.077,0.045,0.006,0.001,0.031,0.102,0.086,0.142,0.06,0.019,2.528,0.247,0.001,0.082,1.724,0.066,0.298,0.169,0.084,0.979,0.0,0.59,0.033,0.006,0.707,0.095,0.269,0.005,0.077,0.249,0.001,1.863,0.0,0.025,0.001,0.0,0.05,0.0,17.171,1.848,2.597,0.015,0.001,0.003,0.0,0.12,0.279,0.065,0.001,0.001,0.003,0.013,0.045,0.001,0.043,0.084,0.022,0.03,0.025,0.013,0.12,0.004,0.001,0.072,0.002,0.081,0.008,0.006,0.002,0.004,0.002,0.093,0.0,0.021,1.017,0.001,0.0
Muna Barat,74,Sulawesi Tenggara,Sulawesi,Kabupaten,0.0,0.005,0.027,0.16,0.039,0.003,0.007,0.02,0.037,0.012,0.179,0.369,0.002,0.118,0.015,0.025,0.013,0.008,0.0,0.0,0.0,0.0,0.0,0.0,0.013,0.0,0.01,0.003,0.073,0.011,0.013,0.049,0.003,0.0,0.001,0.0,0.045,0.141,0.0,0.031,0.167,0.001,0.015,0.0,0.0,0.0,0.006,0.0,0.0,0.047,0.006,0.0,0.001,0.001,0.03,0.021,0.024,0.0,0.0,0.006,0.001,0.001,0.007,0.014,0.108,0.095,0.109,0.018,0.004,0.08,0.003,0.051,0.358,0.196,0.006,1.534,0.539,0.005,0.053,1.966,0.193,0.603,0.079,0.129,0.188,0.016,0.234,0.023,0.034,2.335,0.038,0.053,0.0,0.023,0.2,0.001,1.889,0.002,0.109,0.121,0.0,0.037,0.011,14.493,1.62,0.154,0.001,0.001,0.003,0.0,0.219,0.319,0.053,0.001,0.001,0.003,0.019,0.045,0.0,0.062,0.101,0.011,0.091,0.025,0.007,0.067,0.002,0.001,0.206,0.007,0.099,0.029,0.002,0.002,0.007,0.027,0.044,0.001,0.12,1.052,0.002,0.0
Buton Tengah,74,Sulawesi Tenggara,Sulawesi,Kabupaten,0.0,0.007,0.015,0.089,0.005,0.002,0.013,0.013,0.013,0.017,0.077,0.161,0.001,0.052,0.02,0.004,0.024,0.0,0.0,0.0,0.0,0.0,0.0,0.0,0.003,0.0,0.03,0.0,0.071,0.012,0.002,0.024,0.0,0.0,0.0,0.0,0.008,0.12,0.061,0.0,0.103,0.001,0.005,0.002,0.0,0.0,0.0,0.0,0.0,0.098,0.004,0.0,0.008,0.0,0.028,0.006,0.034,0.0,0.0,0.0,0.0,0.0,0.0,0.001,0.25,0.171,0.135,0.043,0.011,0.092,0.124,0.105,0.69,0.022,0.078,1.631,0.413,0.001,0.097,2.847,0.355,0.594,0.123,0.049,0.249,0.001,0.185,0.05,0.088,3.795,0.173,0.09,0.004,0.146,0.144,0.009,1.703,0.0,0.071,0.058,0.0,0.012,0.0,9.032,0.057,1.76,0.002,0.006,0.041,0.001,0.134,0.246,0.042,0.004,0.0,0.001,0.006,0.002,0.0,0.021,0.103,0.008,0.125,0.033,0.005,0.117,0.005,0.0,0.076,0.002,0.102,0.025,0.003,0.003,0.005,0.005,0.018,0.0,0.033,1.017,0.0,0.0
Buton Selatan,74,Sulawesi Tenggara,Sulawesi,Kabupaten,0.0,0.002,0.015,0.064,0.001,0.008,0.001,0.094,0.032,0.036,0.1,0.146,0.006,0.02,0.004,0.007,0.016,0.0,0.0,0.0,0.001,0.001,0.0,0.0,0.0,0.0,0.029,0.001,0.174,0.018,0.002,0.04,0.0,0.0,0.0,0.005,0.005,0.112,0.029,0.0,0.047,0.009,0.002,0.0,0.001,0.0,0.0,0.0,0.002,0.242,0.0,0.0,0.008,0.0,0.007,0.003,0.142,0.0,0.001,0.02,0.0,0.001,0.0,0.0,0.135,0.026,0.085,0.066,0.001,0.219,0.019,0.125,0.511,0.003,0.482,1.795,0.442,0.003,0.369,2.058,0.287,0.481,0.114,0.222,0.545,0.002,0.07,0.023,0.522,2.872,0.196,0.086,0.003,0.545,0.069,0.001,1.65,0.001,0.149,0.07,0.004,0.03,0.317,7.22,0.365,0.667,0.0,0.0,0.018,0.001,0.259,0.51,0.152,0.035,0.001,0.007,0.031,0.041,0.0,0.05,0.242,0.013,0.036,0.022,0.006,0.202,0.012,0.002,0.166,0.001,0.161,0.051,0.006,0.012,0.034,0.003,0.041,0.009,0.142,1.068,0.001,0.0
Kota Kendari,74,Sulawesi Tenggara,Sulawesi,Kota,0.012,0.023,0.092,0.165,0.082,0.001,0.011,0.021,0.051,0.051,0.114,0.179,0.001,0.053,0.071,0.005,0.083,0.0,0.005,0.0,0.007,0.0,0.0,0.0,0.046,0.0,0.015,0.005,0.139,0.024,0.002,0.054,0.004,0.003,0.002,0.003,0.034,0.099,0.031,0.016,0.146,0.001,0.0,0.003,0.001,0.0,0.004,0.0,0.0,0.031,0.0,0.0,0.004,0.003,0.067,0.011,0.04,0.0,0.0,0.035,0.0,0.003,0.012,0.024,0.461,0.536,0.249,0.162,0.045,0.16,0.174,0.162,0.186,0.141,0.267,2.301,0.77,0.005,0.326,2.291,0.313,0.898,0.304,0.08,0.316,0.002,0.496,0.136,0.432,1.013,0.377,0.087,0.014,0.295,0.344,0.045,1.578,0.002,0.047,0.002,0.001,0.049,0.136,8.834,1.1,0.802,0.0,0.009,0.022,0.017,0.244,0.332,0.118,0.011,0.001,0.009,0.032,0.057,0.003,0.078,0.145,0.019,0.072,0.058,0.014,0.075,0.038,0.01,0.196,0.019,0.08,0.023,0.034,0.017,0.016,0.128,0.069,0.016,0.054,1.982,0.005,0.006
Kota Baubau,74,Sulawesi Tenggara,Sulawesi,Kota,0.007,0.019,0.074,0.07,0.027,0.0,0.005,0.028,0.019,0.017,0.105,0.103,0.001,0.037,0.044,0.004,0.042,0.0,0.001,0.0,0.001,0.0,0.0,0.0,0.003,0.0,0.039,0.004,0.065,0.023,0.0,0.02,0.0,0.0,0.0,0.0,0.008,0.181,0.064,0.001,0.075,0.004,0.001,0.001,0.0,0.0,0.0,0.0,0.0,0.116,0.002,0.0,0.005,0.0,0.032,0.012,0.059,0.0,0.005,0.051,0.0,0.0,0.0,0.007,0.257,0.332,0.05,0.101,0.014,0.042,0.031,0.081,0.442,0.018,0.067,1.254,0.229,0.001,0.214,1.641,0.526,0.256,0.118,0.028,0.177,0.0,0.463,0.062,0.069,3.2,0.125,0.104,0.015,0.136,0.087,0.011,1.584,0.006,0.095,0.02,0.004,0.024,0.014,8.935,0.354,1.006,0.0,0.007,0.046,0.004,0.173,0.275,0.066,0.01,0.0,0.003,0.013,0.007,0.002,0.016,0.108,0.011,0.063,0.027,0.005,0.073,0.012,0.005,0.147,0.004,0.069,0.022,0.012,0.009,0.013,0.077,0.033,0.013,0.025,1.596,0.002,0.0
Boalemo,75,Gorontalo,Sulawesi,Kabupaten,0.002,0.004,0.022,0.236,0.071,0.001,0.005,0.132,0.056,0.005,0.116,0.229,0.004,0.081,0.0,0.042,0.022,0.003,0.0,0.0,0.006,0.0,0.004,0.0,0.013,0.003,0.018,0.004,0.175,0.051,0.0,0.033,0.0,0.0,0.005,0.008,0.033,0.008,0.022,0.0,0.031,0.0,0.001,0.0,0.0,0.0,0.012,0.006,0.0,0.06,0.002,0.0,0.001,0.0,0.046,0.128,0.052,0.0,0.069,0.016,0.0,0.001,0.0,0.004,0.258,0.333,0.171,0.047,0.026,0.095,0.11,0.162,0.382,0.057,0.132,2.252,0.235,0.005,0.035,2.278,0.103,0.81,0.194,0.032,0.184,0.04,1.255,0.11,0.147,0.629,0.116,0.436,0.015,0.096,0.297,0.036,1.818,0.002,0.125,0.108,0.0,0.048,0.162,12.26,0.618,1.151,0.104,0.006,0.049,0.002,0.28,0.611,0.024,0.0,0.0,0.004,0.109,0.023,0.0,0.051,0.167,0.011,0.003,0.021,0.002,0.055,0.006,0.009,0.015,0.002,0.095,0.137,0.004,0.002,0.013,0.058,0.028,0.0,0.088,1.066,0.004,0.002
Gorontalo,75,Gorontalo,Sulawesi,Kabupaten,0.001,0.003,0.015,0.227,0.023,0.001,0.007,0.038,0.04,0.025,0.119,0.076,0.004,0.059,0.0,0.031,0.049,0.001,0.001,0.0,0.004,0.0,0.003,0.0,0.004,0.0,0.001,0.0,0.185,0.028,0.0,0.019,0.0,0.0,0.001,0.021,0.095,0.006,0.0,0.0,0.087,0.0,0.0,0.003,0.0,0.0,0.033,0.012,0.0,0.107,0.012,0.0,0.001,0.003,0.02,0.146,0.049,0.0,0.191,0.012,0.0,0.0,0.001,0.005,0.192,0.274,0.098,0.176,0.022,0.082,0.127,0.134,0.139,0.057,0.127,1.978,0.238,0.013,0.011,2.091,0.012,0.494,0.143,0.072,0.147,0.007,0.543,0.157,0.277,0.586,0.084,0.156,0.018,0.127,0.18,0.033,1.766,0.0,0.093,0.08,0.0,0.026,0.389,11.796,0.241,1.454,0.122,0.006,0.065,0.007,0.208,0.628,0.02,0.0,0.0,0.001,0.089,0.016,0.0,0.031,0.134,0.013,0.004,0.044,0.002,0.009,0.006,0.006,0.012,0.005,0.112,0.166,0.005,0.009,0.018,0.015,0.02,0.0,0.04,1.024,0.002,0.013
Pohuwato,75,Gorontalo,Sulawesi,Kabupaten,0.005,0.01,0.013,0.325,0.121,0.002,0.005,0.047,0.04,0.003,0.078,0.113,0.003,0.071,0.001,0.018,0.035,0.0,0.0,0.0,0.001,0.0,0.001,0.001,0.065,0.01,0.014,0.0,0.113,0.022,0.0,0.062,0.005,0.0,0.0,0.006,0.003,0.051,0.011,0.001,0.037,0.0,0.001,0.002,0.0,0.0,0.03,0.009,0.0,0.124,0.01,0.0,0.003,0.002,0.048,0.058,0.038,0.0,0.006,0.009,0.0,0.0,0.0,0.021,0.139,0.492,0.124,0.125,0.017,0.027,0.017,0.088,0.1,0.029,0.094,1.43,0.115,0.001,0.024,1.169,0.099,0.692,0.137,0.024,0.166,0.007,1.353,0.093,0.169,0.329,0.039,0.273,0.005,0.053,0.113,0.029,1.803,0.001,0.064,0.035,0.0,0.012,0.203,14.927,0.906,0.21,0.056,0.007,0.062,0.0,0.208,0.548,0.022,0.001,0.0,0.002,0.112,0.01,0.0,0.021,0.156,0.025,0.007,0.011,0.001,0.022,0.002,0.006,0.014,0.002,0.128,0.141,0.004,0.004,0.023,0.053,0.054,0.0,0.042,0.922,0.006,0.005
Bone Bolango,75,Gorontalo,Sulawesi,Kabupaten,0.003,0.006,0.03,0.224,0.046,0.0,0.005,0.09,0.046,0.006,0.114,0.052,0.002,0.034,0.001,0.011,0.051,0.0,0.002,0.0,0.008,0.0,0.0,0.0,0.001,0.0,0.0,0.0,0.178,0.053,0.0,0.027,0.001,0.0,0.0,0.011,0.057,0.005,0.0,0.0,0.002,0.0,0.001,0.0,0.0,0.0,0.018,0.02,0.0,0.163,0.004,0.0,0.002,0.0,0.005,0.087,0.07,0.0,0.023,0.03,0.0,0.0,0.0,0.006,0.329,0.306,0.06,0.255,0.038,0.148,0.228,0.148,0.21,0.062,0.243,1.841,0.302,0.006,0.063,1.839,0.044,0.739,0.162,0.071,0.294,0.008,0.79,0.19,0.53,0.741,0.14,0.25,0.04,0.117,0.183,0.02,1.657,0.0,0.058,0.047,0.0,0.02,0.033,8.672,0.151,1.976,0.151,0.018,0.085,0.001,0.196,0.721,0.027,0.0,0.0,0.005,0.118,0.004,0.0,0.037,0.159,0.01,0.002,0.029,0.001,0.009,0.004,0.005,0.011,0.002,0.081,0.112,0.006,0.014,0.019,0.038,0.024,0.0,0.023,1.121,0.005,0.134
Gorontalo Utara,75,Gorontalo,Sulawesi,Kabupaten,0.002,0.001,0.016,0.268,0.07,0.001,0.002,0.01,0.027,0.016,0.085,0.061,0.001,0.038,0.0,0.02,0.025,0.0,0.0,0.0,0.005,0.0,0.0,0.0,0.004,0.0,0.004,0.0,0.194,0.007,0.0,0.044,0.0,0.0,0.0,0.013,0.002,0.01,0.013,0.0,0.078,0.001,0.003,0.0,0.0,0.0,0.001,0.001,0.0,0.087,0.002,0.0,0.002,0.002,0.028,0.121,0.026,0.0,0.072,0.005,0.0,0.001,0.001,0.014,0.151,0.398,0.262,0.067,0.096,0.079,0.031,0.143,0.159,0.029,0.247,2.438,0.283,0.001,0.019,1.899,0.212,0.495,0.182,0.072,0.247,0.018,1.287,0.136,0.347,0.417,0.067,0.305,0.006,0.094,0.188,0.029,1.75,0.001,0.17,0.017,0.0,0.01,0.189,11.878,0.292,1.156,0.056,0.003,0.028,0.0,0.189,0.493,0.015,0.0,0.0,0.001,0.095,0.031,0.0,0.021,0.138,0.011,0.005,0.021,0.002,0.019,0.003,0.004,0.058,0.0,0.073,0.103,0.001,0.008,0.013,0.074,0.02,0.0,0.024,1.087,0.0,0.0
Kota Gorontalo,75,Gorontalo,Sulawesi,Kota,0.008,0.011,0.052,0.227,0.048,0.001,0.005,0.06,0.054,0.011,0.093,0.112,0.002,0.039,0.0,0.007,0.057,0.003,0.002,0.0,0.006,0.0,0.0,0.0,0.002,0.0,0.001,0.0,0.173,0.029,0.001,0.048,0.0,0.0,0.0,0.015,0.032,0.003,0.003,0.0,0.035,0.0,0.0,0.0,0.0,0.0,0.031,0.013,0.0,0.152,0.007,0.0,0.003,0.0,0.005,0.015,0.025,0.0,0.043,0.04,0.0,0.0,0.0,0.007,0.377,0.473,0.075,0.34,0.061,0.079,0.061,0.15,0.211,0.077,0.381,2.085,0.214,0.003,0.033,1.73,0.118,0.543,0.174,0.025,0.305,0.004,1.013,0.157,0.424,0.729,0.195,0.194,0.04,0.276,0.277,0.04,1.715,0.001,0.057,0.027,0.0,0.016,0.005,11.453,0.937,1.219,0.008,0.005,0.15,0.003,0.234,0.794,0.019,0.002,0.0,0.012,0.091,0.001,0.0,0.019,0.152,0.005,0.003,0.032,0.0,0.012,0.008,0.007,0.006,0.003,0.078,0.174,0.011,0.025,0.017,0.034,0.016,0.0,0.01,1.355,0.001,0.094
Majene,76,Sulawesi Barat,Sulawesi,Kabupaten,0.005,0.005,0.026,0.382,0.055,0.001,0.004,0.012,0.055,0.012,0.164,0.194,0.002,0.038,0.013,0.002,0.015,0.0,0.0,0.0,0.001,0.0,0.0,0.0,0.0,0.0,0.001,0.0,0.191,0.015,0.0,0.028,0.0,0.0,0.0,0.0,0.057,0.092,0.002,0.001,0.023,0.0,0.001,0.0,0.0,0.0,0.0,0.0,0.0,0.178,0.004,0.0,0.003,0.001,0.037,0.045,0.11,0.0,0.06,0.022,0.0,0.0,0.0,0.002,0.221,0.324,0.097,0.095,0.013,0.016,0.086,0.187,0.159,0.102,0.096,2.98,1.278,0.041,0.377,2.082,0.443,1.012,0.26,0.113,0.433,0.001,0.454,0.158,0.042,1.596,0.147,0.072,0.026,0.19,0.293,0.01,1.836,0.005,0.117,0.002,0.002,0.134,0.0,13.173,0.071,0.273,0.016,0.056,0.226,0.002,0.214,0.44,0.054,0.001,0.0,0.042,0.016,0.004,0.0,0.014,0.033,0.015,0.048,0.013,0.002,0.01,0.007,0.013,0.036,0.002,0.047,0.054,0.016,0.006,0.006,0.006,0.041,0.0,0.027,1.176,0.006,0.005
Polewali Mandar,76,Sulawesi Barat,Sulawesi,Kabupaten,0.003,0.003,0.02,0.512,0.259,0.0,0.004,0.004,0.045,0.021,0.128,0.335,0.004,0.033,0.027,0.009,0.024,0.0,0.0,0.0,0.003,0.005,0.0,0.0,0.106,0.057,0.007,0.001,0.118,0.012,0.0,0.011,0.003,0.0,0.001,0.002,0.053,0.074,0.0,0.0,0.029,0.002,0.001,0.001,0.001,0.0,0.007,0.025,0.0,0.042,0.022,0.004,0.001,0.008,0.036,0.074,0.038,0.0,0.219,0.04,0.007,0.004,0.0,0.022,0.25,0.15,0.151,0.07,0.007,0.008,0.248,0.14,0.096,0.088,0.096,2.008,0.469,0.015,0.227,2.079,0.334,0.601,0.387,0.219,0.774,0.001,0.389,0.186,0.16,1.301,0.094,0.087,0.013,0.089,0.251,0.026,2.192,0.009,0.036,0.005,0.0,0.086,0.101,20.733,0.402,0.033,0.012,0.144,0.179,0.006,0.212,0.447,0.051,0.003,0.0,0.043,0.028,0.039,0.0,0.029,0.067,0.028,0.04,0.011,0.017,0.04,0.007,0.002,0.042,0.004,0.058,0.02,0.006,0.007,0.009,0.01,0.039,0.007,0.011,1.238,0.043,0.007
Mamasa,76,Sulawesi Barat,Sulawesi,Kabupaten,0.014,0.001,0.164,0.24,0.118,0.017,0.006,0.014,0.01,0.039,0.089,0.077,0.0,0.004,0.029,0.036,0.035,0.017,0.0,0.0,0.001,0.006,0.0,0.0,0.152,0.021,0.001,0.0,0.033,0.001,0.0,0.002,0.002,0.0,0.0,0.007,0.088,0.011,0.0,0.0,0.013,0.0,0.0,0.005,0.007,0.0,0.017,0.014,0.0,0.002,0.006,0.0,0.0,0.015,0.019,0.377,0.022,0.0,0.008,0.004,0.006,0.001,0.0,0.001,0.081,0.01,0.015,0.022,0.002,0.007,0.038,0.054,0.028,0.009,0.013,0.713,0.288,0.001,0.073,0.783,0.029,0.441,0.123,0.074,0.984,0.04,0.768,0.024,0.07,0.665,0.046,0.068,0.0,0.019,0.022,0.0,2.083,0.009,0.024,0.01,0.0,0.027,0.0,17.577,1.955,1.087,0.004,0.0,0.023,0.001,0.189,0.302,0.026,0.003,0.0,0.003,0.015,0.234,0.0,0.019,0.036,0.012,0.135,0.009,0.003,0.009,0.019,0.016,0.061,0.003,0.014,0.016,0.004,0.005,0.006,0.001,0.041,0.017,0.048,1.004,0.079,0.0
Mamuju,76,Sulawesi Barat,Sulawesi,Kabupaten,0.003,0.006,0.028,0.428,0.091,0.001,0.015,0.036,0.057,0.02,0.11,0.102,0.005,0.037,0.042,0.02,0.061,0.001,0.001,0.0,0.002,0.0,0.0,0.0,0.075,0.005,0.009,0.0,0.233,0.006,0.0,0.019,0.009,0.002,0.0,0.007,0.045,0.037,0.016,0.012,0.061,0.0,0.0,0.0,0.002,0.0,0.015,0.014,0.0,0.009,0.001,0.0,0.003,0.005,0.025,0.06,0.049,0.0,0.171,0.034,0.005,0.002,0.0,0.012,0.215,0.159,0.151,0.044,0.023,0.011,0.085,0.086,0.072,0.084,0.071,1.977,0.302,0.013,0.133,1.425,0.119,0.843,0.182,0.134,0.388,0.015,0.321,0.111,0.058,0.981,0.175,0.082,0.013,0.093,0.176,0.016,1.949,0.008,0.047,0.004,0.001,0.072,0.005,22.066,1.036,0.322,0.003,0.071,0.06,0.005,0.263,0.438,0.076,0.003,0.001,0.039,0.042,0.081,0.001,0.04,0.09,0.023,0.036,0.035,0.017,0.036,0.018,0.004,0.051,0.004,0.051,0.022,0.012,0.008,0.013,0.02,0.043,0.014,0.018,1.313,0.005,0.002
Mamuju Utara,76,Sulawesi Barat,Sulawesi,Kabupaten,0.01,0.017,0.031,0.159,0.028,0.003,0.024,0.05,0.061,0.017,0.173,0.039,0.003,0.086,0.037,0.022,0.047,0.002,0.002,0.0,0.002,0.003,0.001,0.0,0.105,0.018,0.01,0.0,0.129,0.012,0.0,0.043,0.016,0.007,0.001,0.014,0.039,0.03,0.013,0.029,0.057,0.001,0.003,0.0,0.0,0.0,0.011,0.005,0.0,0.028,0.004,0.001,0.003,0.006,0.006,0.06,0.043,0.0,0.048,0.004,0.001,0.002,0.001,0.044,0.14,0.272,0.191,0.085,0.011,0.031,0.254,0.187,0.194,0.153,0.053,1.99,0.382,0.001,0.116,1.593,0.088,0.986,0.362,0.078,0.405,0.015,0.763,0.085,0.087,1.083,0.194,0.264,0.084,0.082,0.417,0.037,1.767,0.006,0.095,0.01,0.001,0.08,0.001,24.517,1.853,1.101,0.001,0.016,0.055,0.0,0.284,0.507,0.095,0.01,0.001,0.031,0.056,0.051,0.001,0.038,0.106,0.05,0.041,0.032,0.02,0.033,0.02,0.006,0.062,0.005,0.084,0.051,0.01,0.006,0.018,0.018,0.065,0.001,0.044,1.513,0.006,0.004
Mamuju Tengah,76,Sulawesi Barat,Sulawesi,Kabupaten,0.003,0.015,0.04,0.209,0.029,0.007,0.03,0.007,0.049,0.007,0.156,0.127,0.006,0.096,0.06,0.028,0.038,0.001,0.0,0.0,0.003,0.016,0.0,0.0,0.146,0.019,0.01,0.0,0.151,0.013,0.006,0.031,0.025,0.008,0.0,0.003,0.085,0.026,0.002,0.01,0.04,0.002,0.004,0.004,0.0,0.0,0.016,0.018,0.0,0.003,0.001,0.005,0.001,0.003,0.01,0.135,0.035,0.0,0.047,0.023,0.0,0.003,0.006,0.024,0.242,0.309,0.234,0.033,0.007,0.01,0.087,0.1,0.123,0.149,0.058,1.914,0.313,0.003,0.052,1.304,0.068,0.757,0.239,0.074,0.443,0.0,0.355,0.08,0.025,0.523,0.072,0.053,0.009,0.075,0.16,0.028,1.757,0.007,0.063,0.006,0.0,0.103,0.007,20.146,1.811,0.615,0.02,0.002,0.032,0.001,0.397,0.674,0.084,0.005,0.001,0.027,0.043,0.048,0.003,0.049,0.09,0.026,0.032,0.022,0.01,0.037,0.021,0.006,0.067,0.005,0.062,0.027,0.015,0.005,0.02,0.007,0.057,0.002,0.023,1.799,0.014,0.005
Maluku Tenggara Barat,81,Maluku,Maluku,Kabupaten,0.002,0.004,0.048,0.0,0.0,0.001,0.002,0.075,0.029,0.047,0.183,0.0,0.0,0.035,0.002,0.001,0.023,0.015,0.001,0.0,0.0,0.0,0.0,0.0,0.002,0.0,0.105,0.001,0.022,0.005,0.002,0.025,0.0,0.0,0.001,0.001,0.0,0.067,0.126,0.0,0.089,0.001,0.001,0.003,0.0,0.0,0.0,0.014,0.001,0.025,0.0,0.0,0.012,0.0,0.005,0.001,0.005,0.0,0.0,0.01,0.0,0.001,0.0,0.007,0.03,0.081,0.065,0.007,0.0,0.017,0.002,0.017,0.019,0.003,0.012,0.101,0.087,0.0,0.154,1.013,0.046,0.117,0.017,0.006,0.06,0.017,0.02,0.022,0.026,3.742,0.198,0.037,0.001,0.022,0.008,0.001,1.67,0.001,0.245,0.027,0.008,0.025,0.049,4.284,0.141,0.415,0.107,0.002,0.017,0.003,0.27,0.273,0.031,0.003,0.001,0.004,0.018,0.088,0.0,0.017,0.087,0.002,0.007,0.058,0.001,0.091,0.018,0.003,0.059,0.002,0.075,0.01,0.001,0.016,0.02,0.001,0.009,0.0,0.013,0.419,0.0,0.001
Maluku Tenggara,81,Maluku,Maluku,Kabupaten,0.005,0.007,0.041,0.006,0.018,0.0,0.002,0.053,0.05,0.057,0.106,0.036,0.007,0.018,0.001,0.003,0.049,0.009,0.001,0.0,0.0,0.0,0.0,0.0,0.0,0.0,0.054,0.002,0.01,0.01,0.003,0.044,0.0,0.0,0.002,0.006,0.008,0.33,0.077,0.0,0.056,0.0,0.004,0.0,0.0,0.0,0.0,0.0,0.0,0.056,0.002,0.0,0.0,0.0,0.067,0.0,0.057,0.0,0.0,0.001,0.0,0.0,0.0,0.001,0.125,0.09,0.055,0.044,0.018,0.026,0.015,0.028,0.452,0.016,0.1,0.732,0.171,0.007,0.347,0.851,0.112,0.233,0.07,0.005,0.244,0.003,0.048,0.035,0.077,4.598,0.25,0.051,0.029,0.097,0.004,0.02,1.783,0.005,0.216,0.019,0.0,0.027,0.031,5.832,0.848,0.483,0.032,0.0,0.056,0.002,0.273,0.445,0.055,0.001,0.0,0.002,0.012,0.23,0.0,0.014,0.044,0.002,0.013,0.075,0.006,0.173,0.01,0.001,0.116,0.002,0.069,0.026,0.002,0.009,0.009,0.011,0.021,0.009,0.054,0.776,0.001,0.002
Maluku Tengah,81,Maluku,Maluku,Kabupaten,0.002,0.004,0.054,0.107,0.137,0.002,0.011,0.225,0.049,0.044,0.122,0.029,0.017,0.029,0.013,0.013,0.03,0.005,0.001,0.0,0.002,0.012,0.0,0.0,0.0,0.0,0.001,0.0,0.086,0.034,0.003,0.029,0.001,0.0,0.0,0.0,0.017,0.216,0.009,0.006,0.122,0.001,0.0,0.001,0.0,0.0,0.002,0.0,0.0,0.175,0.003,0.0,0.011,0.006,0.005,0.008,0.122,0.0,0.043,0.033,0.0,0.0,0.0,0.002,0.078,0.126,0.077,0.014,0.012,0.021,0.038,0.073,0.473,0.021,0.021,0.396,0.143,0.002,0.409,2.02,0.46,0.319,0.142,0.019,0.087,0.011,0.151,0.08,0.02,4.476,0.3,0.097,0.005,0.107,0.048,0.016,1.523,0.001,0.008,0.002,0.0,0.042,0.126,8.22,1.148,0.179,0.08,0.005,0.041,0.004,0.445,0.484,0.049,0.007,0.002,0.026,0.042,0.081,0.0,0.03,0.097,0.007,0.028,0.029,0.012,0.06,0.021,0.008,0.06,0.006,0.08,0.018,0.005,0.009,0.006,0.026,0.034,0.052,0.114,0.949,0.0,0.0
Buru,81,Maluku,Maluku,Kabupaten,0.001,0.005,0.011,0.057,0.103,0.002,0.024,0.077,0.017,0.024,0.021,0.027,0.01,0.01,0.011,0.008,0.025,0.0,0.0,0.0,0.005,0.0,0.0,0.001,0.004,0.0,0.001,0.0,0.06,0.011,0.0,0.033,0.006,0.0,0.0,0.0,0.005,0.122,0.018,0.0,0.159,0.0,0.001,0.002,0.001,0.0,0.01,0.001,0.0,0.099,0.004,0.0,0.0,0.0,0.017,0.006,0.148,0.0,0.017,0.022,0.0,0.0,0.0,0.001,0.119,0.18,0.053,0.04,0.009,0.038,0.015,0.075,0.404,0.073,0.045,0.3,0.161,0.007,0.058,1.891,0.193,0.451,0.128,0.022,0.145,0.0,0.57,0.07,0.075,1.505,0.177,0.025,0.017,0.091,0.012,0.038,1.69,0.001,0.027,0.001,0.0,0.036,0.014,12.295,0.687,0.336,0.028,0.002,0.061,0.003,0.353,0.411,0.056,0.037,0.001,0.016,0.03,0.081,0.004,0.065,0.146,0.005,0.009,0.016,0.01,0.028,0.03,0.003,0.033,0.006,0.102,0.03,0.006,0.005,0.011,0.014,0.037,0.0,0.044,0.722,0.092,0.014
Kepulauan Aru,81,Maluku,Maluku,Kabupaten,0.0,0.003,0.012,0.011,0.0,0.001,0.002,0.017,0.011,0.011,0.133,0.038,0.014,0.009,0.011,0.003,0.027,0.014,0.003,0.0,0.001,0.005,0.0,0.0,0.0,0.0,0.018,0.002,0.054,0.005,0.0,0.01,0.0,0.0,0.0,0.0,0.059,0.266,0.084,0.006,0.258,0.001,0.026,0.0,0.0,0.0,0.0,0.0,0.0,0.003,0.0,0.0,0.001,0.0,0.002,0.0,0.034,0.0,0.007,0.008,0.0,0.002,0.0,0.016,0.097,0.074,0.061,0.028,0.002,0.011,0.006,0.025,0.087,0.012,0.021,0.145,0.145,0.004,0.067,0.89,0.308,0.236,0.064,0.006,0.07,0.003,0.104,0.066,0.033,3.211,0.26,0.054,0.013,0.04,0.001,0.028,1.333,0.001,0.025,0.007,0.0,0.011,0.097,4.351,0.11,0.042,0.197,0.001,0.023,0.004,0.323,0.373,0.047,0.001,0.001,0.002,0.014,0.132,0.0,0.011,0.13,0.001,0.016,0.016,0.002,0.03,0.012,0.002,0.054,0.0,0.021,0.013,0.001,0.008,0.007,0.035,0.02,0.002,0.019,0.548,0.0,0.004
Seram Bagian Barat,81,Maluku,Maluku,Kabupaten,0.005,0.002,0.037,0.225,0.316,0.003,0.006,0.184,0.031,0.025,0.119,0.06,0.009,0.008,0.001,0.018,0.017,0.007,0.0,0.0,0.003,0.012,0.0,0.0,0.0,0.0,0.013,0.0,0.106,0.017,0.001,0.026,0.0,0.0,0.001,0.0,0.014,0.188,0.01,0.001,0.109,0.0,0.001,0.0,0.0,0.0,0.0,0.0,0.0,0.039,0.002,0.0,0.001,0.0,0.014,0.001,0.055,0.0,0.105,0.003,0.0,0.0,0.0,0.001,0.065,0.018,0.041,0.013,0.078,0.013,0.005,0.055,0.232,0.024,0.186,0.5,0.137,0.004,0.225,1.796,0.646,0.148,0.109,0.019,0.273,0.023,0.219,0.171,0.123,4.247,0.267,0.138,0.011,0.115,0.01,0.045,1.279,0.002,0.019,0.001,0.001,0.034,0.009,6.107,0.424,0.078,0.055,0.001,0.018,0.003,0.339,0.34,0.038,0.007,0.001,0.015,0.013,0.13,0.0,0.029,0.148,0.002,0.043,0.032,0.002,0.034,0.023,0.008,0.113,0.002,0.081,0.021,0.001,0.011,0.008,0.006,0.006,0.033,0.058,0.689,0.0,0.0
Seram Bagian Timur,81,Maluku,Maluku,Kabupaten,0.001,0.002,0.022,0.118,0.449,0.002,0.01,0.047,0.022,0.057,0.113,0.045,0.006,0.007,0.009,0.003,0.007,0.002,0.0,0.0,0.002,0.002,0.0,0.0,0.0,0.0,0.032,0.0,0.163,0.016,0.007,0.037,0.005,0.0,0.001,0.0,0.017,0.082,0.076,0.0,0.137,0.0,0.002,0.0,0.0,0.0,0.001,0.0,0.001,0.103,0.0,0.002,0.008,0.004,0.002,0.003,0.16,0.0,0.08,0.034,0.003,0.002,0.0,0.001,0.056,0.072,0.023,0.002,0.001,0.003,0.023,0.028,0.841,0.012,0.031,0.653,0.146,0.001,0.506,1.879,2.473,0.132,0.031,0.003,0.239,0.002,0.34,0.015,0.039,2.785,0.099,0.068,0.004,0.051,0.003,0.0,1.246,0.002,0.011,0.0,0.0,0.067,1.509,4.274,1.284,0.82,0.128,0.0,0.0,0.0,0.317,0.355,0.07,0.009,0.001,0.012,0.033,0.035,0.0,0.027,0.101,0.005,0.008,0.024,0.005,0.067,0.009,0.003,0.029,0.0,0.098,0.022,0.002,0.012,0.008,0.006,0.044,0.001,0.042,0.609,0.0,0.0
Maluku Barat Daya,81,Maluku,Maluku,Kabupaten,0.001,0.004,0.122,0.001,0.002,0.002,0.008,0.19,0.098,0.1,0.171,0.0,0.001,0.077,0.002,0.031,0.035,0.055,0.0,0.005,0.003,0.03,0.0,0.0,0.0,0.0,0.065,0.0,0.035,0.051,0.004,0.073,0.0,0.0,0.0,0.011,0.004,0.294,0.096,0.0,0.008,0.003,0.005,0.0,0.0,0.0,0.0,0.0,0.0,0.004,0.0,0.0,0.007,0.001,0.0,0.0,0.033,0.0,0.002,0.012,0.0,0.0,0.0,0.003,0.1,0.071,0.034,0.051,0.0,0.033,0.0,0.014,0.177,0.002,0.066,0.18,0.054,0.0,0.711,1.573,0.037,0.144,0.029,0.001,0.342,0.041,0.066,0.042,0.084,2.761,0.097,0.109,0.001,0.061,0.0,0.005,1.912,0.004,0.049,0.368,0.0,0.028,0.045,2.576,0.181,0.959,0.062,0.001,0.013,0.0,0.288,0.336,0.06,0.001,0.002,0.005,0.015,0.213,0.002,0.013,0.122,0.003,0.01,0.029,0.009,0.084,0.022,0.009,0.175,0.003,0.036,0.004,0.004,0.012,0.012,0.011,0.039,0.001,0.184,0.949,0.0,0.0
Buru Selatan,81,Maluku,Maluku,Kabupaten,0.004,0.002,0.044,0.011,0.084,0.002,0.006,0.229,0.017,0.014,0.162,0.004,0.005,0.004,0.004,0.007,0.006,0.001,0.002,0.001,0.0,0.015,0.0,0.0,0.0,0.0,0.003,0.0,0.071,0.009,0.007,0.014,0.0,0.0,0.002,0.0,0.017,0.143,0.021,0.0,0.026,0.0,0.001,0.0,0.0,0.0,0.0,0.0,0.0,0.05,0.0,0.0,0.0,0.0,0.001,0.0,0.073,0.0,0.038,0.055,0.0,0.0,0.0,0.005,0.026,0.046,0.033,0.021,0.02,0.008,0.0,0.013,0.34,0.003,0.076,0.221,0.109,0.015,0.195,1.073,0.177,0.072,0.037,0.002,0.279,0.009,0.047,0.023,0.082,3.327,0.092,0.064,0.011,0.095,0.003,0.01,1.45,0.004,0.0,0.001,0.0,0.031,0.823,4.312,0.274,0.286,0.334,0.001,0.003,0.002,0.231,0.276,0.028,0.003,0.0,0.012,0.011,0.126,0.0,0.024,0.075,0.002,0.008,0.015,0.01,0.016,0.008,0.001,0.05,0.001,0.049,0.011,0.002,0.004,0.002,0.003,0.018,0.012,0.035,0.44,0.007,0.001
Kota Ambon,81,Maluku,Maluku,Kota,0.014,0.013,0.061,0.099,0.077,0.001,0.01,0.231,0.078,0.056,0.052,0.017,0.01,0.02,0.021,0.01,0.102,0.003,0.004,0.0,0.0,0.001,0.0,0.0,0.0,0.0,0.0,0.0,0.043,0.015,0.002,0.006,0.0,0.0,0.0,0.002,0.017,0.233,0.0,0.0,0.051,0.0,0.0,0.0,0.0,0.0,0.0,0.0,0.0,0.124,0.002,0.0,0.0,0.0,0.006,0.002,0.096,0.0,0.085,0.033,0.0,0.0,0.0,0.001,0.537,0.26,0.072,0.137,0.04,0.044,0.098,0.125,0.254,0.037,0.216,0.51,0.193,0.01,0.113,2.088,0.231,0.09,0.231,0.011,0.293,0.013,0.483,0.126,0.076,3.926,0.634,0.045,0.057,0.213,0.012,0.07,1.615,0.003,0.028,0.0,0.002,0.033,0.026,8.25,0.283,0.564,0.004,0.009,0.065,0.02,0.413,0.478,0.061,0.013,0.001,0.04,0.058,0.085,0.0,0.029,0.143,0.009,0.049,0.024,0.004,0.025,0.082,0.01,0.07,0.017,0.087,0.03,0.017,0.032,0.014,0.078,0.024,0.02,0.036,1.296,0.0,0.009
Kota Tual,81,Maluku,Maluku,Kota,0.004,0.005,0.052,0.012,0.065,0.001,0.007,0.103,0.053,0.018,0.09,0.019,0.008,0.02,0.008,0.005,0.047,0.0,0.001,0.0,0.001,0.0,0.0,0.0,0.006,0.0,0.038,0.0,0.022,0.018,0.001,0.049,0.0,0.0,0.009,0.0,0.002,0.275,0.072,0.0,0.052,0.002,0.0,0.003,0.0,0.0,0.0,0.0,0.0,0.035,0.0,0.0,0.006,0.0,0.105,0.002,0.106,0.0,0.0,0.007,0.0,0.001,0.0,0.0,0.245,0.218,0.105,0.021,0.01,0.065,0.017,0.071,0.888,0.053,0.105,0.997,0.212,0.005,0.842,1.536,0.212,0.366,0.133,0.034,0.273,0.002,0.186,0.093,0.058,5.301,0.122,0.108,0.036,0.1,0.012,0.048,1.811,0.014,0.281,0.007,0.001,0.113,0.008,5.176,1.705,0.227,0.054,0.005,0.067,0.011,0.335,0.294,0.065,0.003,0.001,0.002,0.032,0.068,0.002,0.009,0.073,0.003,0.021,0.108,0.004,0.138,0.011,0.003,0.082,0.006,0.104,0.024,0.003,0.025,0.009,0.041,0.047,0.02,0.025,0.889,0.0,0.009
Halmahera Barat,82,Maluku Utara,Maluku,Kabupaten,0.002,0.003,0.063,0.145,0.007,0.003,0.002,0.055,0.037,0.002,0.296,0.07,0.025,0.002,0.059,0.009,0.032,0.006,0.001,0.0,0.005,0.001,0.0,0.0,0.0,0.0,0.0,0.0,0.143,0.003,0.0,0.053,0.004,0.0,0.0,0.008,0.007,0.084,0.008,0.0,0.052,0.0,0.0,0.0,0.0,0.0,0.007,0.002,0.0,0.038,0.007,0.0,0.014,0.003,0.006,0.044,0.105,0.0,0.012,0.022,0.0,0.0,0.0,0.0,0.025,0.045,0.012,0.029,0.001,0.026,0.1,0.038,0.117,0.012,0.066,0.432,0.049,0.003,0.045,1.011,0.029,0.183,0.05,0.013,0.141,0.004,0.119,0.052,0.103,1.051,0.076,0.013,0.005,0.098,0.032,0.005,1.635,0.001,0.013,0.001,0.0,0.026,0.029,10.11,0.662,0.597,0.037,0.0,0.009,0.003,0.302,0.369,0.027,0.001,0.003,0.029,0.034,0.148,0.0,0.01,0.127,0.006,0.002,0.021,0.009,0.044,0.004,0.001,0.055,0.001,0.052,0.033,0.006,0.007,0.009,0.013,0.026,0.001,0.036,0.87,0.0,0.005
Halmahera Tengah,82,Maluku Utara,Maluku,Kabupaten,0.006,0.004,0.024,0.042,0.027,0.004,0.013,0.183,0.039,0.013,0.198,0.032,0.011,0.048,0.004,0.019,0.036,0.0,0.001,0.0,0.007,0.001,0.004,0.0,0.001,0.0,0.013,0.0,0.206,0.019,0.0,0.066,0.005,0.0,0.0,0.005,0.003,0.066,0.047,0.0,0.081,0.004,0.0,0.002,0.0,0.0,0.008,0.003,0.003,0.075,0.0,0.0,0.013,0.0,0.01,0.017,0.071,0.0,0.03,0.011,0.0,0.0,0.001,0.002,0.124,0.283,0.117,0.083,0.03,0.023,0.211,0.15,0.483,0.064,0.043,0.677,0.178,0.002,0.12,1.282,0.717,0.347,0.108,0.01,0.264,0.003,0.612,0.07,0.066,0.942,0.085,0.071,0.009,0.058,0.073,0.014,1.5,0.002,0.031,0.002,0.0,0.039,0.122,18.705,0.48,0.669,0.04,0.001,0.027,0.001,0.302,0.366,0.065,0.007,0.002,0.02,0.039,0.044,0.0,0.03,0.112,0.007,0.007,0.048,0.021,0.023,0.024,0.006,0.029,0.004,0.09,0.069,0.008,0.004,0.015,0.079,0.03,0.02,0.034,0.903,0.0,0.0
Kepulauan Sula,82,Maluku Utara,Maluku,Kabupaten,0.004,0.001,0.026,0.044,0.086,0.003,0.003,0.093,0.007,0.009,0.064,0.017,0.005,0.009,0.002,0.002,0.017,0.0,0.0,0.0,0.002,0.0,0.0,0.0,0.0,0.0,0.008,0.0,0.156,0.02,0.001,0.062,0.001,0.0,0.002,0.0,0.0,0.073,0.049,0.0,0.108,0.0,0.0,0.0,0.0,0.0,0.001,0.0,0.0,0.052,0.0,0.0,0.005,0.001,0.003,0.0,0.15,0.0,0.012,0.016,0.0,0.0,0.0,0.002,0.036,0.097,0.018,0.026,0.001,0.014,0.007,0.016,0.689,0.003,0.046,0.425,0.236,0.0,0.234,0.859,0.084,0.095,0.052,0.005,0.096,0.002,0.093,0.044,0.037,2.889,0.116,0.013,0.008,0.074,0.078,0.009,1.726,0.001,0.024,0.006,0.003,0.027,0.009,5.709,0.44,0.24,0.119,0.003,0.009,0.0,0.265,0.3,0.044,0.002,0.0,0.02,0.015,0.046,0.0,0.035,0.125,0.003,0.002,0.016,0.008,0.01,0.01,0.004,0.012,0.0,0.074,0.077,0.001,0.003,0.011,0.038,0.033,0.011,0.017,0.71,0.0,0.0
Halmahera Selatan,82,Maluku Utara,Maluku,Kabupaten,0.0,0.001,0.026,0.184,0.022,0.004,0.005,0.218,0.031,0.003,0.373,0.014,0.003,0.008,0.002,0.005,0.023,0.001,0.001,0.0,0.002,0.003,0.0,0.0,0.005,0.0,0.011,0.0,0.291,0.011,0.0,0.049,0.0,0.0,0.001,0.007,0.044,0.087,0.061,0.0,0.045,0.002,0.0,0.005,0.0,0.0,0.0,0.0,0.0,0.082,0.007,0.0,0.009,0.001,0.021,0.031,0.125,0.0,0.068,0.004,0.0,0.001,0.0,0.003,0.121,0.053,0.027,0.023,0.0,0.012,0.007,0.015,0.711,0.002,0.044,0.436,0.139,0.0,0.155,0.692,0.793,0.191,0.034,0.003,0.11,0.002,0.212,0.008,0.054,1.536,0.083,0.026,0.001,0.089,0.003,0.001,1.603,0.012,0.042,0.001,0.0,0.029,0.106,10.515,0.999,0.029,0.178,0.002,0.005,0.001,0.308,0.405,0.019,0.001,0.001,0.032,0.038,0.057,0.0,0.02,0.084,0.001,0.012,0.02,0.004,0.036,0.009,0.002,0.05,0.001,0.105,0.069,0.002,0.005,0.011,0.013,0.02,0.002,0.025,0.776,0.001,0.0
Halmahera Utara,82,Maluku Utara,Maluku,Kabupaten,0.002,0.002,0.021,0.295,0.02,0.001,0.011,0.059,0.049,0.013,0.421,0.089,0.041,0.014,0.032,0.008,0.034,0.007,0.0,0.0,0.002,0.001,0.0,0.0,0.001,0.0,0.004,0.0,0.144,0.013,0.0,0.103,0.008,0.0,0.0,0.006,0.0,0.066,0.018,0.0,0.063,0.002,0.0,0.001,0.0,0.0,0.013,0.005,0.0,0.002,0.001,0.0,0.011,0.003,0.008,0.042,0.244,0.0,0.051,0.049,0.0,0.0,0.0,0.0,0.048,0.14,0.064,0.039,0.005,0.042,0.043,0.09,0.333,0.02,0.059,0.932,0.215,0.001,0.057,1.095,0.067,0.104,0.15,0.044,0.133,0.022,0.379,0.101,0.045,2.0,0.172,0.023,0.016,0.089,0.04,0.014,1.462,0.0,0.023,0.0,0.0,0.05,0.013,8.238,0.292,1.032,0.065,0.0,0.02,0.001,0.364,0.484,0.038,0.005,0.004,0.042,0.052,0.085,0.0,0.034,0.14,0.012,0.012,0.02,0.016,0.048,0.011,0.004,0.045,0.003,0.08,0.054,0.005,0.009,0.015,0.063,0.025,0.001,0.013,0.898,0.0,0.0
Halmahera Timur,82,Maluku Utara,Maluku,Kabupaten,0.003,0.004,0.027,0.146,0.023,0.001,0.021,0.154,0.064,0.006,0.118,0.032,0.004,0.062,0.017,0.013,0.039,0.002,0.0,0.0,0.003,0.002,0.0,0.0,0.0,0.0,0.001,0.0,0.116,0.014,0.0,0.026,0.003,0.0,0.0,0.006,0.003,0.035,0.037,0.016,0.323,0.008,0.002,0.001,0.0,0.0,0.004,0.01,0.0,0.01,0.0,0.0,0.007,0.004,0.034,0.059,0.07,0.0,0.009,0.008,0.0,0.0,0.002,0.007,0.138,0.297,0.121,0.084,0.003,0.055,0.73,0.15,0.567,0.075,0.064,0.717,0.129,0.002,0.201,1.869,0.125,0.195,0.123,0.024,0.189,0.012,0.341,0.079,0.092,2.216,0.13,0.045,0.022,0.158,0.017,0.031,1.257,0.0,0.032,0.003,0.0,0.049,0.164,14.183,1.99,1.162,0.091,0.003,0.017,0.001,0.399,0.505,0.048,0.016,0.002,0.023,0.025,0.092,0.0,0.034,0.167,0.009,0.01,0.031,0.031,0.069,0.022,0.004,0.03,0.001,0.089,0.067,0.006,0.002,0.009,0.047,0.042,0.002,0.06,1.005,0.006,0.024
Pulau Morotai,82,Maluku Utara,Maluku,Kabupaten,0.001,0.001,0.013,0.063,0.001,0.001,0.022,0.126,0.032,0.001,0.176,0.03,0.008,0.012,0.017,0.005,0.034,0.006,0.0,0.001,0.003,0.001,0.0,0.0,0.0,0.0,0.002,0.0,0.154,0.026,0.0,0.059,0.002,0.0,0.001,0.004,0.011,0.117,0.057,0.0,0.001,0.0,0.0,0.002,0.0,0.0,0.002,0.0,0.0,0.017,0.0,0.0,0.005,0.008,0.006,0.032,0.298,0.0,0.017,0.064,0.0,0.005,0.0,0.001,0.092,0.298,0.022,0.016,0.005,0.025,0.072,0.051,0.289,0.021,0.049,0.374,0.134,0.002,0.16,2.372,0.189,0.258,0.037,0.02,0.16,0.005,0.081,0.047,0.02,2.404,0.116,0.009,0.005,0.107,0.002,0.005,1.521,0.034,0.03,0.002,0.0,0.076,0.014,7.248,0.511,0.229,0.184,0.007,0.009,0.001,0.437,0.496,0.023,0.005,0.005,0.049,0.027,0.072,0.0,0.033,0.191,0.007,0.007,0.009,0.006,0.021,0.004,0.001,0.036,0.001,0.069,0.07,0.003,0.003,0.018,0.006,0.02,0.0,0.028,0.717,0.001,0.0
Pulau Taliabu,82,Maluku Utara,Maluku,Kabupaten,0.001,0.001,0.003,0.081,0.207,0.001,0.003,0.174,0.009,0.011,0.075,0.023,0.001,0.011,0.003,0.006,0.023,0.0,0.0,0.0,0.006,0.005,0.0,0.0,0.004,0.0,0.037,0.0,0.217,0.03,0.0,0.069,0.003,0.0,0.0,0.001,0.002,0.095,0.041,0.0,0.067,0.001,0.001,0.0,0.005,0.0,0.018,0.006,0.0,0.044,0.0,0.0,0.007,0.0,0.006,0.0,0.076,0.0,0.019,0.007,0.0,0.0,0.0,0.0,0.013,0.162,0.021,0.016,0.003,0.046,0.0,0.008,0.55,0.037,0.056,0.577,0.161,0.002,0.32,1.802,0.231,0.069,0.121,0.02,0.413,0.005,0.066,0.048,0.165,3.147,0.038,0.137,0.001,0.083,0.073,0.014,1.58,0.0,0.006,0.0,0.0,0.017,0.013,10.914,0.736,1.977,0.104,0.004,0.001,0.0,0.219,0.304,0.046,0.0,0.0,0.005,0.018,0.063,0.0,0.047,0.116,0.004,0.001,0.008,0.009,0.018,0.006,0.001,0.032,0.0,0.069,0.039,0.002,0.004,0.011,0.026,0.033,0.002,0.041,0.745,0.0,0.002
Kota Ternate,82,Maluku Utara,Maluku,Kota,0.005,0.01,0.028,0.287,0.205,0.002,0.007,0.139,0.058,0.003,0.108,0.107,0.012,0.047,0.002,0.001,0.091,0.002,0.004,0.0,0.0,0.0,0.0,0.0,0.0,0.0,0.0,0.0,0.175,0.01,0.002,0.086,0.0,0.0,0.0,0.0,0.015,0.063,0.004,0.001,0.059,0.0,0.0,0.0,0.0,0.0,0.001,0.001,0.0,0.086,0.001,0.0,0.01,0.001,0.006,0.047,0.053,0.0,0.122,0.046,0.005,0.0,0.001,0.001,0.276,0.324,0.147,0.239,0.089,0.06,0.861,0.114,0.325,0.086,0.32,2.837,0.645,0.013,0.182,2.371,0.538,0.319,0.202,0.045,0.437,0.0,0.587,0.22,0.038,1.904,0.311,0.106,0.049,0.225,0.071,0.08,1.48,0.0,0.009,0.0,0.0,0.016,0.068,17.156,0.75,0.28,0.0,0.01,0.054,0.001,0.396,0.57,0.057,0.012,0.001,0.04,0.04,0.024,0.0,0.032,0.159,0.007,0.033,0.046,0.017,0.006,0.026,0.011,0.04,0.014,0.047,0.141,0.019,0.007,0.018,0.101,0.03,0.0,0.032,1.352,0.0,0.001
Kota Tidore Kepulauan,82,Maluku Utara,Maluku,Kota,0.007,0.005,0.021,0.153,0.103,0.002,0.006,0.243,0.067,0.011,0.252,0.077,0.021,0.009,0.01,0.007,0.028,0.001,0.002,0.0,0.002,0.001,0.0,0.0,0.0,0.0,0.001,0.009,0.149,0.003,0.0,0.064,0.004,0.0,0.001,0.006,0.054,0.057,0.008,0.001,0.019,0.0,0.0,0.0,0.0,0.0,0.0,0.001,0.0,0.046,0.0,0.0,0.015,0.001,0.009,0.046,0.141,0.0,0.171,0.011,0.0,0.0,0.0,0.001,0.118,0.187,0.085,0.111,0.005,0.043,0.6,0.064,0.561,0.019,0.097,0.915,0.263,0.001,0.079,1.955,0.397,0.139,0.101,0.006,0.412,0.003,0.35,0.181,0.118,1.777,0.088,0.044,0.007,0.082,0.016,0.033,1.379,0.001,0.042,0.009,0.0,0.036,0.054,15.366,2.017,0.134,0.015,0.003,0.01,0.001,0.296,0.428,0.045,0.002,0.0,0.017,0.026,0.024,0.0,0.033,0.144,0.008,0.024,0.04,0.009,0.015,0.012,0.011,0.058,0.004,0.067,0.119,0.008,0.01,0.009,0.027,0.032,0.001,0.058,1.044,0.0,0.008
Fakfak,91,Papua Barat,Papua,Kabupaten,0.009,0.005,0.023,0.094,0.155,0.011,0.008,0.197,0.024,0.054,0.096,0.145,0.008,0.023,0.002,0.009,0.049,0.024,0.002,0.0,0.003,0.008,0.0,0.0,0.002,0.0,0.004,0.02,0.047,0.012,0.0,0.072,0.0,0.0,0.0,0.023,0.026,0.034,0.061,0.001,0.186,0.008,0.002,0.003,0.004,0.0,0.011,0.002,0.0,0.041,0.0,0.0,0.014,0.007,0.028,0.004,0.122,0.0,0.055,0.023,0.0,0.0,0.002,0.007,0.281,0.072,0.186,0.039,0.006,0.033,0.041,0.104,0.259,0.026,0.028,0.502,0.181,0.003,0.092,1.149,0.229,0.185,0.133,0.037,0.191,0.009,0.221,0.052,0.034,0.766,0.235,0.067,0.019,0.026,0.057,0.015,1.495,0.002,0.009,0.0,0.0,0.045,0.232,14.885,0.634,0.782,0.029,0.005,0.033,0.005,0.456,0.504,0.061,0.013,0.001,0.006,0.024,0.124,0.002,0.045,0.121,0.005,0.047,0.029,0.012,0.029,0.032,0.007,0.035,0.004,0.073,0.012,0.013,0.011,0.014,0.006,0.06,0.006,0.03,1.196,0.0,0.0
Kaimana,91,Papua Barat,Papua,Kabupaten,0.007,0.01,0.061,0.123,0.232,0.001,0.004,0.154,0.031,0.036,0.303,0.112,0.026,0.028,0.002,0.002,0.065,0.023,0.001,0.0,0.003,0.021,0.0,0.0,0.0,0.0,0.001,0.002,0.09,0.017,0.0,0.045,0.003,0.0,0.002,0.003,0.052,0.133,0.071,0.009,0.473,0.005,0.011,0.003,0.0,0.0,0.001,0.0,0.0,0.009,0.007,0.0,0.005,0.001,0.01,0.027,0.005,0.0,0.028,0.024,0.0,0.002,0.0,0.02,0.282,0.172,0.272,0.017,0.01,0.027,0.039,0.061,0.269,0.04,0.027,0.621,0.215,0.0,0.047,0.819,0.296,0.162,0.171,0.014,0.178,0.01,0.68,0.05,0.053,0.979,0.307,0.152,0.008,0.032,0.011,0.029,1.451,0.004,0.021,0.0,0.0,0.054,0.354,8.07,0.733,0.611,0.073,0.007,0.051,0.007,0.489,0.52,0.058,0.006,0.001,0.007,0.026,0.064,0.0,0.037,0.196,0.007,0.013,0.031,0.013,0.028,0.023,0.004,0.089,0.001,0.048,0.018,0.003,0.014,0.013,0.014,0.04,0.039,0.016,1.377,0.0,0.0
Teluk Wondama,91,Papua Barat,Papua,Kabupaten,0.001,0.002,0.017,0.032,0.012,0.004,0.021,0.215,0.09,0.034,0.222,0.011,0.0,0.002,0.0,0.01,0.053,0.066,0.004,0.0,0.0,0.033,0.0,0.0,0.003,0.0,0.094,0.004,0.105,0.015,0.0,0.05,0.001,0.0,0.0,0.008,0.011,0.054,0.065,0.008,0.127,0.011,0.004,0.0,0.0,0.0,0.001,0.001,0.001,0.05,0.0,0.0,0.028,0.0,0.003,0.011,0.029,0.0,0.0,0.012,0.0,0.001,0.001,0.012,0.08,0.032,0.291,0.0,0.001,0.008,0.009,0.028,0.168,0.016,0.066,0.496,0.268,0.003,0.009,1.069,0.074,0.293,0.13,0.035,0.225,0.003,0.164,0.048,0.116,1.006,0.064,0.113,0.001,0.081,0.01,0.001,1.157,0.0,0.011,0.002,0.0,0.034,1.792,8.4,0.125,0.025,0.052,0.002,0.035,0.001,0.402,0.42,0.1,0.003,0.0,0.007,0.026,0.146,0.0,0.018,0.165,0.004,0.007,0.002,0.001,0.065,0.023,0.003,0.156,0.0,0.029,0.018,0.003,0.012,0.009,0.002,0.051,0.001,0.009,0.921,0.0,0.006
Teluk Bintuni,91,Papua Barat,Papua,Kabupaten,0.005,0.007,0.032,0.016,0.021,0.003,0.027,0.093,0.037,0.023,0.107,0.073,0.009,0.023,0.001,0.011,0.09,0.057,0.001,0.0,0.006,0.05,0.0,0.0,0.004,0.002,0.001,0.0,0.031,0.005,0.0,0.054,0.085,0.0,0.0,0.033,0.036,0.108,0.053,0.0,0.141,0.012,0.016,0.039,0.001,0.0,0.068,0.003,0.002,0.0,0.009,0.003,0.004,0.004,0.001,0.024,0.006,0.0,0.015,0.009,0.0,0.001,0.001,0.062,0.482,0.157,0.251,0.108,0.003,0.013,0.032,0.051,0.216,0.042,0.046,0.867,0.439,0.0,0.067,0.796,0.128,0.125,0.163,0.009,0.176,0.006,0.105,0.061,0.092,0.519,0.216,0.093,0.001,0.032,0.051,0.009,1.323,0.005,0.018,0.0,0.0,0.039,0.381,14.271,0.286,0.132,0.044,0.002,0.042,0.003,0.418,0.448,0.073,0.003,0.004,0.008,0.037,0.083,0.0,0.031,0.151,0.004,0.01,0.008,0.003,0.037,0.019,0.01,0.054,0.003,0.033,0.025,0.007,0.009,0.017,0.003,0.054,0.0,0.029,1.592,0.0,0.0
Manokwari,91,Papua Barat,Papua,Kabupaten,0.005,0.008,0.022,0.012,0.019,0.018,0.019,0.031,0.081,0.027,0.086,0.02,0.002,0.043,0.005,0.037,0.116,0.021,0.003,0.0,0.007,0.002,0.0,0.0,0.003,0.0,0.004,0.0,0.1,0.006,0.001,0.132,0.007,0.0,0.0,0.018,0.001,0.019,0.01,0.01,0.038,0.0,0.002,0.021,0.003,0.0,0.03,0.004,0.0,0.013,0.0,0.0,0.004,0.012,0.003,0.013,0.042,0.0,0.014,0.026,0.0,0.001,0.003,0.003,0.334,0.255,0.314,0.067,0.03,0.091,0.193,0.103,0.205,0.101,0.023,0.72,0.236,0.021,0.133,1.409,0.189,0.243,0.337,0.165,0.56,0.002,0.288,0.092,0.095,0.768,0.357,0.134,0.045,0.114,0.068,0.037,1.497,0.004,0.012,0.003,0.0,0.064,0.268,10.637,0.644,0.664,0.027,0.008,0.11,0.001,0.499,0.543,0.1,0.014,0.001,0.013,0.07,0.068,0.003,0.066,0.144,0.012,0.029,0.018,0.019,0.028,0.051,0.025,0.054,0.018,0.056,0.038,0.014,0.011,0.012,0.021,0.056,0.001,0.056,1.886,0.008,0.043
Manokwari Selatan,91,Papua Barat,Papua,Kabupaten,0.01,0.002,0.02,0.026,0.011,0.004,0.01,0.045,0.094,0.042,0.247,0.016,0.001,0.029,0.004,0.022,0.117,0.028,0.008,0.0,0.007,0.02,0.0,0.001,0.0,0.0,0.0,0.0,0.105,0.001,0.001,0.061,0.008,0.0,0.0,0.058,0.005,0.02,0.012,0.021,0.034,0.004,0.004,0.012,0.003,0.0,0.038,0.001,0.002,0.003,0.002,0.0,0.006,0.0,0.003,0.014,0.006,0.0,0.004,0.016,0.0,0.0,0.002,0.003,0.385,0.038,0.262,0.039,0.011,0.115,0.224,0.126,0.349,0.261,0.09,1.033,0.188,0.003,0.032,1.787,0.101,0.199,0.387,0.03,0.127,0.005,0.109,0.416,0.135,1.156,1.223,0.087,0.135,0.033,0.106,0.079,1.562,0.0,0.032,0.001,0.001,0.015,0.797,11.339,0.163,1.638,0.004,0.006,0.094,0.001,0.502,0.624,0.145,0.026,0.0,0.008,0.059,0.138,0.0,0.043,0.168,0.013,0.04,0.015,0.018,0.026,0.08,0.036,0.068,0.003,0.081,0.043,0.033,0.01,0.015,0.004,0.035,0.003,0.055,1.305,0.005,0.002
Pegunungan Arfak,91,Papua Barat,Papua,Kabupaten,0.018,0.0,0.081,0.007,0.0,0.003,0.029,0.007,0.071,0.017,0.035,0.01,0.0,0.002,0.008,0.041,0.06,0.045,0.001,0.0,0.001,0.002,0.0,0.0,0.001,0.019,0.0,0.0,0.013,0.001,0.0,0.01,0.004,0.0,0.0,0.251,0.004,0.0,0.0,0.0,0.0,0.001,0.001,0.005,0.013,0.0,0.095,0.009,0.0,0.001,0.0,0.0,0.001,0.0,0.0,0.009,0.0,0.0,0.003,0.007,0.0,0.0,0.0,0.0,0.12,0.026,0.239,0.002,0.005,0.018,0.008,0.023,0.078,0.011,0.005,0.425,0.471,0.0,0.02,1.715,0.01,0.156,0.101,0.058,0.22,0.0,0.172,0.039,0.021,0.64,0.267,0.093,0.006,0.012,0.028,0.001,1.227,0.0,0.061,0.0,0.0,0.003,0.094,2.565,0.147,0.353,0.031,0.003,0.006,0.0,0.424,0.347,0.025,0.029,0.001,0.005,0.018,0.029,0.0,0.005,0.023,0.126,0.108,0.007,0.0,0.001,0.021,0.116,0.047,0.008,0.004,0.023,0.041,0.001,0.002,0.002,0.049,0.0,0.241,0.846,0.0,0.0
Raja Ampat,92,Papua Barat Daya,Papua,Kabupaten,0.002,0.003,0.03,0.123,0.017,0.004,0.013,0.167,0.034,0.014,0.159,0.012,0.007,0.006,0.002,0.013,0.038,0.024,0.001,0.0,0.0,0.006,0.0,0.0,0.0,0.0,0.041,0.046,0.191,0.021,0.003,0.059,0.012,0.0,0.003,0.02,0.061,0.043,0.214,0.0,0.115,0.003,0.002,0.003,0.0,0.0,0.001,0.005,0.0,0.03,0.0,0.0,0.03,0.021,0.044,0.016,0.028,0.0,0.007,0.027,0.0,0.006,0.014,0.005,0.147,0.056,0.126,0.035,0.002,0.041,0.007,0.023,0.233,0.011,0.109,1.34,0.68,0.01,0.242,1.339,0.046,0.283,0.051,0.022,0.393,0.001,0.26,0.015,0.109,1.037,0.178,0.081,0.004,0.099,0.035,0.01,1.467,0.0,0.016,0.001,0.0,0.124,0.849,11.543,0.094,0.43,0.085,0.003,0.033,0.001,0.384,0.388,0.043,0.003,0.001,0.005,0.021,0.076,0.0,0.021,0.143,0.007,0.007,0.016,0.01,0.048,0.018,0.003,0.066,0.001,0.044,0.006,0.005,0.008,0.012,0.012,0.112,0.0,0.066,0.767,0.0,0.002
Sorong,92,Papua Barat Daya,Papua,Kabupaten,0.006,0.008,0.039,0.018,0.016,0.006,0.037,0.07,0.059,0.032,0.132,0.009,0.021,0.067,0.004,0.016,0.108,0.04,0.007,0.0,0.004,0.014,0.002,0.0,0.004,0.003,0.01,0.006,0.056,0.014,0.0,0.024,0.047,0.007,0.0,0.004,0.045,0.081,0.025,0.006,0.113,0.02,0.009,0.021,0.0,0.0,0.007,0.005,0.014,0.027,0.018,0.001,0.002,0.005,0.019,0.032,0.03,0.0,0.025,0.023,0.0,0.0,0.0,0.022,0.208,0.287,0.331,0.056,0.034,0.078,0.104,0.135,0.516,0.095,0.059,1.025,0.538,0.014,0.056,1.227,0.103,0.311,0.272,0.05,0.234,0.001,0.236,0.043,0.019,0.755,0.222,0.1,0.023,0.058,0.524,0.033,1.427,0.002,0.027,0.002,0.002,0.059,0.25,12.226,1.597,0.383,0.016,0.013,0.073,0.0,0.508,0.563,0.1,0.009,0.001,0.007,0.06,0.105,0.0,0.068,0.219,0.005,0.013,0.016,0.006,0.026,0.057,0.006,0.133,0.006,0.054,0.022,0.009,0.007,0.012,0.064,0.063,0.002,0.046,1.31,0.006,0.001
Sorong Selatan,92,Papua Barat Daya,Papua,Kabupaten,0.0,0.005,0.038,0.007,0.026,0.003,0.006,0.045,0.046,0.063,0.287,0.017,0.002,0.005,0.003,0.001,0.026,0.049,0.008,0.0,0.0,0.015,0.008,0.0,0.001,0.0,0.003,0.0,0.006,0.0,0.0,0.028,0.091,0.005,0.0,0.028,0.024,0.343,0.095,0.0,0.076,0.026,0.022,0.01,0.002,0.0,0.029,0.003,0.001,0.006,0.0,0.0,0.002,0.002,0.0,0.0,0.002,0.0,0.0,0.013,0.0,0.002,0.0,0.062,0.217,0.041,0.103,0.005,0.002,0.012,0.007,0.019,0.303,0.009,0.027,0.577,0.229,0.0,0.028,1.339,0.041,0.091,0.075,0.007,0.231,0.006,0.407,0.012,0.01,0.525,0.093,0.009,0.001,0.001,0.016,0.002,0.723,0.008,0.004,0.0,0.0,0.012,0.447,6.161,0.009,0.009,0.086,0.003,0.01,0.001,0.255,0.279,0.151,0.001,0.0,0.001,0.018,0.116,0.0,0.037,0.2,0.001,0.022,0.003,0.004,0.022,0.031,0.001,0.37,0.0,0.008,0.008,0.002,0.003,0.005,0.003,0.034,0.001,0.021,0.603,0.0,0.001
Maybrat,92,Papua Barat Daya,Papua,Kabupaten,0.034,0.005,0.08,0.003,0.01,0.006,0.012,0.057,0.17,0.053,0.061,0.028,0.01,0.022,0.015,0.036,0.128,0.178,0.0,0.0,0.001,0.024,0.0,0.0,0.001,0.0,0.0,0.0,0.001,0.0,0.001,0.041,0.086,0.0,0.0,0.025,0.0,0.019,0.0,0.0,0.11,0.0,0.0,0.018,0.155,0.0,0.14,0.068,0.0,0.005,0.0,0.0,0.005,0.0,0.0,0.011,0.0,0.0,0.062,0.032,0.0,0.0,0.0,0.005,0.291,0.087,0.124,0.051,0.009,0.073,0.001,0.103,0.16,0.021,0.034,0.739,0.315,0.004,0.052,0.633,0.027,0.115,0.168,0.08,0.389,0.003,0.46,0.042,0.052,0.997,0.406,0.137,0.0,0.029,0.008,0.001,1.161,0.001,0.021,0.001,0.0,0.034,0.311,7.649,0.408,0.089,0.011,0.0,0.0,0.004,0.422,0.517,0.218,0.035,0.001,0.0,0.032,0.079,0.0,0.041,0.17,0.007,0.126,0.013,0.015,0.084,0.095,0.006,0.203,0.007,0.008,0.008,0.005,0.003,0.009,0.005,0.17,0.0,0.052,1.259,0.0,0.006
Tambrauw,92,Papua Barat Daya,Papua,Kabupaten,0.004,0.001,0.008,0.012,0.044,0.004,0.014,0.138,0.088,0.045,0.181,0.007,0.001,0.001,0.0,0.014,0.06,0.115,0.0,0.001,0.0,0.049,0.0,0.0,0.001,0.0,0.005,0.009,0.037,0.001,0.0,0.036,0.047,0.0,0.0,0.015,0.013,0.043,0.026,0.0,0.015,0.0,0.0,0.035,0.0,0.0,0.023,0.006,0.004,0.017,0.0,0.0,0.001,0.0,0.0,0.007,0.02,0.0,0.0,0.014,0.0,0.002,0.0,0.003,0.114,0.009,0.264,0.01,0.001,0.037,0.003,0.068,0.193,0.009,0.048,0.636,0.84,0.0,0.175,1.019,0.123,0.592,0.187,0.049,0.275,0.016,0.078,0.023,0.04,1.003,0.014,0.157,0.002,0.072,0.053,0.0,1.254,0.001,0.014,0.0,0.0,0.015,0.783,10.053,0.24,0.222,0.013,0.0,0.001,0.0,0.407,0.422,0.17,0.002,0.0,0.0,0.049,0.146,0.0,0.037,0.161,0.002,0.057,0.003,0.021,0.065,0.064,0.02,0.154,0.0,0.011,0.031,0.002,0.008,0.002,0.011,0.061,0.0,0.027,0.88,0.0,0.0
Kota Sorong,92,Papua Barat Daya,Papua,Kota,0.002,0.008,0.038,0.015,0.015,0.008,0.025,0.062,0.044,0.024,0.113,0.018,0.018,0.051,0.002,0.004,0.135,0.009,0.004,0.0,0.003,0.002,0.0,0.0,0.003,0.0,0.006,0.001,0.101,0.013,0.0,0.065,0.0,0.002,0.001,0.002,0.02,0.102,0.012,0.002,0.254,0.0,0.002,0.002,0.001,0.0,0.002,0.0,0.0,0.076,0.001,0.0,0.009,0.012,0.081,0.022,0.06,0.0,0.071,0.063,0.0,0.0,0.0,0.017,0.343,0.597,0.319,0.105,0.062,0.056,0.176,0.159,0.326,0.076,0.053,1.982,0.359,0.006,0.098,1.414,0.254,0.29,0.233,0.042,0.344,0.008,0.86,0.241,0.066,0.759,0.292,0.148,0.038,0.052,0.406,0.03,1.505,0.003,0.03,0.001,0.001,0.046,0.081,9.041,0.135,0.766,0.01,0.011,0.152,0.013,0.566,0.584,0.064,0.008,0.001,0.018,0.032,0.088,0.0,0.061,0.158,0.006,0.03,0.053,0.008,0.02,0.076,0.005,0.026,0.009,0.067,0.048,0.017,0.027,0.018,0.053,0.055,0.06,0.059,1.815,0.001,0.011
Jayapura,94,Papua,Papua,Kabupaten,0.002,0.008,0.097,0.001,0.02,0.009,0.038,0.094,0.08,0.033,0.092,0.03,0.007,0.027,0.011,0.011,0.156,0.04,0.01,0.001,0.007,0.008,0.002,0.0,0.004,0.0,0.003,0.0,0.03,0.001,0.003,0.086,0.029,0.005,0.0,0.081,0.026,0.045,0.001,0.005,0.106,0.003,0.001,0.014,0.001,0.0,0.125,0.013,0.0,0.019,0.0,0.0,0.006,0.001,0.007,0.02,0.019,0.0,0.026,0.047,0.0,0.0,0.004,0.002,0.296,0.3,0.39,0.09,0.039,0.098,0.351,0.129,0.584,0.087,0.093,1.364,0.538,0.005,0.169,1.719,0.334,0.246,0.303,0.048,0.517,0.038,0.16,0.092,0.45,0.972,0.424,0.172,0.039,0.426,0.205,0.058,1.186,0.001,0.02,0.002,0.001,0.036,0.512,7.478,0.75,1.884,0.038,0.011,0.115,0.05,0.543,0.544,0.143,0.012,0.002,0.013,0.05,0.114,0.0,0.07,0.217,0.009,0.062,0.014,0.014,0.044,0.053,0.021,0.059,0.016,0.045,0.042,0.01,0.03,0.01,0.036,0.097,0.004,0.046,1.681,0.001,0.036
Kepulauan Yapen,94,Papua,Papua,Kabupaten,0.001,0.001,0.012,0.024,0.123,0.001,0.032,0.085,0.039,0.04,0.09,0.019,0.004,0.002,0.017,0.004,0.07,0.02,0.001,0.0,0.001,0.003,0.0,0.0,0.004,0.0,0.035,0.0,0.191,0.018,0.0,0.094,0.001,0.0,0.016,0.019,0.008,0.073,0.03,0.008,0.171,0.008,0.014,0.001,0.0,0.0,0.003,0.0,0.0,0.025,0.0,0.002,0.077,0.004,0.038,0.017,0.026,0.0,0.118,0.024,0.0,0.0,0.0,0.006,0.196,0.125,0.179,0.088,0.026,0.059,0.017,0.055,0.22,0.054,0.386,1.477,0.249,0.02,0.327,3.63,0.678,0.129,0.166,0.049,0.582,0.103,0.14,0.141,0.511,0.96,0.562,0.081,0.025,0.389,0.013,0.021,1.333,0.002,0.031,0.0,0.0,0.054,0.312,6.6,0.879,1.457,0.103,0.006,0.025,0.008,0.491,0.637,0.158,0.012,0.002,0.015,0.03,0.108,0.0,0.064,0.209,0.003,0.033,0.023,0.016,0.02,0.038,0.01,0.077,0.008,0.071,0.01,0.004,0.012,0.006,0.001,0.083,0.0,0.017,1.099,0.0,0.0
Biak Numfor,94,Papua,Papua,Kabupaten,0.003,0.004,0.011,0.0,0.014,0.003,0.02,0.05,0.097,0.022,0.056,0.002,0.0,0.016,0.03,0.006,0.075,0.018,0.003,0.0,0.003,0.001,0.0,0.0,0.004,0.0,0.045,0.0,0.171,0.009,0.0,0.137,0.002,0.0,0.002,0.025,0.0,0.095,0.087,0.001,0.027,0.006,0.0,0.002,0.0,0.0,0.0,0.0,0.0,0.022,0.0,0.001,0.007,0.0,0.004,0.0,0.017,0.0,0.01,0.06,0.0,0.0,0.0,0.004,0.149,0.343,0.1,0.039,0.014,0.032,0.036,0.05,0.207,0.02,0.059,0.982,0.258,0.004,0.042,0.95,0.121,0.182,0.143,0.044,0.251,0.009,0.147,0.049,0.051,0.556,0.218,0.031,0.021,0.048,0.018,0.011,1.456,0.0,0.006,0.0,0.0,0.028,6.432,5.745,0.176,0.433,0.054,0.013,0.043,0.006,0.518,0.56,0.059,0.009,0.003,0.02,0.056,0.129,0.0,0.028,0.142,0.005,0.027,0.014,0.008,0.037,0.034,0.015,0.088,0.003,0.023,0.037,0.005,0.015,0.009,0.017,0.054,0.009,0.049,1.09,0.0,0.0
Sarmi,94,Papua,Papua,Kabupaten,0.0,0.0,0.202,0.0,0.0,0.001,0.016,0.064,0.044,0.06,0.137,0.004,0.001,0.014,0.019,0.015,0.155,0.055,0.0,0.0,0.002,0.011,0.0,0.0,0.001,0.0,0.001,0.0,0.111,0.001,0.0,0.042,0.051,0.0,0.0,0.059,0.003,0.083,0.075,0.0,0.103,0.008,0.002,0.0,0.0,0.0,0.103,0.0,0.0,0.007,0.0,0.0,0.068,0.028,0.0,0.004,0.027,0.0,0.004,0.033,0.0,0.0,0.0,0.015,0.025,0.284,0.21,0.027,0.032,0.022,0.031,0.03,0.107,0.027,0.084,0.456,0.305,0.005,0.193,1.097,0.015,0.029,0.133,0.026,0.103,0.006,0.125,0.045,0.124,0.224,0.138,0.023,0.012,0.096,0.007,0.01,1.472,0.0,0.011,0.0,0.0,0.01,0.911,11.118,0.651,2.127,0.0,0.002,0.039,0.005,0.327,0.373,0.075,0.008,0.001,0.008,0.024,0.089,0.0,0.037,0.179,0.001,0.025,0.014,0.001,0.005,0.042,0.005,0.032,0.005,0.044,0.013,0.009,0.006,0.01,0.008,0.054,0.0,0.074,1.305,0.0,0.0
Keerom,94,Papua,Papua,Kabupaten,0.002,0.004,0.04,0.005,0.007,0.027,0.11,0.041,0.11,0.021,0.282,0.042,0.012,0.027,0.009,0.034,0.113,0.024,0.02,0.0,0.014,0.014,0.003,0.0,0.001,0.0,0.0,0.0,0.045,0.0,0.0,0.089,0.017,0.0,0.0,0.098,0.011,0.011,0.005,0.1,0.104,0.0,0.0,0.032,0.001,0.0,0.054,0.003,0.0,0.002,0.001,0.0,0.0,0.001,0.005,0.008,0.049,0.0,0.039,0.03,0.0,0.0,0.002,0.0,0.099,0.528,0.172,0.023,0.009,0.039,0.083,0.067,0.111,0.077,0.014,0.845,0.343,0.017,0.017,1.012,0.046,0.078,0.22,0.012,0.086,0.0,0.103,0.023,0.019,0.498,0.457,0.056,0.017,0.053,0.051,0.026,1.44,0.004,0.066,0.002,0.0,0.059,0.433,17.352,1.557,1.569,0.081,0.014,0.108,0.0,0.578,0.778,0.154,0.012,0.001,0.012,0.047,0.116,0.001,0.056,0.14,0.017,0.056,0.02,0.017,0.043,0.046,0.013,0.11,0.006,0.053,0.049,0.008,0.004,0.008,0.025,0.052,0.001,0.011,1.578,0.001,0.016
Waropen,94,Papua,Papua,Kabupaten,0.001,0.002,0.038,0.0,0.002,0.004,0.009,0.013,0.051,0.031,0.109,0.002,0.018,0.001,0.014,0.013,0.031,0.034,0.0,0.0,0.002,0.006,0.0,0.0,0.009,0.002,0.0,0.0,0.121,0.001,0.0,0.048,0.049,0.002,0.001,0.001,0.025,0.023,0.024,0.0,0.098,0.036,0.055,0.053,0.0,0.0,0.024,0.0,0.0,0.002,0.0,0.0,0.045,0.0,0.003,0.0,0.004,0.0,0.002,0.003,0.0,0.0,0.0,0.04,0.075,0.12,0.12,0.002,0.004,0.033,0.002,0.018,0.097,0.021,0.001,0.329,0.284,0.012,0.129,0.814,0.032,0.115,0.078,0.012,0.046,0.024,0.039,0.031,0.004,0.637,0.168,0.031,0.003,0.008,0.0,0.002,1.288,0.0,0.003,0.0,0.0,0.019,0.774,5.237,0.099,0.445,0.085,0.0,0.023,0.0,0.419,0.434,0.105,0.003,0.001,0.002,0.022,0.108,0.0,0.052,0.154,0.002,0.02,0.005,0.015,0.019,0.015,0.006,0.01,0.002,0.052,0.011,0.001,0.01,0.006,0.0,0.058,0.006,0.017,0.876,0.0,0.0
Supiori,94,Papua,Papua,Kabupaten,0.006,0.003,0.0,0.002,0.025,0.001,0.004,0.023,0.02,0.05,0.056,0.002,0.007,0.003,0.003,0.008,0.044,0.023,0.0,0.0,0.001,0.0,0.0,0.0,0.0,0.0,0.036,0.0,0.199,0.009,0.001,0.392,0.001,0.0,0.001,0.018,0.01,0.474,0.031,0.0,0.013,0.038,0.053,0.002,0.0,0.0,0.0,0.0,0.001,0.002,0.0,0.0,0.003,0.005,0.004,0.002,0.092,0.0,0.008,0.029,0.0,0.001,0.0,0.001,0.064,0.062,0.03,0.003,0.001,0.062,0.0,0.009,0.047,0.004,0.001,0.425,0.412,0.002,0.13,1.331,0.015,0.221,0.063,0.019,0.147,0.004,0.049,0.046,0.0,0.431,0.166,0.017,0.0,0.005,0.001,0.002,1.504,0.0,0.008,0.0,0.0,0.046,0.727,2.777,0.787,0.371,0.104,0.001,0.025,0.002,0.307,0.325,0.135,0.01,0.001,0.015,0.036,0.237,0.0,0.063,0.234,0.005,0.01,0.024,0.043,0.098,0.013,0.028,0.06,0.006,0.015,0.02,0.007,0.004,0.001,0.01,0.068,0.002,0.05,0.71,0.0,0.0
Mamberamo Raya,94,Papua,Papua,Kabupaten,0.0,0.0,0.02,0.0,0.001,0.003,0.0,0.0,0.026,0.116,0.517,0.011,0.001,0.0,0.0,0.04,0.039,0.102,0.0,0.0,0.001,0.028,0.0,0.0,0.001,0.0,0.0,0.0,0.139,0.002,0.0,0.149,0.024,0.0,0.0,0.014,0.0,0.157,0.195,0.0,0.011,0.058,0.018,0.084,0.004,0.0,0.599,0.018,0.062,0.01,0.0,0.0,0.059,0.0,0.0,0.0,0.02,0.0,0.0,0.015,0.002,0.002,0.0,0.02,0.035,0.021,0.034,0.017,0.002,0.004,0.0,0.002,0.0,0.0,0.539,0.285,0.388,0.011,0.013,1.11,0.043,0.079,0.0,0.055,0.358,0.0,0.0,0.049,0.548,0.168,0.587,0.018,0.0,0.065,0.003,0.0,1.031,0.0,0.0,0.0,0.0,0.0,1.47,8.006,0.0,0.0,0.043,0.0,0.0,0.0,0.193,0.219,0.039,0.0,0.001,0.011,0.005,0.191,0.0,0.064,0.301,0.002,0.002,0.008,0.025,0.035,0.003,0.0,0.1,0.0,0.015,0.009,0.0,0.003,0.002,0.004,0.036,0.0,0.048,0.325,0.0,0.0
Kota Jayapura,94,Papua,Papua,Kota,0.003,0.011,0.027,0.0,0.003,0.009,0.057,0.071,0.078,0.048,0.065,0.014,0.013,0.041,0.014,0.005,0.169,0.013,0.011,0.0,0.007,0.001,0.0,0.0,0.005,0.004,0.007,0.001,0.071,0.002,0.0,0.074,0.001,0.0,0.001,0.042,0.01,0.009,0.008,0.003,0.074,0.0,0.002,0.007,0.001,0.0,0.046,0.001,0.0,0.001,0.0,0.0,0.009,0.004,0.011,0.004,0.028,0.0,0.042,0.142,0.0,0.002,0.0,0.004,0.313,0.376,0.233,0.113,0.081,0.117,0.296,0.148,0.215,0.067,0.062,1.313,0.295,0.013,0.175,1.026,0.127,0.199,0.349,0.036,0.226,0.012,0.296,0.149,0.101,0.655,0.438,0.093,0.093,0.065,0.099,0.087,1.218,0.0,0.013,0.001,0.0,0.025,0.199,7.207,0.329,1.457,0.016,0.021,0.162,0.013,0.486,0.559,0.096,0.014,0.002,0.013,0.041,0.031,0.0,0.039,0.185,0.006,0.042,0.014,0.005,0.014,0.061,0.016,0.028,0.011,0.041,0.039,0.015,0.024,0.019,0.058,0.052,0.011,0.023,2.055,0.0,0.004
Merauke,93,Papua Selatan,Papua,Kabupaten,0.002,0.002,0.009,0.002,0.123,0.004,0.004,0.005,0.015,0.034,0.135,0.269,0.005,0.003,0.003,0.006,0.112,0.123,0.004,0.0,0.004,0.012,0.0,0.0,0.011,0.002,0.0,0.001,0.005,0.0,0.0,0.002,0.112,0.0,0.023,0.086,0.028,0.076,0.038,0.0,0.083,0.0,0.0,0.034,0.004,0.0,0.207,0.008,0.0,0.0,0.0,0.0,0.0,0.0,0.002,0.01,0.006,0.0,0.0,0.002,0.0,0.0,0.001,0.005,0.163,0.238,0.134,0.037,0.016,0.035,0.01,0.026,0.037,0.037,0.028,0.608,0.18,0.001,0.095,1.121,0.217,0.147,0.052,0.004,0.068,0.0,0.136,0.051,0.064,1.075,0.512,0.043,0.007,0.019,0.041,0.018,1.033,0.001,0.007,0.001,0.003,0.011,0.194,9.441,0.292,1.031,0.097,0.002,0.022,0.017,0.339,0.354,0.103,0.005,0.002,0.007,0.031,0.142,0.0,0.049,0.146,0.006,0.02,0.017,0.022,0.059,0.038,0.004,0.12,0.003,0.023,0.028,0.006,0.01,0.01,0.006,0.057,0.0,0.03,0.822,0.0,0.007
Boven Digoel,93,Papua Selatan,Papua,Kabupaten,0.007,0.008,0.06,0.001,0.028,0.003,0.013,0.005,0.029,0.012,0.186,0.556,0.003,0.031,0.003,0.041,0.13,0.042,0.006,0.0,0.009,0.057,0.003,0.0,0.039,0.0,0.0,0.002,0.016,0.009,0.0,0.0,0.06,0.01,0.0,0.053,0.1,0.108,0.07,0.0,0.094,0.001,0.004,0.007,0.002,0.0,0.225,0.005,0.0,0.0,0.004,0.02,0.0,0.002,0.005,0.026,0.007,0.0,0.003,0.0,0.0,0.002,0.0,0.021,0.624,0.482,0.448,0.043,0.032,0.041,0.582,0.085,0.052,0.094,0.103,1.188,0.473,0.015,0.138,1.916,0.096,0.386,0.252,0.057,0.392,0.006,0.22,0.102,0.029,0.882,0.25,0.188,0.021,0.074,0.069,0.054,1.515,0.001,0.076,0.005,0.003,0.047,0.744,10.192,1.476,2.067,0.294,0.0,0.04,0.011,0.433,0.493,0.105,0.01,0.005,0.012,0.07,0.128,0.005,0.075,0.18,0.012,0.055,0.06,0.009,0.035,0.072,0.003,0.088,0.029,0.114,0.013,0.011,0.021,0.013,0.094,0.077,0.004,0.034,1.328,0.023,0.002
Mappi,93,Papua Selatan,Papua,Kabupaten,0.0,0.002,0.005,0.0,0.015,0.007,0.011,0.018,0.021,0.013,0.088,0.063,0.0,0.001,0.0,0.016,0.036,0.07,0.001,0.0,0.0,0.048,0.0,0.0,0.006,0.0,0.0,0.019,0.001,0.001,0.0,0.003,0.149,0.001,0.021,0.021,0.002,0.117,0.059,0.001,0.071,0.0,0.002,0.01,0.001,0.0,0.079,0.014,0.001,0.0,0.0,0.0,0.0,0.0,0.0,0.0,0.0,0.0,0.0,0.0,0.0,0.0,0.0,0.012,0.166,0.047,0.253,0.01,0.004,0.004,0.001,0.002,0.015,0.016,0.001,0.391,0.402,0.002,0.025,0.785,0.038,0.101,0.051,0.01,0.039,0.0,0.104,0.008,0.023,0.426,0.248,0.027,0.002,0.018,0.0,0.0,1.002,0.001,0.004,0.001,0.0,0.013,0.117,4.421,0.343,1.409,0.224,0.0,0.0,0.001,0.326,0.33,0.03,0.001,0.002,0.001,0.016,0.15,0.0,0.028,0.105,0.002,0.012,0.006,0.04,0.04,0.021,0.003,0.032,0.001,0.015,0.007,0.002,0.016,0.007,0.002,0.031,0.0,0.023,0.725,0.005,0.0
Asmat,93,Papua Selatan,Papua,Kabupaten,0.001,0.004,0.033,0.0,0.004,0.012,0.004,0.01,0.027,0.012,0.171,0.018,0.001,0.002,0.001,0.004,0.06,0.055,0.0,0.0,0.0,0.012,0.0,0.0,0.039,0.0,0.002,0.01,0.009,0.001,0.0,0.028,0.137,0.0,0.017,0.069,0.009,0.193,0.118,0.0,0.014,0.007,0.02,0.021,0.0,0.0,0.027,0.002,0.0,0.0,0.0,0.0,0.0,0.0,0.0,0.0,0.003,0.0,0.0,0.003,0.0,0.004,0.0,0.063,0.546,0.025,0.348,0.002,0.0,0.0,0.019,0.007,0.161,0.002,0.013,0.352,0.29,0.001,0.244,2.811,0.014,0.211,0.036,0.016,0.165,0.0,0.057,0.016,0.002,1.068,0.249,0.166,0.006,0.002,0.004,0.004,0.882,0.001,0.0,0.0,0.0,0.007,0.105,7.666,0.027,0.15,0.093,0.0,0.001,0.006,0.263,0.285,0.066,0.002,0.0,0.004,0.009,0.214,0.0,0.028,0.18,0.005,0.014,0.006,0.005,0.008,0.019,0.002,0.036,0.0,0.011,0.012,0.001,0.013,0.011,0.005,0.042,0.0,0.004,0.808,0.0,0.0
Mimika,95,Papua Tengah,Papua,Kabupaten,0.008,0.018,0.013,0.001,0.003,0.011,0.033,0.038,0.07,0.016,0.076,0.006,0.029,0.053,0.005,0.002,0.195,0.008,0.004,0.0,0.008,0.001,0.0,0.0,0.022,0.0,0.0,0.035,0.063,0.009,0.0,0.052,0.005,0.0,0.001,0.002,0.003,0.025,0.066,0.0,0.152,0.003,0.007,0.009,0.0,0.0,0.024,0.002,0.0,0.002,0.0,0.0,0.003,0.002,0.005,0.016,0.016,0.0,0.015,0.008,0.0,0.001,0.0,0.02,0.325,0.575,0.399,0.04,0.025,0.043,0.008,0.154,0.294,0.076,0.028,0.986,0.352,0.026,0.23,1.747,0.12,0.105,0.32,0.057,0.377,0.0,0.356,0.155,0.035,0.89,0.496,0.142,0.045,0.038,0.057,0.053,1.281,0.0,0.026,0.001,0.0,0.029,0.011,11.836,1.081,1.148,0.0,0.017,0.049,0.005,0.543,0.6,0.111,0.011,0.002,0.02,0.057,0.105,0.0,0.033,0.152,0.018,0.04,0.028,0.016,0.01,0.06,0.008,0.008,0.01,0.025,0.033,0.023,0.025,0.015,0.063,0.038,0.0,0.018,1.674,0.0,0.002
Dogiyai,95,Papua Tengah,Papua,Kabupaten,0.02,0.0,0.166,0.0,0.0,0.022,0.114,0.029,0.038,0.227,0.075,0.0,0.001,0.0,0.004,0.067,0.108,0.117,0.0,0.0,0.007,0.003,0.0,0.0,0.004,0.0,0.0,0.0,0.0,0.0,0.0,0.013,0.086,0.0,0.0,0.081,0.0,0.008,0.0,0.0,0.007,0.023,0.0,0.011,0.04,0.0,0.137,0.035,0.0,0.0,0.0,0.0,0.0,0.0,0.0,0.005,0.0,0.0,0.005,0.0,0.0,0.01,0.0,0.0,0.068,0.006,0.103,0.025,0.0,0.004,0.0,0.005,0.209,0.01,0.0,1.033,0.106,0.002,0.002,0.982,0.015,0.025,0.05,0.254,0.173,0.0,0.32,0.15,0.007,0.657,0.0,0.191,0.006,0.001,0.0,0.117,0.997,0.0,0.089,0.0,0.0,0.003,0.003,1.942,0.032,1.194,0.089,0.0,0.0,0.0,0.364,0.435,0.164,0.053,0.0,0.005,0.024,0.099,0.0,0.075,0.048,0.223,0.244,0.052,0.006,0.002,0.129,0.12,0.157,0.001,0.009,0.049,0.045,0.0,0.0,0.0,0.092,0.0,0.217,1.111,0.0,0.0
Deiyai,95,Papua Tengah,Papua,Kabupaten,0.0,0.0,0.049,0.0,0.0,0.005,0.123,0.001,0.001,0.02,0.022,0.0,0.0,0.0,0.0,0.0,0.27,0.186,0.0,0.0,0.001,0.0,0.0,0.0,0.0,0.0,0.0,0.0,0.007,0.0,0.0,0.014,0.0,0.0,0.0,0.209,0.0,0.0,0.0,0.0,0.002,0.0,0.0,0.037,0.004,0.0,0.188,0.006,0.0,0.0,0.0,0.0,0.0,0.0,0.001,0.002,0.0,0.0,0.0,0.0,0.0,0.0,0.0,0.0,0.0,0.005,0.0,0.001,0.0,0.0,0.0,0.0,0.0,0.0,0.0,0.063,0.088,0.0,0.0,0.075,0.0,0.0,0.0,0.0,0.003,0.0,0.005,0.0,0.003,0.085,0.038,0.0,0.0,0.0,0.0,0.0,0.896,0.0,0.002,0.001,0.0,0.027,0.0,1.056,0.255,0.427,0.0,0.0,0.014,0.005,0.417,0.432,0.198,0.095,0.0,0.012,0.082,0.092,0.0,0.014,0.025,0.107,0.147,0.011,0.0,0.0,0.009,0.156,0.046,0.001,0.045,0.054,0.18,0.0,0.0,0.007,0.042,0.0,0.0,1.544,0.0,0.0
Nabire,95,Papua Tengah,Papua,Kabupaten,0.002,0.012,0.01,0.001,0.0,0.004,0.066,0.051,0.069,0.062,0.099,0.002,0.015,0.051,0.001,0.022,0.115,0.031,0.006,0.003,0.002,0.004,0.001,0.001,0.01,0.0,0.003,0.0,0.051,0.008,0.0,0.078,0.015,0.0,0.0,0.058,0.022,0.045,0.011,0.014,0.155,0.0,0.002,0.012,0.001,0.0,0.021,0.006,0.0,0.003,0.004,0.0,0.014,0.0,0.033,0.031,0.007,0.0,0.012,0.024,0.0,0.0,0.0,0.005,0.214,0.461,0.321,0.011,0.043,0.047,0.25,0.069,0.52,0.088,0.013,1.302,0.178,0.012,0.058,2.575,1.349,0.204,0.263,0.015,0.212,0.0,0.29,0.052,0.007,0.754,0.157,0.087,0.01,0.071,0.008,0.026,1.463,0.001,0.041,0.001,0.0,0.065,0.231,9.244,0.587,2.069,0.002,0.038,0.181,0.001,0.51,0.582,0.124,0.012,0.005,0.009,0.082,0.132,0.0,0.069,0.174,0.013,0.024,0.028,0.018,0.038,0.065,0.011,0.038,0.005,0.067,0.027,0.012,0.012,0.007,0.041,0.077,0.003,0.031,1.628,0.0,0.006
Paniai,95,Papua Tengah,Papua,Kabupaten,0.001,0.0,0.015,0.0,0.0,0.003,0.109,0.0,0.001,0.011,0.015,0.0,0.0,0.002,0.0,0.002,0.247,0.151,0.0,0.0,0.0,0.0,0.0,0.0,0.0,0.0,0.0,0.0,0.002,0.0,0.0,0.008,0.001,0.0,0.0,0.528,0.0,0.0,0.0,0.0,0.0,0.0,0.0,0.033,0.003,0.0,0.061,0.006,0.0,0.0,0.0,0.0,0.0,0.0,0.0,0.0,0.0,0.0,0.0,0.0,0.0,0.001,0.0,0.0,0.0,0.004,0.001,0.001,0.0,0.0,0.0,0.0,0.0,0.0,0.0,0.038,0.034,0.0,0.0,0.075,0.0,0.0,0.0,0.001,0.001,0.0,0.001,0.0,0.001,0.038,0.01,0.002,0.0,0.0,0.0,0.0,0.893,0.0,0.008,0.0,0.0,0.054,0.0,1.144,0.647,0.254,0.0,0.0,0.004,0.003,0.417,0.442,0.173,0.096,0.001,0.022,0.085,0.097,0.0,0.007,0.012,0.117,0.109,0.005,0.0,0.0,0.034,0.18,0.026,0.001,0.029,0.063,0.163,0.0,0.0,0.0,0.123,0.0,0.0,1.46,0.0,0.0
Intan Jaya,95,Papua Tengah,Papua,Kabupaten,0.0,0.0,0.063,0.0,0.0,0.006,0.126,0.002,0.006,0.026,0.014,0.0,0.0,0.003,0.0,0.01,0.215,0.16,0.0,0.001,0.0,0.0,0.0,0.0,0.0,0.0,0.0,0.0,0.0,0.0,0.0,0.006,0.0,0.0,0.0,0.714,0.0,0.0,0.0,0.0,0.0,0.0,0.0,0.036,0.0,0.0,0.05,0.0,0.0,0.0,0.0,0.0,0.0,0.0,0.0,0.0,0.0,0.0,0.0,0.0,0.0,0.0,0.0,0.0,0.0,0.0,0.0,0.002,0.0,0.0,0.0,0.0,0.0,0.0,0.0,0.036,0.021,0.0,0.0,0.037,0.0,0.001,0.0,0.0,0.002,0.0,0.003,0.0,0.001,0.05,0.011,0.0,0.0,0.001,0.0,0.0,0.922,0.0,0.011,0.001,0.0,0.006,0.515,1.385,0.751,0.192,0.0,0.0,0.002,0.005,0.375,0.386,0.224,0.12,0.001,0.013,0.067,0.087,0.0,0.008,0.031,0.147,0.156,0.007,0.0,0.0,0.052,0.197,0.076,0.001,0.019,0.063,0.154,0.0,0.0,0.0,0.118,0.0,0.0,1.457,0.0,0.0
Puncak,95,Papua Tengah,Papua,Kabupaten,0.033,0.0,0.0,0.0,0.0,0.001,0.026,0.0,0.0,0.0,0.025,0.0,0.0,0.0,0.0,0.0,0.125,0.055,0.0,0.0,0.0,0.0,0.0,0.0,0.0,0.0,0.0,0.0,0.0,0.0,0.0,0.0,0.0,0.0,0.0,0.0,0.0,0.0,0.0,0.0,0.002,0.0,0.0,0.0,0.0,0.0,0.0,0.0,0.0,0.0,0.0,0.0,0.0,0.0,0.0,0.0,0.0,0.0,0.0,0.0,0.0,0.0,0.0,0.0,0.0,0.001,0.0,0.0,0.0,0.0,0.0,0.0,0.0,0.0,0.0,0.038,0.13,0.0,0.0,2.528,0.0,0.0,0.0,0.0,0.0,0.0,0.0,0.002,0.0,0.219,0.0,0.0,0.0,0.0,0.0,0.001,0.187,0.0,0.0,0.0,0.0,0.0,0.0,5.913,0.0,0.0,0.0,0.0,0.0,0.0,0.828,1.027,0.0,0.086,0.01,0.0,0.079,0.042,0.0,0.0,0.087,0.086,0.086,0.0,0.0,0.0,0.0,0.086,0.0,0.0,0.0,0.0,0.086,0.0,0.0,0.001,0.194,0.0,0.0,1.053,0.0,0.0
Puncak Jaya,95,Papua Tengah,Papua,Kabupaten,0.038,0.0,0.045,0.0,0.0,0.006,0.072,0.012,0.101,0.063,0.155,0.001,0.003,0.001,0.033,0.017,0.175,0.193,0.0,0.0,0.001,0.0,0.0,0.0,0.002,0.0,0.0,0.0,0.003,0.0,0.0,0.034,0.0,0.001,0.0,0.284,0.004,0.0,0.0,0.0,0.021,0.0,0.0,0.0,0.0,0.0,0.039,0.008,0.0,0.002,0.0,0.0,0.0,0.0,0.0,0.0,0.001,0.0,0.0,0.0,0.0,0.0,0.0,0.0,0.004,0.004,0.306,0.006,0.0,0.0,0.0,0.0,0.011,0.0,0.0,0.007,0.253,0.0,0.01,2.076,0.011,0.053,0.009,0.016,0.025,0.001,0.001,0.006,0.005,0.042,0.005,0.003,0.0,0.0,0.0,0.001,1.202,0.0,0.008,0.0,0.0,0.001,0.525,7.976,3.902,0.061,0.012,0.0,0.002,0.0,0.235,0.325,0.191,0.066,0.003,0.001,0.086,0.087,0.001,0.045,0.139,0.056,0.71,0.047,0.007,0.065,0.078,0.104,1.067,0.016,0.024,0.048,0.057,0.0,0.009,0.001,0.269,0.0,0.073,0.6,0.001,0.001
Nduga,96,Papua Pegunungan,Papua,Kabupaten,0.002,0.0,0.005,0.0,0.0,0.0,0.025,0.0,0.001,0.013,0.151,0.0,0.002,0.001,0.011,0.016,0.016,0.092,0.0,0.0,0.0,0.026,0.0,0.0,0.0,0.0,0.0,0.002,0.0,0.0,0.0,0.0,0.004,0.0,0.002,0.167,0.001,0.001,0.0,0.0,0.003,0.0,0.0,0.003,0.0,0.0,0.006,0.0,0.0,0.0,0.0,0.0,0.0,0.0,0.0,0.0,0.0,0.0,0.0,0.0,0.002,0.01,0.0,0.001,0.0,0.0,0.022,0.0,0.0,0.004,0.0,0.0,0.0,0.002,0.0,0.149,0.218,0.0,0.091,0.211,0.023,0.055,0.007,0.019,0.026,0.0,0.001,0.007,0.005,0.018,0.006,0.003,0.0,0.0,0.001,0.0,0.407,0.0,0.083,0.001,0.0,0.0,0.083,0.303,2.494,0.039,0.081,0.0,0.006,0.007,0.363,0.435,0.168,0.055,0.001,0.001,0.049,0.148,0.0,0.034,0.051,0.112,0.256,0.052,0.0,0.001,0.116,0.041,0.481,0.003,0.001,0.124,0.026,0.0,0.002,0.001,0.056,0.0,0.286,0.264,0.001,0.0
Jayawijaya,96,Papua Pegunungan,Papua,Kabupaten,0.03,0.002,0.009,0.001,0.005,0.004,0.079,0.0,0.005,0.038,0.129,0.019,0.0,0.0,0.004,0.004,0.107,0.061,0.006,0.0,0.004,0.007,0.0,0.0,0.006,0.0,0.01,0.006,0.001,0.001,0.002,0.033,0.001,0.0,0.0,0.15,0.003,0.0,0.0,0.0,0.026,0.0,0.0,0.022,0.011,0.0,0.059,0.001,0.0,0.001,0.0,0.0,0.0,0.0,0.012,0.002,0.006,0.0,0.0,0.022,0.0,0.002,0.0,0.004,0.041,0.135,0.036,0.022,0.002,0.008,0.048,0.005,0.005,0.022,0.001,0.171,0.088,0.003,0.01,0.76,0.01,0.037,0.045,0.028,0.115,0.0,0.062,0.012,0.062,0.103,0.116,0.021,0.003,0.018,0.005,0.004,1.213,0.001,0.048,0.0,0.0,0.007,0.233,5.142,0.934,0.033,0.001,0.001,0.015,0.003,0.469,0.568,0.082,0.032,0.0,0.007,0.032,0.034,0.0,0.015,0.051,0.161,0.21,0.05,0.0,0.0,0.057,0.11,0.234,0.006,0.017,0.073,0.053,0.003,0.001,0.001,0.038,0.0,0.079,0.881,0.0,0.025
Lanny Jaya,96,Papua Pegunungan,Papua,Kabupaten,0.048,0.0,0.006,0.0,0.0,0.006,0.014,0.0,0.0,0.004,0.28,0.0,0.0,0.0,0.0,0.002,0.094,0.048,0.0,0.0,0.0,0.007,0.0,0.0,0.0,0.0,0.0,0.0,0.0,0.0,0.0,0.0,0.0,0.0,0.0,0.54,0.003,0.0,0.0,0.0,0.002,0.0,0.0,0.0,0.0,0.0,0.0,0.0,0.0,0.0,0.0,0.0,0.0,0.0,0.0,0.0,0.0,0.0,0.0,0.0,0.001,0.006,0.0,0.0,0.001,0.003,0.215,0.005,0.0,0.0,0.0,0.0,0.0,0.0,0.0,0.01,2.155,0.0,0.0,0.031,0.0,0.0,0.0,0.0,0.0,0.0,0.0,0.0,0.0,0.004,0.001,0.025,0.0,0.0,0.001,0.0,1.688,0.0,0.375,0.0,0.0,0.001,0.376,15.253,0.158,0.0,0.003,0.0,0.0,0.0,0.55,0.84,0.336,0.114,0.001,0.0,0.069,0.011,0.001,0.009,0.006,0.394,0.383,0.135,0.0,0.0,0.286,0.293,0.539,0.0,0.0,0.269,0.047,0.0,0.004,0.002,0.122,0.0,0.021,1.603,0.0,0.0
Tolikara,96,Papua Pegunungan,Papua,Kabupaten,0.023,0.0,0.041,0.0,0.0,0.009,0.061,0.003,0.017,0.046,0.02,0.0,0.0,0.0,0.002,0.02,0.066,0.023,0.0,0.0,0.0,0.0,0.0,0.0,0.0,0.0,0.0,0.0,0.0,0.0,0.0,0.0,0.0,0.0,0.0,0.089,0.0,0.0,0.0,0.0,0.0,0.0,0.0,0.0,0.001,0.0,0.005,0.0,0.0,0.0,0.0,0.0,0.0,0.0,0.0,0.001,0.0,0.0,0.0,0.0,0.0,0.0,0.0,0.0,0.001,0.0,0.0,0.002,0.0,0.0,0.0,0.0,0.0,0.0,0.0,0.067,0.074,0.0,0.001,0.062,0.0,0.023,0.0,0.0,0.005,0.0,0.043,0.004,0.002,0.004,0.0,0.004,0.0,0.002,0.0,0.0,1.138,0.0,0.161,0.0,0.0,0.0,0.02,1.629,0.164,0.455,0.001,0.0,0.0,0.005,0.268,0.317,0.097,0.036,0.001,0.002,0.036,0.099,0.0,0.008,0.052,0.133,0.114,0.033,0.01,0.0,0.079,0.088,0.325,0.001,0.009,0.023,0.057,0.0,0.0,0.013,0.063,0.0,0.093,0.473,0.0,0.0
Mamberamo Tengah,96,Papua Pegunungan,Papua,Kabupaten,0.0,0.0,0.02,0.0,0.0,0.0,0.321,0.006,0.0,0.007,0.382,0.0,0.0,0.0,0.0,0.005,0.006,0.184,0.0,0.002,0.001,0.0,0.0,0.0,0.0,0.0,0.0,0.0,0.0,0.0,0.0,0.0,0.0,0.0,0.0,0.062,0.003,0.0,0.0,0.0,0.0,0.0,0.0,0.0,0.0,0.0,0.0,0.001,0.0,0.0,0.0,0.0,0.0,0.0,0.0,0.0,0.0,0.0,0.0,0.0,0.0,0.0,0.0,0.0,0.0,0.0,0.0,0.0,0.001,0.0,0.0,0.0,0.0,0.001,0.002,0.04,0.021,0.0,0.0,0.035,0.0,0.0,0.002,0.0,0.0,0.0,0.019,0.007,0.0,0.0,0.007,0.0,0.0,0.0,0.001,0.0,0.44,0.001,0.265,0.001,0.0,0.0,0.359,2.447,0.743,0.0,0.023,0.0,0.0,0.003,0.412,0.443,0.363,0.003,0.001,0.0,0.064,0.062,0.0,0.006,0.002,0.481,0.261,0.252,0.0,0.0,0.27,0.39,0.562,0.003,0.0,0.164,0.011,0.007,0.0,0.002,0.012,0.0,0.048,0.031,0.0,0.0
Yalimo,96,Papua Pegunungan,Papua,Kabupaten,0.003,0.0,0.049,0.0,0.0,0.001,0.103,0.002,0.026,0.086,0.102,0.0,0.0,0.0,0.0,0.008,0.14,0.146,0.0,0.0,0.006,0.0,0.0,0.0,0.001,0.002,0.0,0.0,0.0,0.0,0.0,0.006,0.015,0.001,0.0,0.534,0.002,0.0,0.003,0.0,0.002,0.003,0.0,0.029,0.003,0.0,0.06,0.016,0.0,0.0,0.0,0.0,0.0,0.001,0.0,0.005,0.0,0.0,0.0,0.013,0.0,0.0,0.0,0.0,0.006,0.0,0.022,0.0,0.0,0.0,0.0,0.056,0.001,0.007,0.0,0.007,0.347,0.0,0.039,0.503,0.12,0.046,0.0,0.135,0.349,0.0,0.213,0.017,0.003,0.279,0.023,0.021,0.0,0.0,0.004,0.0,1.122,0.0,0.089,0.0,0.0,0.0,0.09,7.239,0.524,0.714,0.037,0.0,0.001,0.001,0.566,0.766,0.084,0.211,0.0,0.0,0.073,0.127,0.0,0.243,0.087,0.259,0.296,0.021,0.0,0.0,0.028,0.047,0.636,0.007,0.01,0.026,0.006,0.001,0.0,0.001,0.161,0.0,0.203,1.624,0.001,0.0
Yahukimo,96,Papua Pegunungan,Papua,Kabupaten,0.049,0.0,0.173,0.0,0.0,0.0,0.016,0.0,0.111,0.177,0.216,0.0,0.0,0.018,0.001,0.123,0.019,0.081,0.0,0.0,0.001,0.036,0.0,0.0,0.0,0.0,0.0,0.0,0.0,0.003,0.0,0.007,0.005,0.0,0.0,0.029,0.0,0.0,0.0,0.0,0.0,0.0,0.0,0.0,0.009,0.0,0.031,0.004,0.0,0.0,0.0,0.0,0.0,0.0,0.0,0.0,0.0,0.0,0.0,0.0,0.0,0.0,0.0,0.0,0.01,0.021,0.0,0.0,0.0,0.002,0.0,0.001,0.004,0.003,0.0,0.005,0.008,0.0,0.0,0.079,0.006,0.008,0.006,0.0,0.003,0.0,0.01,0.002,0.0,0.013,0.002,0.0,0.0,0.004,0.0,0.0,0.447,0.0,0.025,0.0,0.0,0.0,0.031,0.232,0.0,0.0,0.031,0.0,0.0,0.0,0.152,0.197,0.189,0.084,0.001,0.001,0.008,0.249,0.0,0.02,0.069,0.146,0.287,0.088,0.0,0.01,0.058,0.074,0.679,0.002,0.024,0.027,0.049,0.0,0.002,0.0,0.002,0.0,0.212,0.098,0.001,0.0
Pegunungan Bintang,96,Papua Pegunungan,Papua,Kabupaten,0.027,0.0,0.031,0.0,0.0,0.0,0.003,0.0,0.014,0.152,0.153,0.0,0.001,0.0,0.0,0.049,0.13,0.214,0.0,0.0,0.0,0.015,0.0,0.0,0.0,0.0,0.0,0.0,0.0,0.0,0.0,0.009,0.0,0.0,0.0,0.157,0.0,0.022,0.0,0.0,0.019,0.0,0.0,0.006,0.001,0.0,0.188,0.003,0.0,0.0,0.0,0.0,0.0,0.0,0.0,0.0,0.0,0.0,0.0,0.002,0.0,0.0,0.0,0.0,0.009,0.001,0.022,0.007,0.0,0.0,0.0,0.0,0.012,0.002,0.005,0.008,0.667,0.0,0.042,0.334,0.008,0.297,0.002,0.026,0.068,0.0,0.033,0.003,0.007,0.15,0.014,0.004,0.0,0.001,0.0,0.007,0.55,0.0,0.002,0.0,0.0,0.0,0.353,3.236,0.0,0.0,0.011,0.0,0.0,0.0,0.128,0.285,0.072,0.062,0.0,0.001,0.01,0.19,0.0,0.023,0.023,0.066,0.388,0.007,0.0,0.018,0.041,0.084,0.233,0.0,0.014,0.025,0.01,0.001,0.003,0.0,0.054,0.0,0.157,0.715,0.0,0.02
